Código,Apartamento,Bairro,Zona,Quartos,Banheiros,Vagas,Metragem,Valor_da_Venda,valor_m2,media_valor_m2_bairro,media_valor_m2_zona
236759,Apartamento de 108m² com 03 suítes para locação e venda   Jardim Olhos d´agua,Jardim Olhos DAgua,Zona Sul,3,4,2,108.0,1000000.0,9259.25925925926,9706.16858313729,7019.92781217448
222119,Apartamento de 152m² com 03 suítes à venda   Nova Aliança,Nova Alianca,Zona Sul,3,5,2,152.0,1000000.0,6578.94736842105,7235.27815404702,7019.92781217448
217214,Apartamento de 109m² com 03 suítes à venda   Jardim Olhos D`Água,Plazas de Espana,Zona Sul,3,4,2,109.0,1000000.0,9174.3119266055,10740.3669724771,7019.92781217448
188555,Apartamento de 144m² com 03 suítes à venda   Jardim Botânico,Jardim Botanico,Zona Sul,3,5,2,144.0,1000000.0,6944.44444444444,7403.36272123417,7019.92781217448
152996,Apartamento de 117m² com 02 suítes á venda   Jardim Botânico,Jardim Botanico,Zona Sul,2,3,2,117.0,1000000.0,8547.00854700855,7403.36272123417,7019.92781217448
126275,Apartamento de 173m² com 03 quartos à venda   Centro,Centro,Centro,4,5,2,173.0,1000000.0,5780.34682080925,3969.0889863009,4114.37759196461
116618,Apartamento de 108m² com 03 suítes para locação e venda   Bosque das Juritis,Bosque das Juritis,Zona Sul,3,4,2,108.0,1000000.0,9259.25925925926,8028.33244392152,7019.92781217448
1475748,Apartamento de 135m² com 03 suítes à venda   Jardim Botânico,Jardim Botanico,Zona Sul,3,4,2,135.0,1000000.0,7407.40740740741,7403.36272123417,7019.92781217448
92237,Apartamento de 187m² com 04 quartos   Vila Seixas,Vila Seixas,Centro,5,5,3,187.0,1000000.0,5347.5935828877,4862.36131633665,4114.37759196461
69101,Apartamento de 143m² com 03 quartos à venda   Jardim Irajá,Jardim Iraja,Zona Sul,3,3,2,143.0,1000000.0,6993.00699300699,5843.60369977321,7019.92781217448
62645,Apartamento de 112m² com 03 quartos à venda   Bosque das Juritis,Bosque das Juritis,Zona Sul,3,3,2,112.0,1000000.0,8928.57142857143,8028.33244392152,7019.92781217448
210455,Apartamento de 369m² e 4 quartos à venda   Centro,Centro,Centro,4,6,3,369.0,1000000.0,2710.027100271,3969.0889863009,4114.37759196461
218282,Apartamento de 126m² com 03 suítes à venda   Residencial Alto do Ipê,Residencial Alto do Ipe,Zona Sul,3,4,3,126.0,1010000.0,8015.87301587302,8694.05961893228,7019.92781217448
224480,Apartamento de 126m² com 03 suítes à venda   Jardim Olhos D`Água,Jardim Olhos DAgua,Zona Sul,3,4,2,126.0,1012490.0,8035.63492063492,9706.16858313729,7019.92781217448
139007,Apartamento de 134m² com 04 quartos à venda   Jardim Olhos D`Água II,Jardim Olhos DAgua,Zona Sul,4,3,2,134.0,1013175.0,7561.00746268657,9706.16858313729,7019.92781217448
175982,Apartamento de 367m² com 04 quartos à venda  ,Centro,Centro,4,5,2,367.0,1015000.0,2765.66757493188,3969.0889863009,4114.37759196461
200219,Apartamento de 134m² com 03 quartos à venda   Jardim Olhos D`Água II,Jardim Olhos DAgua,Zona Sul,3,4,2,134.0,1026000.0,7656.71641791045,9706.16858313729,7019.92781217448
243743,Apartamento de 121m² com 03 suítes à venda   Nova Aliança,Nova Alianca,Zona Sul,3,4,2,121.0,1030000.0,8512.39669421488,7235.27815404702,7019.92781217448
224483,Apartamento de 126m² com 03 suítes à venda   Jardim Olhos D`Água,Jardim Olhos DAgua,Zona Sul,3,4,4,126.0,1038561.0,8242.54761904762,9706.16858313729,7019.92781217448
133931,Apartamento de 126m² com 03 suítes à venda   Jardim Botânico,Jardim Botanico,Zona Sul,3,4,2,126.0,1049000.0,8325.39682539683,7403.36272123417,7019.92781217448
238496,Apartamento 132m² com 03 suítes à venda   Jardim Botânico,Jardim Botanico,Zona Sul,3,5,2,132.0,1050000.0,7954.54545454546,7403.36272123417,7019.92781217448
235040,Apartamento de 151m² com 03 suítes para venda   Jardim Irajá,Jardim Iraja,Zona Sul,3,5,1,151.0,1050000.0,6953.64238410596,5843.60369977321,7019.92781217448
217499,Apartamento de 131m² com 03 suítes à venda   Jardim Olhos D`Água,Jardim Olhos DAgua,Zona Sul,3,4,3,131.0,1050000.0,8015.26717557252,9706.16858313729,7019.92781217448
169745,Apartamento de 72m² com 01 suíte à venda   Jardim Botânico,Jardim Botanico,Zona Sul,1,2,2,72.0,1050000.0,14583.3333333333,7403.36272123417,7019.92781217448
92537,Apartamento de 131m² com 03 quartos para venda   Nova Aliança,Nova Alianca,Zona Sul,3,4,2,131.0,1050000.0,8015.26717557252,7235.27815404702,7019.92781217448
187214,Apartamento de 118m² com 03 suítes à venda   Jardim Saint Gerard,Jardim Saint Gerard,Zona Sul,3,4,2,118.0,1059324.14,8977.32322033898,9516.46996323619,7019.92781217448
203357,Apartamento de 123m² com 3 quartos   jardim Irajá,Jardim Botanico,Zona Sul,3,3,2,123.0,1060000.0,8617.88617886179,7403.36272123417,7019.92781217448
144548,Apartamento de 131m² com 03 suítes para locação _ Jardim Nova Aliança,Nova Alianca,Zona Sul,3,5,2,131.0,1060000.0,8091.60305343512,7235.27815404702,7019.92781217448
196637,Apartamento de 252m² com 04 quartos à venda   Centro,Centro,Centro,4,4,3,252.0,1060000.0,4206.34920634921,3969.0889863009,4114.37759196461
221762,Apartamento de 100m² com 03 quartos sendo 01 suíte à venda   Condomínio Itamaraty,Condominio Itamaraty,Zona Oeste,3,3,2,100.0,1065000.0,10650.0,5336.72097624817,4568.83198282477
81425,Apartamento de 139m² com 03 suítes para locação e venda   Bosque das Juritis,Bosque das Juritis,Zona Sul,3,5,2,139.0,1065000.0,7661.87050359712,8028.33244392152,7019.92781217448
118910,Apartamento de 133m² com 03 quartos à venda   Nova Aliança,Nova Alianca,Zona Sul,3,5,2,133.0,1066000.0,8015.03759398496,7235.27815404702,7019.92781217448
224453,Apartamento de 126m² com 03 suítes à venda   Jardim Olhos D`Água,Jardim Olhos DAgua,Zona Sul,3,4,2,126.0,1066945.0,8467.81746031746,9706.16858313729,7019.92781217448
239864,Apartamento de 132m² com 03 suítes à venda   Jardim Botânico,Jardim Botanico,Zona Sul,3,4,2,132.0,1070000.0,8106.06060606061,7403.36272123417,7019.92781217448
239480,Apartamento de 137m² com 03 suítes para locação e venda   Jardim Irajá,Jardim Iraja,Zona Sul,3,5,2,137.0,1080000.0,7883.21167883212,5843.60369977321,7019.92781217448
214910,Apartamento de 202m² com 04 quartos para venda e locação   Jardim Irajá,Jardim Iraja,Zona Sul,4,5,3,202.0,1080000.0,5346.53465346535,5843.60369977321,7019.92781217448
223526,Apartamento de 111m² com 02 quartos sendo 01 suíte para venda   Jardim Olhos D`Água,Jardim Olhos DAgua,Zona Sul,2,2,2,111.0,1080000.0,9729.72972972973,9706.16858313729,7019.92781217448
234455,Apartamento de 139m² com 03 suítes á venda   Bosque das Juritis,Bosque das Juritis,Zona Sul,3,5,2,139.0,1080000.0,7769.78417266187,8028.33244392152,7019.92781217448
203699,Apartamento de 151m² com 03 suítes à venda   Jardim Olhos D`Água II,Jardim Olhos DAgua,Zona Sul,3,5,2,151.0,1080000.0,7152.3178807947,9706.16858313729,7019.92781217448
187220,Apartamento de 118m² com 03 suítes à venda   Jardim Saint Gerard,Jardim Saint Gerard,Zona Sul,3,4,2,118.0,1081540.8,9165.6,9516.46996323619,7019.92781217448
224921,Apartamento de 135m² com 03 suítes para locação e venda   Bosque das Juritis,Bosque das Juritis,Zona Sul,3,4,3,135.0,1089000.0,8066.66666666667,8028.33244392152,7019.92781217448
214967,Apartamento de 113m² com 03 suítes à venda   Jardim Olhos D`Água II,Jardim Olhos DAgua,Zona Sul,3,4,2,113.0,1091310.0,9657.61061946903,9706.16858313729,7019.92781217448
163508,Apartamento de 126m² com 03 quartos à venda   Jardim Olhos D`Água II,Jardim Olhos DAgua,Zona Sul,3,4,2,126.0,1096978.9,8706.18174603175,9706.16858313729,7019.92781217448
245603,Apartamento de 135m² com 03 suítes à venda   Bosque das Juritis,Bosque das Juritis,Zona Sul,4,5,2,135.0,1100000.0,8148.14814814815,8028.33244392152,7019.92781217448
244397,Apartamento de 132m² com 03 suítes para venda e locação   Jardim Olhos D` Água,Jardim Olhos DAgua,Zona Sul,3,4,3,132.0,1100000.0,8333.33333333333,9706.16858313729,7019.92781217448
216764,Apartamento de 107m² com 04 quartos para locação   Jardim Botânico,Jardim Botanico,Zona Sul,4,3,2,107.0,1100000.0,10280.3738317757,7403.36272123417,7019.92781217448
215852,Apartamento de 100m² com 03 quartos para locação   Jardim Botânico,Jardim Botanico,Zona Sul,3,3,2,100.0,1100000.0,11000.0,7403.36272123417,7019.92781217448
211025,Apartamento de 106m² com 03 quartos para locação   Jardim Botânico,Jardim Botanico,Zona Sul,3,3,2,106.0,1100000.0,10377.358490566,7403.36272123417,7019.92781217448
209360,Apartamento de 112m² com 02 suítes para locação e venda   Bosque das Juritis,Bosque das Juritis,Zona Sul,2,3,2,112.0,1100000.0,9821.42857142857,8028.33244392152,7019.92781217448
207821,Apartamento de 180m² com 03 quartos à venda   Jardim Irajá,Jardim Iraja,Zona Sul,3,4,2,180.0,1100000.0,6111.11111111111,5843.60369977321,7019.92781217448
197624,Apartamento de 442m² com 04 quartos para locação e venda   Centro,Centro,Centro,4,5,4,442.0,1100000.0,2488.68778280543,3969.0889863009,4114.37759196461
167921,Apartamento de 113m² com 03quartos para venda   Jardim Olhos d`água,Jardim Olhos DAgua,Zona Sul,3,3,2,113.0,1100000.0,9734.51327433628,9706.16858313729,7019.92781217448
157028,Apartamento de 118m² com 03 suítes à venda   Jardim Olhos D`Água,Jardim Olhos DAgua,Zona Sul,3,5,2,118.0,1100000.0,9322.03389830508,9706.16858313729,7019.92781217448
152153,Apartamento de 03 quartos para venda   Parque dos Bandeirantes,Parque dos Bandeirantes,Zona Leste,3,3,2,158.0,1100000.0,6962.0253164557,4072.45658506483,4646.24632076016
133478,Apartamento de 279m² com 04 quartos   Centro,Centro,Centro,4,4,3,279.0,1100000.0,3942.6523297491,3969.0889863009,4114.37759196461
111635,Apartamento de 118m² com 03 suítes à venda   Jardim Saint Gerard,Jardim Saint Gerard,Zona Sul,4,3,2,118.0,1100000.0,9322.03389830508,9516.46996323619,7019.92781217448
96611,Apartamento de 176m² com 03 quartos à venda   Jardim São Luiz,Jardim Sao Luiz,Zona Sul,3,4,3,176.0,1100000.0,6250.0,5775.49648772587,7019.92781217448
192131,Apartamento de 100m² com 2 suítes para venda e locação   Jardim Nova Aliança,Nova Alianca,Zona Sul,2,3,2,100.0,1100000.0,11000.0,7235.27815404702,7019.92781217448
223538,Apartamento de 134m² com 03 suítes à venda   Jardim Olhos D`Água,Jardim Olhos DAgua,Zona Sul,3,5,2,134.0,1106730.0,8259.17910447761,9706.16858313729,7019.92781217448
111689,Apartamento de 118m² com 03 suítes à venda   Jardim Saint Gerard,Jardim Saint Gerard,Zona Sul,3,4,2,118.0,1107475.29,9385.38381355932,9516.46996323619,7019.92781217448
184151,Apartamento de 131m² com 03 suítes à venda   Jardim Olhos D`Água,Jardim Olhos DAgua,Zona Sul,3,4,2,131.0,1113000.0,8496.18320610687,9706.16858313729,7019.92781217448
220601,Apartamento de 143m² com 03 suítes para locação e venda   Nova Aliança,Nova Alianca,Zona Sul,3,5,2,143.0,1115000.0,7797.2027972028,7235.27815404702,7019.92781217448
138995,Apartamento de 134m² com 03 suítes à venda   Jardim Olhos D`Água II,Jardim Olhos DAgua,Zona Sul,3,3,2,134.0,1115775.0,8326.67910447761,9706.16858313729,7019.92781217448
168197,Apartamento de 124m² com 03 suítes à venda   Jardim Canadá,Bonfim Paulista,Zona Sul,3,4,3,124.0,1116751.72,9006.06225806452,8197.59279884853,7019.92781217448
163265,Apartamento de 134m² com 04 quartos à venda   Jardim Olhos D`Água II,Jardim Olhos DAgua,Zona Sul,4,3,2,134.0,1133325.0,8457.64925373134,9706.16858313729,7019.92781217448
107810,Apartamento de 155m² com 03 suítes à venda   Bosque das Juritis,Bosque das Juritis,Zona Sul,3,5,3,155.0,1139000.0,7348.38709677419,8028.33244392152,7019.92781217448
240650,Apartamento de 127m² com 03 suítes à venda   Jardim Botânico,Jardim Botanico,Zona Sul,3,4,2,127.0,1140000.0,8976.37795275591,7403.36272123417,7019.92781217448
188027,Apartamento de 122m² com 03 quartos à venda   Jardim Ilhas do Sul,Jardim Ilhas do Sul,Zona Sul,3,4,2,122.0,1148402.12,9413.13213114754,8797.52735990227,7019.92781217448
237476,Apartamento de 132m² com 03 suítes à venda  Jardim Botânico,Jardim Botanico,Zona Sul,3,4,2,132.0,1150000.0,8712.12121212121,7403.36272123417,7019.92781217448
233153,Apartamento de 110m² com 03 suítes à venda   Jardim Olhos D`Água,Jardim Olhos DAgua,Zona Sul,3,4,2,110.0,1150000.0,10454.5454545455,9706.16858313729,7019.92781217448
230201,Apartamento padrão de 158m² com 03 suítes à venda   Jardim Botânico,Jardim Botanico,Zona Sul,3,5,2,158.0,1150000.0,7278.48101265823,7403.36272123417,7019.92781217448
119699,Apartamento garden de 184m² com 03 suítes à venda   Residencial Alto do Ipê,Residencial Alto do Ipe,Zona Sul,3,5,3,184.0,1150000.0,6250.0,8694.05961893228,7019.92781217448
118904,Apartamento de 143m² com 03 suítes à venda   Nova Aliança,Nova Alianca,Zona Sul,3,5,2,143.0,1153000.0,8062.93706293706,7235.27815404702,7019.92781217448
187217,Apartamento de 118m² com 03 suítes à venda   Jardim Saint Gerard,Jardim Saint Gerard,Zona Sul,3,4,2,118.0,1155626.3,9793.44322033898,9516.46996323619,7019.92781217448
187211,Apartamento de 118m² com 03 suítes à venda   Jardim Saint Gerard,Jardim Saint Gerard,Zona Sul,3,4,2,118.0,1155626.3,9793.44322033898,9516.46996323619,7019.92781217448
227678,Apartamento de 153m² com 04 suítes à venda   Jardim Olhos D`Água,Jardim Olhos DAgua,Zona Sul,4,6,3,153.0,1156374.0,7558.0,9706.16858313729,7019.92781217448
217121,Apartamento de 133m² com 03 suítes à venda   Nova Aliança,Nova Alianca,Zona Sul,3,4,2,133.0,1158096.0,8707.48872180451,7235.27815404702,7019.92781217448
191765,Apartamento de 200m² com 05 quartos à venda   Jardim Irajá,Jardim Iraja,Zona Sul,5,5,3,200.0,1160000.0,5800.0,5843.60369977321,7019.92781217448
209111,Apartamento de 139m² com 03 suítes à venda   Jardim Saint Gerard,Jardim Saint Gerard,Zona Sul,3,4,2,139.0,1166000.0,8388.48920863309,9516.46996323619,7019.92781217448
237920,Apartamento de 139m² com 03 suítes à venda   Bosque das Juritis,Bosque das Juritis,Zona Sul,3,5,2,139.0,1170000.0,8417.26618705036,8028.33244392152,7019.92781217448
228143,Apartamento de 80m² com 02 suítes para locação   Jardim Olhos D`Água,Bonfim Paulista,Zona Sul,2,3,2,80.0,1170000.0,14625.0,8197.59279884853,7019.92781217448
242723,Apartamento de 155m² com 03 suítes à venda   Bosque das Juritis,Bosque das Juritis,Zona Sul,3,5,3,155.0,1180000.0,7612.90322580645,8028.33244392152,7019.92781217448
219983,Apartamento de 186m² com 03 suítes à venda   Nova Aliança,Nova Alianca,Zona Sul,4,5,3,186.0,1180000.0,6344.08602150538,7235.27815404702,7019.92781217448
111674,Apartamento de 118m² com 03 suítes à venda   Jardim Saint Gerard,Jardim Saint Gerard,Zona Sul,3,3,2,118.0,1180000.0,10000.0,9516.46996323619,7019.92781217448
238637,Apartamento 126m² com 03 suítes à venda   Alto do Ipê,Residencial Alto do Ipe,Zona Sul,3,4,3,126.0,1190000.0,9444.44444444445,8694.05961893228,7019.92781217448
244712,Casa sobrado de 175m² com 03 suítes para venda   San Marco,Jardim San Marco,Zona Sul,3,4,4,175.0,1200000.0,6857.14285714286,5989.54703832753,7019.92781217448
233594,Apartamento de 131m² com 03 suítes à venda   Jardim Olhos d`Água,Jardim Olhos DAgua,Zona Sul,3,4,3,131.0,1200000.0,9160.30534351145,9706.16858313729,7019.92781217448
228896,Apartamento de 80m² com 02 suítes à venda   Vila do Golfe,Vila do Golf,Zona Sul,2,3,2,80.0,1200000.0,15000.0,9872.36315439169,7019.92781217448
218345,Apartamento de 109m² com 03 suítes para locação   Plazas de España,Plazas de Espana,Zona Sul,3,4,2,109.0,1200000.0,11009.1743119266,10740.3669724771,7019.92781217448
212186,Apartamento de 154m² com 03 suítes à venda   Jardim Olhos D`Água II,Jardim Olhos DAgua,Zona Sul,3,5,3,154.0,1200000.0,7792.20779220779,9706.16858313729,7019.92781217448
207650,Apartamento de 139m² mobilado com 04 quartos   Jardim São Luiz,Jardim Canada,Zona Sul,4,4,2,139.0,1200000.0,8633.09352517986,7006.02337064892,7019.92781217448
204470,Apartamento de 202m² com 03 suítes à venda   Jardim Irajá,Jardim Iraja,Zona Sul,4,6,4,202.0,1200000.0,5940.59405940594,5843.60369977321,7019.92781217448
198779,Apartamento de 202m² com 03 suítes e 03 vagas   Jardim Irajá,Jardim Iraja,Zona Sul,3,5,3,202.0,1200000.0,5940.59405940594,5843.60369977321,7019.92781217448
179318,Apartamento de 108m² com 03 quartos à venda   Jardim Olhos D`Água,Jardim Olhos DAgua,Zona Sul,3,3,2,108.0,1200000.0,11111.1111111111,9706.16858313729,7019.92781217448
170243,Apartamento de 125m² com 03 suítes à venda   Jardim Canadá,Bonfim Paulista,Zona Sul,3,4,3,125.0,1200000.0,9600.0,8197.59279884853,7019.92781217448
111728,Apartamento de 118m² com 03 suítes à venda   Jardim Saint Gerard,Jardim Saint Gerard,Zona Sul,4,3,2,118.0,1200000.0,10169.4915254237,9516.46996323619,7019.92781217448
111671,Apartamento de 118m² com 03 suítes à venda   Jardim Saint Gerard,Jardim Saint Gerard,Zona Sul,4,3,2,118.0,1200000.0,10169.4915254237,9516.46996323619,7019.92781217448
107384,Apartamento de 108m² com 03 quartos para locação e venda   Jardim Olhos D`Água,Jardim Olhos DAgua,Zona Sul,3,3,2,108.0,1200000.0,11111.1111111111,9706.16858313729,7019.92781217448
36107,Apartamento de 228m² com 04 quartos à venda   Jardim Irajá,Jardim Iraja,Zona Sul,4,5,4,228.0,1200000.0,5263.15789473684,5843.60369977321,7019.92781217448
240986,Apartamento de 145m² com 03 suítes planejadas à venda   Jardim Irajá,Jardim Iraja,Zona Sul,3,5,2,145.0,1200000.0,8275.86206896552,5843.60369977321,7019.92781217448
93992,Apartamento de 180m² com 03 suítes para locação e venda   Jardim Irajá,Jardim Iraja,Zona Sul,3,5,3,180.0,1200000.0,6666.66666666667,5843.60369977321,7019.92781217448
229199,Apartamento 154m² com 03 suítes à venda   Jardim Olhos D`Água,Jardim Olhos DAgua,Zona Sul,3,6,3,154.0,1205000.0,7824.67532467533,9706.16858313729,7019.92781217448
223592,Apartamento de 151m² com 03 suítes à venda   Jardim Olhos D`Água,Jardim Olhos DAgua,Zona Sul,3,5,2,151.0,1211830.0,8025.3642384106,9706.16858313729,7019.92781217448
178877,Apartamento de 151m² com 03 suítes à venda   Jardim Olhos D`Água II,Jardim Olhos DAgua,Zona Sul,3,5,2,151.0,1211830.0,8025.3642384106,9706.16858313729,7019.92781217448
227708,Apartamento de 153m² com 03 suítes à venda   Jardim Olhos D`Água,Jardim Olhos DAgua,Zona Sul,3,5,3,153.0,1218186.0,7962.0,9706.16858313729,7019.92781217448
227699,Apartamento de 153m² com 03 suítes à venda   Jardim Olhos D`Água,Jardim Olhos DAgua,Zona Sul,3,5,3,153.0,1218186.0,7962.0,9706.16858313729,7019.92781217448
227681,Apartamento de 153m² com 04 suítes à venda   Jardim Olhos D`Água,Jardim Olhos DAgua,Zona Sul,4,6,3,153.0,1218186.0,7962.0,9706.16858313729,7019.92781217448
223334,Apartamento de 126m² com 03 suítes à venda   Jardim Botânico,Jardim Botanico,Zona Sul,3,5,2,126.0,1219000.0,9674.60317460318,7403.36272123417,7019.92781217448
210167,Apartamento de 132m² com 03 suítes à venda   Jardim Botânico,Jardim Botanico,Zona Sul,3,5,2,132.0,1220000.0,9242.42424242424,7403.36272123417,7019.92781217448
224324,Apartamento térreo de 199m² com 04 quartos sendo 02 suítes à venda   Ribeirânia,Ribeirania,Zona Leste,4,4,2,199.0,1220000.0,6130.65326633166,6622.45012983218,4646.24632076016
201029,Apartamento de 194m² com 03 suítes   Jardim Botânico,Jardim Botanico,Zona Sul,3,5,3,194.0,1223600.0,6307.21649484536,7403.36272123417,7019.92781217448
220700,Apartamento de 126m² com 03 suítes à venda   Jardim Olhos D`Água,Jardim Olhos DAgua,Zona Sul,3,4,2,126.0,1225000.0,9722.22222222222,9706.16858313729,7019.92781217448
203183,Apartamento de 163m² com 03 quartos à venda   Jardim Botânico,Jardim Botanico,Zona Sul,3,4,3,163.0,1230000.0,7546.01226993865,7403.36272123417,7019.92781217448
178871,Apartamento de 151m² com 03 suítes à venda   Jardim Olhos D`Água II,Jardim Olhos DAgua,Zona Sul,3,5,2,151.0,1231133.0,8153.19867549669,9706.16858313729,7019.92781217448
152855,Apartamento de 139m² com 04 quartos à venda   Jardim Canadá,Jardim Canada,Zona Sul,4,4,2,139.0,1242000.0,8935.25179856115,7006.02337064892,7019.92781217448
243818,Apartamento de 132m² com 03 suítes à venda   Jardim Botânico,Jardim Botanico,Zona Sul,3,4,2,132.0,1249000.0,9462.12121212121,7403.36272123417,7019.92781217448
237773,Apartamento de 132m² com 03 suítes à venda   Jardim Botânico,Jardim Botanico,Zona Sul,3,4,2,132.0,1250000.0,9469.69696969697,7403.36272123417,7019.92781217448
224297,Apartamento de 134m² com 03 suítes à venda   Jardim Olhos D`Água,Jardim Olhos DAgua,Zona Sul,3,5,2,134.0,1250000.0,9328.35820895522,9706.16858313729,7019.92781217448
220622,Apartamento de 171m² com 03 suítes à venda   Nova Aliança,Nova Alianca,Zona Sul,3,5,2,171.0,1250000.0,7309.94152046784,7235.27815404702,7019.92781217448
215528,Apartamento de 153m² com 03 suítes à venda   Jardim Olhos D`Água,Jardim Olhos DAgua,Zona Sul,3,5,3,153.0,1250000.0,8169.93464052288,9706.16858313729,7019.92781217448
215432,Apartamento de 252m² com 03 suítes à venda   Centro,Centro,Centro,4,5,3,252.0,1250000.0,4960.31746031746,3969.0889863009,4114.37759196461
210833,Apartamento de 155m² com 03 suítes à venda   Bosque das Juritis,Bosque das Juritis,Zona Sul,3,5,3,155.0,1250000.0,8064.51612903226,8028.33244392152,7019.92781217448
208883,Apartamento de 160m² com 03 suítes para locação   Jardim Botânico,Jardim Botanico,Zona Sul,4,5,3,160.0,1250000.0,7812.5,7403.36272123417,7019.92781217448
126758,Apartamento de 152m² com 03 suítes à venda   Jardim Nova Aliança,Nova Alianca,Zona Sul,3,4,2,152.0,1250000.0,8223.68421052632,7235.27815404702,7019.92781217448
111830,Apartamento   Padrão,Jardim Botanico,Zona Sul,4,4,2,148.0,1250000.0,8445.94594594595,7403.36272123417,7019.92781217448
15812,Apartamento de 289m² com 04 quartos para venda   Centro,Centro,Centro,4,4,4,289.0,1250000.0,4325.25951557093,3969.0889863009,4114.37759196461
163136,Apartamento de 151m² com 03 suítes à venda   Jardim Olhos D`Água,Jardim Olhos DAgua,Zona Sul,3,4,2,151.0,1253964.0,8304.39735099338,9706.16858313729,7019.92781217448
221126,Apartamento de 158m² com 03 suítes à venda   Jardim Olhos D`Água,Jardim Olhos DAgua,Zona Sul,3,5,2,158.0,1259925.0,7974.20886075949,9706.16858313729,7019.92781217448
215969,Apartamento de 83m² com 02 suítes à venda   Jardim Botânico,Jardim Botanico,Zona Sul,2,3,2,83.0,1260000.0,15180.7228915663,7403.36272123417,7019.92781217448
178874,Apartamento de 151m² com 03 suítes à venda   Jardim Olhos D`Água II,Jardim Olhos DAgua,Zona Sul,3,5,2,151.0,1269740.0,8408.87417218543,9706.16858313729,7019.92781217448
182051,Apartamento de 158m² com 03 quartos à venda   Jardim Olhos D`Água II,Jardim Olhos DAgua,Zona Sul,3,5,2,158.0,1271700.0,8048.73417721519,9706.16858313729,7019.92781217448
122006,Apartamento de 103m² com 03 suítes à venda   Jardim Botânico,Jardim Botanico,Zona Sul,3,4,2,103.0,1272000.0,12349.5145631068,7403.36272123417,7019.92781217448
218480,Apartamento mobiliado de 123m² com 02 quartos para locação e venda   Jardim Botânico,Jardim Botanico,Zona Sul,2,4,2,123.0,1275000.0,10365.8536585366,7403.36272123417,7019.92781217448
217625,Apartamento de 109m² com 02 suítes para locação   Jardim Olhos D`Água,Plazas de Espana,Zona Sul,2,4,2,109.0,1275000.0,11697.247706422,10740.3669724771,7019.92781217448
211505,Apartamento de 132m² com 03 suítes à venda   Jardim Botânico,Jardim Botanico,Zona Sul,3,5,2,132.0,1275000.0,9659.09090909091,7403.36272123417,7019.92781217448
194102,Apartamento de alto padrão na alta Fiúsa,Jardim Botanico,Zona Sul,3,5,3,194.0,1279200.0,6593.81443298969,7403.36272123417,7019.92781217448
245654,Apartamento de 158m² com 03 suítes à venda   Jardim Botânico,Jardim Botanico,Zona Sul,3,5,2,158.0,1280000.0,8101.26582278481,7403.36272123417,7019.92781217448
219113,Apartamento de 93m² com 03 suítes à venda   Jardim Botânico,Jardim Botanico,Zona Sul,3,4,2,93.0,1280000.0,13763.4408602151,7403.36272123417,7019.92781217448
216386,Apartamento de 126m² com 03 suítes à venda   Jardim Olhos D`Água,Jardim Olhos DAgua,Zona Sul,3,4,2,126.0,1280000.0,10158.7301587302,9706.16858313729,7019.92781217448
215285,Apartamento de 154m² com 03 suítes à venda   Jardim Olhos D`Água,Jardim Olhos DAgua,Zona Sul,3,5,3,154.0,1280000.0,8311.68831168831,9706.16858313729,7019.92781217448
192377,Apartamento de 180m² com 4 quartos à venda   Bairro Jardim Canadá,Jardim Canada,Zona Sul,4,4,3,180.0,1280000.0,7111.11111111111,7006.02337064892,7019.92781217448
234248,Apartamento 126m² com 03 suítes à venda   Alto do Ipê,Residencial Alto do Ipe,Zona Sul,3,4,3,126.0,1290000.0,10238.0952380952,8694.05961893228,7019.92781217448
229454,Apartamento de 336m² com 04 suítes à venda   Jardim Irajá,Jardim Iraja,Zona Sul,4,7,5,336.0,1290000.0,3839.28571428571,5843.60369977321,7019.92781217448
216833,Apartamento de 155m² com 03 suítes à venda   Residencial Alto do Ipê,Residencial Alto do Ipe,Zona Sul,3,4,3,155.0,1290000.0,8322.58064516129,8694.05961893228,7019.92781217448
201011,Apartamento de 134m² com 03 quartos à venda   Jardim Olhos D`Água,Jardim Olhos DAgua,Zona Sul,3,4,2,134.0,1290000.0,9626.86567164179,9706.16858313729,7019.92781217448
244832,Apartamento de 143m² com 03 suítes à venda   Jardim São Luiz,Jardim Sao Luiz,Zona Sul,3,5,2,143.0,1290000.0,9020.97902097902,5775.49648772587,7019.92781217448
227723,Apartamento de 153m² com 03 suítes à venda   Jardim Olhos D`Água,Jardim Olhos DAgua,Zona Sul,3,5,3,153.0,1295451.0,8467.0,9706.16858313729,7019.92781217448
227717,Apartamento de 153m² com 03 suítes à venda   Jardim Olhos D`Água,Jardim Olhos DAgua,Zona Sul,3,5,3,153.0,1295451.0,8467.0,9706.16858313729,7019.92781217448
227684,Apartamento de 153m² com 04 suítes à venda   Jardim Olhos D`Água,Jardim Olhos DAgua,Zona Sul,4,6,3,153.0,1295451.0,8467.0,9706.16858313729,7019.92781217448
226976,Apartamento de 156m² com 03 suítes para locação   Jardim Botânico,Jardim Botanico,Zona Sul,3,5,3,156.0,1300000.0,8333.33333333333,7403.36272123417,7019.92781217448
218714,Apartamento de 152m² com 04 quartos para locação e venda   Nova Aliança,Nova Alianca,Zona Sul,4,5,3,152.0,1300000.0,8552.63157894737,7235.27815404702,7019.92781217448
211601,Apartamento de 114m² com 03 suítes à venda   Jardim Botânico,Jardim Botanico,Zona Sul,3,4,2,114.0,1300000.0,11403.5087719298,7403.36272123417,7019.92781217448
204209,Apartamento de 118m² com 03 suítes para venda e locação   Jardim Olhos D`Água,Jardim Olhos DAgua,Zona Sul,3,4,2,118.0,1300000.0,11016.9491525424,9706.16858313729,7019.92781217448
201665,Apartamento de 239m² com 03 suítes   Jardim Irajá,Jardim Iraja,Zona Sul,3,5,4,239.0,1300000.0,5439.33054393305,5843.60369977321,7019.92781217448
145376,Apartamento de 135m² com 03 suítes   Jardim Botânico,Jardim Botanico,Zona Sul,3,5,2,135.0,1300000.0,9629.62962962963,7403.36272123417,7019.92781217448
105272,Apartamento de 47m² com 03 suítes à venda   Bosque das Juritis,Bosque das Juritis,Zona Sul,3,5,2,47.0,1300000.0,27659.5744680851,8028.33244392152,7019.92781217448
135617,Apartamento de 214m² com 03 suítes para locação e venda   Bosque dos Juritis,Jardim Sao Luiz,Zona Sul,3,5,3,214.0,1300000.0,6074.76635514019,5775.49648772587,7019.92781217448
107153,Apartamento de 171m² com 03 suítes à venda   Nova Aliança,Nova Alianca,Zona Sul,3,5,2,171.0,1300000.0,7602.33918128655,7235.27815404702,7019.92781217448
214748,Apartamento de 132m² com 03 suítes à venda   Jardim Botânico,Jardim Botanico,Zona Sul,3,4,2,132.0,1301000.0,9856.06060606061,7403.36272123417,7019.92781217448
186800,Apartamento de 218m² com 03 suítes à venda   Bosque das Juritis,Bosque das Juritis,Zona Sul,3,5,3,218.0,1305000.0,5986.23853211009,8028.33244392152,7019.92781217448
223571,Apartamento de 158m² com 03 suítes à venda   Jardim Olhos D`Água,Jardim Olhos DAgua,Zona Sul,3,5,2,158.0,1307025.0,8272.31012658228,9706.16858313729,7019.92781217448
239960,Apartamento de 153m² com 03 suítes à venda   Jardim Olhos D`Água,Jardim Olhos DAgua,Zona Sul,3,5,3,153.0,1308000.0,8549.01960784314,9706.16858313729,7019.92781217448
239954,Apartamento de 153m² com 03 suítes à venda   Jardim Olhos D`Água,Jardim Olhos DAgua,Zona Sul,3,5,3,153.0,1308000.0,8549.01960784314,9706.16858313729,7019.92781217448
239951,Apartamento de 153m² com 04 suítes à venda   Jardim Olhos D`Água,Jardim Olhos DAgua,Zona Sul,4,6,3,153.0,1308000.0,8549.01960784314,9706.16858313729,7019.92781217448
239948,Apartamento de 153m² com 04 suítes à venda   Jardim Olhos D`Água,Jardim Olhos DAgua,Zona Sul,4,6,3,153.0,1308000.0,8549.01960784314,9706.16858313729,7019.92781217448
208640,Apartamento de 155m² com 03 suítes à venda   Bosque das Juritis,Bosque das Juritis,Zona Sul,3,5,3,155.0,1310000.0,8451.61290322581,8028.33244392152,7019.92781217448
163220,Apartamento de 158m² com 03 suítes à venda   Jardim Olhos D´Água,Jardim Olhos DAgua,Zona Sul,3,4,2,158.0,1312977.0,8309.98101265823,9706.16858313729,7019.92781217448
167537,Apartamento no Parque Olhos D`Água   KAIRÓS,Jardim Olhos DAgua,Zona Sul,3,3,2,151.0,1315906.8,8714.61456953643,9706.16858313729,7019.92781217448
235295,Apartamento de 106m² com 03 suítes à venda   Vila do Golfe,Vila do Golf,Zona Sul,3,4,2,106.0,1320000.0,12452.8301886793,9872.36315439169,7019.92781217448
107180,Apartamento de 171m² com 03 suítes à venda   Nova Aliança,Nova Alianca,Zona Sul,3,5,2,171.0,1330000.0,7777.77777777778,7235.27815404702,7019.92781217448
188021,Apartamento de 122m² com 03 quartos à venda   Jardim Ilhas do Sul,Jardim Ilhas do Sul,Zona Sul,3,4,2,122.0,1332696.89,10923.745,8797.52735990227,7019.92781217448
244061,Apartamento de 153m² com 03 suítes à venda   Jardim Olhos D`Água,Jardim Olhos DAgua,Zona Sul,3,5,3,153.0,1350000.0,8823.52941176471,9706.16858313729,7019.92781217448
215192,Apartamento de 154m² com 04 suítes à venda   Jardim Olhos D`Água,Jardim Olhos DAgua,Zona Sul,3,6,3,154.0,1350000.0,8766.23376623377,9706.16858313729,7019.92781217448
151946,Apartamento de 252m² com 03 suítes à venda   Centro,Centro,Centro,4,5,3,252.0,1350000.0,5357.14285714286,3969.0889863009,4114.37759196461
229313,Apartamento de 160m² com 03 suítes à venda   Bosque das Juritis,Bosque das Juritis,Zona Sul,3,5,3,160.0,1350000.0,8437.5,8028.33244392152,7019.92781217448
218942,Apartamento mobiliado de 123 m² com 03 suítes à venda   Jardim Botânico,Jardim Botanico,Zona Sul,3,4,2,123.0,1350000.0,10975.6097560976,7403.36272123417,7019.92781217448
203705,Apartamento de 171m² com 03 suítes à venda   Nova Aliança,Nova Alianca,Zona Sul,3,5,2,171.0,1356800.0,7934.50292397661,7235.27815404702,7019.92781217448
194657,Apartamento de 194m² com 03 suítes e 03 vagas   Jardim Botânico,Jardim Botanico,Zona Sul,3,2,3,194.0,1358000.0,7000.0,7403.36272123417,7019.92781217448
240938,Apartamento de 145m² com 03 suítes à venda   Jardim Irajá,Jardim Iraja,Zona Sul,3,5,2,145.0,1370000.0,9448.27586206897,5843.60369977321,7019.92781217448
170660,Apartamento de 158m² com 03 quartos à venda   Jardim Olhos D`Água II,Jardim Olhos DAgua,Zona Sul,3,4,3,158.0,1377675.0,8719.46202531646,9706.16858313729,7019.92781217448
231215,Apartamento de 154m² com 03 suítes à venda   Jardim Olhos D`água,Jardim Olhos DAgua,Zona Sul,3,5,3,154.0,1378000.0,8948.05194805195,9706.16858313729,7019.92781217448
189524,Apartamento de 134m² com 03 dormitórios   Jardim Olhos D`àgua,Jardim Olhos DAgua,Zona Sul,3,5,2,134.0,1380000.0,10298.5074626866,9706.16858313729,7019.92781217448
239957,Apartamento de 153m² com 03 suítes à venda   Jardim Olhos D`Água,Jardim Olhos DAgua,Zona Sul,3,5,3,153.0,1386000.0,9058.82352941176,9706.16858313729,7019.92781217448
230504,Apartamento de 156M² com 03 suítes à venda   Jardim Botânico,Jardim Botanico,Zona Sul,3,5,2,156.0,1390000.0,8910.25641025641,7403.36272123417,7019.92781217448
238742,Apartamento de 166m² com 03 suítes   Jardim Olhos d´agua,Jardim Olhos DAgua,Zona Sul,3,5,2,166.0,1400000.0,8433.73493975904,9706.16858313729,7019.92781217448
230432,Apartamento   Padrão,Jardim Botanico,Zona Sul,3,4,3,132.0,1400000.0,10606.0606060606,7403.36272123417,7019.92781217448
215195,Apartamento de 154m² com 03 suítes à venda   Jardim Olhos D`Água,Jardim Olhos DAgua,Zona Sul,3,5,3,154.0,1400000.0,9090.90909090909,9706.16858313729,7019.92781217448
214667,Apartamento de 109m² com 03 suítes para locação   Jardim Olhos D`água,Plazas de Espana,Zona Sul,3,4,2,109.0,1400000.0,12844.0366972477,10740.3669724771,7019.92781217448
188054,Apartamento de 158m² com 03 suítes à venda   Jardim Olhos D`Água,Jardim Olhos DAgua,Zona Sul,3,5,3,158.0,1400000.0,8860.75949367089,9706.16858313729,7019.92781217448
186929,Apartamento de 195m² com 03 suítes à venda   Residencial Alto do Ipê,Residencial Alto do Ipe,Zona Sul,3,4,4,195.0,1400000.0,7179.48717948718,8694.05961893228,7019.92781217448
156884,Apartamento de 178m² com 03 suítes à venda   Bosque das Juritis,Bosque das Juritis,Zona Sul,3,5,3,178.0,1400000.0,7865.16853932584,8028.33244392152,7019.92781217448
186788,Apartamento de 218m² com 03 suítes à venda   Bosque das Juritis,Bosque das Juritis,Zona Sul,3,5,3,218.0,1400000.0,6422.01834862385,8028.33244392152,7019.92781217448
186803,Apartamento de 218m² com 03 suítes à venda   Bosque das Juritis,Bosque das Juritis,Zona Sul,3,5,3,218.0,1400000.0,6422.01834862385,8028.33244392152,7019.92781217448
238724,Apartamento mobiliado de 133m² com 03 suítes à venda   Nova Aliança,Nova Alianca,Zona Sul,3,4,1,133.0,1420000.0,10676.6917293233,7235.27815404702,7019.92781217448
209615,Apartamento de 171m² com 03 suítes à venda   Nova Aliança,Nova Alianca,Zona Sul,3,4,2,171.0,1420000.0,8304.09356725146,7235.27815404702,7019.92781217448
118277,Apartamento de 183m² com 03 suítes à venda   Jardim Botânico,Jardim Botanico,Zona Sul,3,5,3,183.0,1420000.0,7759.56284153005,7403.36272123417,7019.92781217448
213434,Apartamento de 154m² com 03 suítes à venda   Jardim Olhos D`Água,Jardim Olhos DAgua,Zona Sul,3,5,3,154.0,1440000.0,9350.64935064935,9706.16858313729,7019.92781217448
153851,Apartamento de 183m² com 03 suítes á venda   Jardim Botânico,Jardim Botanico,Zona Sul,3,5,3,183.0,1440000.0,7868.85245901639,7403.36272123417,7019.92781217448
224111,Apartamento de 178m² com 03 suítes à venda   Jardim Olhos D`Água,Jardim Villarica,Zona Norte,3,5,3,178.0,1450000.0,8146.06741573034,8286.51685393258,4316.94719953754
224105,Apartamento de 178m² com 03 suítes à venda   Jardim Olhos D`Água,Jardim Villarica,Zona Norte,3,5,3,178.0,1450000.0,8146.06741573034,8286.51685393258,4316.94719953754
222689,Apartamento de 202m² com 03 suítes à venda   Jardim Botânico,Jardim Botanico,Zona Sul,4,4,2,202.0,1450000.0,7178.21782178218,7403.36272123417,7019.92781217448
221174,Apartamento de 178m² com 03 suítes à venda   Jardim Olhos D`Água,Jardim Villarica,Zona Norte,3,5,2,178.0,1450000.0,8146.06741573034,8286.51685393258,4316.94719953754
217103,Apartamento 154m² com 03 suítes à venda   Jardim Olhos D`Água,Jardim Olhos DAgua,Zona Sul,3,6,3,154.0,1450000.0,9415.58441558442,9706.16858313729,7019.92781217448
214799,Apartamento de 156m² com 03 suítes para locação   Jardim Botânico,Jardim Botanico,Zona Sul,3,5,2,156.0,1450000.0,9294.8717948718,7403.36272123417,7019.92781217448
189854,Apartamento de 183m² com 03 suítes para locação e venda   Jardim Botânico,Jardim Botanico,Zona Sul,3,5,3,183.0,1450000.0,7923.49726775956,7403.36272123417,7019.92781217448
186935,Apartamento de 195m² com 03 suítes à venda   Residencial Alto do Ipê,Residencial Alto do Ipe,Zona Sul,3,4,4,195.0,1450000.0,7435.89743589744,8694.05961893228,7019.92781217448
152759,Apartamento de 170m² com 03 suítes à venda   Vila do Golf,Vila do Golf,Zona Sul,3,6,3,170.0,1450000.0,8529.41176470588,9872.36315439169,7019.92781217448
239966,Apartamento de 153m² com 04 suítes à venda   Jardim Olhos D`Água,Jardim Olhos DAgua,Zona Sul,4,6,3,153.0,1470000.0,9607.8431372549,9706.16858313729,7019.92781217448
152738,Apartamento de 170m² com 03 suítes à venda   Vila do Golf,Vila do Golf,Zona Sul,3,5,3,170.0,1480000.0,8705.88235294118,9872.36315439169,7019.92781217448
184688,Apartamento de 166m² com 03 quartos à venda   Jardim Olhos D´Água,Jardim Olhos DAgua,Zona Sul,3,5,2,166.0,1481402.98,8924.1143373494,9706.16858313729,7019.92781217448
188861,Apartamento de 171m² com 03 quartos à venda   Nova Aliança,Nova Alianca,Zona Sul,3,5,3,171.0,1490000.0,8713.45029239766,7235.27815404702,7019.92781217448
83234,Apartamento de 232m² com 03 suítes à venda   Jardim Irajá,Jardim Canada,Zona Sul,3,5,4,232.0,1490000.0,6422.41379310345,7006.02337064892,7019.92781217448
228422,Apartamento mobiliado de 232m² com 04 quartos à venda   Jardim Irajá,Jardim Canada,Zona Sul,4,5,4,232.0,1499000.0,6461.20689655172,7006.02337064892,7019.92781217448
215129,Apartamento de 239m² com 03 suítes para locação   Jardim Botânico,Jardim Canada,Zona Sul,4,6,3,239.0,1500000.0,6276.15062761506,7006.02337064892,7019.92781217448
188132,MARAVILHOSO APARTAMENTO NO JARDIM IRAJÁ,Jardim Iraja,Zona Sul,3,5,4,239.0,1500000.0,6276.15062761506,5843.60369977321,7019.92781217448
171434,Apartamento de 238m² com 04 quartos à venda   Jardim Santa Ângela,Jardim Iraja,Zona Sul,4,4,4,238.0,1500000.0,6302.52100840336,5843.60369977321,7019.92781217448
41363,Apartamento de 238m² com 04 quartos à venda   Jardim Irajá,Jardim Iraja,Zona Sul,4,5,4,238.0,1500000.0,6302.52100840336,5843.60369977321,7019.92781217448
197699,Apartamento de 239m² com 03 suítes PARA para venda e locação   Jardim Canadá,Jardim Canada,Zona Sul,3,5,3,239.0,1500000.0,6276.15062761506,7006.02337064892,7019.92781217448
220775,Apartamento de 169m² com 03 suítes e porteira fechada à venda   Jardim Botânico,Jardim Botanico,Zona Sul,3,4,3,169.0,1500000.0,8875.73964497041,7403.36272123417,7019.92781217448
214892,Apartamento de 166m² com 03 suítes   Jardim Olhos d´agua,Jardim Olhos DAgua,Zona Sul,3,5,2,166.0,1504192.26,9061.39915662651,9706.16858313729,7019.92781217448
177086,Apartamento de 195 m² com 04 quartos para locação e venda   Vila do Golfe,Residencial Alto do Ipe,Zona Sul,4,5,4,195.0,1520000.0,7794.8717948718,8694.05961893228,7019.92781217448
213653,Apartamento de 168m² com 03 suítes à venda   Residencial Alto do Ipê,Residencial Alto do Ipe,Zona Sul,3,5,3,168.0,1530000.0,9107.14285714286,8694.05961893228,7019.92781217448
186794,Apartamento de 218m² com 03 suítes à venda   Bosque das Juritis,Bosque das Juritis,Zona Sul,3,5,3,218.0,1535000.0,7041.28440366973,8028.33244392152,7019.92781217448
172745,Apartamento de 158m² com 03 suítes à venda   Jardim Olhos D`Água,Jardim Olhos DAgua,Zona Sul,3,5,2,158.0,1540000.0,9746.83544303798,9706.16858313729,7019.92781217448
228752,Apartamento de 109m² com 03 suítes para locação e venda   Bonfim Paulista,Plazas de Espana,Zona Sul,3,4,2,109.0,1550000.0,14220.1834862385,10740.3669724771,7019.92781217448
224099,Apartamento de 178m² com 03 suítes à venda   Jardim Olhos D`Água,Jardim Villarica,Zona Norte,3,5,3,178.0,1550000.0,8707.86516853933,8286.51685393258,4316.94719953754
222374,Apartamento de 156M² com 03 suítes à venda   Jardim Botânico,Jardim Botanico,Zona Sul,3,5,2,156.0,1550000.0,9935.89743589744,7403.36272123417,7019.92781217448
217112,Apartamento 154m² com 03 suítes à venda   Jardim Olhos D`Água,Jardim Olhos DAgua,Zona Sul,3,6,3,154.0,1550000.0,10064.9350649351,9706.16858313729,7019.92781217448
212234,Apartamento de 228m² com 03 suítes à venda   Jardim Irajá,Jardim Iraja,Zona Sul,3,5,4,228.0,1550000.0,6798.24561403509,5843.60369977321,7019.92781217448
209693,Apartamento de 155m² com 03 suítes à venda   Bosque das Juritis,Bosque das Juritis,Zona Sul,3,4,3,155.0,1550000.0,10000.0,8028.33244392152,7019.92781217448
59390,Apartamento de 239m² com 03 quartos sendo 01 suíte para locação e venda   Jardim Irajá,Jardim Iraja,Zona Sul,4,4,4,239.0,1550000.0,6485.35564853557,5843.60369977321,7019.92781217448
209987,Apartamento de 195m² com 03 suítes para venda e locação   Vila do Golfe,Residencial Alto do Ipe,Zona Sul,3,5,4,195.0,1550000.0,7948.71794871795,8694.05961893228,7019.92781217448
201020,Apartamento de 194m² com 03 suítes   Jardim Botânico,Jardim Botanico,Zona Sul,3,5,3,194.0,1567000.0,8077.31958762887,7403.36272123417,7019.92781217448
245132,Apartamento de 158m² com 03 suítes à venda   Jardim Botânico,Jardim Botanico,Zona Sul,3,5,2,158.0,1590000.0,10063.2911392405,7403.36272123417,7019.92781217448
210725,Apartamento de 168m² com 03 suítes à venda   Residencial Alto do Ipê,Residencial Alto do Ipe,Zona Sul,3,4,3,168.0,1590000.0,9464.28571428571,8694.05961893228,7019.92781217448
224624,Apartamento de 156m² com 03 suítes à venda   Jardim Botânico,Jardim Botanico,Zona Sul,3,4,2,156.0,1599000.0,10250.0,7403.36272123417,7019.92781217448
215162,Apartamento de 158m² com 03 suítes à venda   Jardim Olhos D`Água,Jardim Olhos DAgua,Zona Sul,3,4,3,158.0,1600000.0,10126.582278481,9706.16858313729,7019.92781217448
198827,Apartamento de 183m²com 03 suítes à venda   Jardim Botânico,Jardim Botanico,Zona Sul,3,4,3,183.0,1600000.0,8743.16939890711,7403.36272123417,7019.92781217448
181682,APARTAMENTO ALTO PADRÃO PRÓXIMO À AVENIDA BRAZ OLAIA ACOSTA OTIMA OPORTUNIDADE,Nova Alianca,Zona Sul,3,4,2,171.0,1600000.0,9356.72514619883,7235.27815404702,7019.92781217448
144347,Apartamento de 238m² com 04 quartos para locação   Jardim Irajá,Jardim Iraja,Zona Sul,4,4,4,238.0,1600000.0,6722.68907563025,5843.60369977321,7019.92781217448
86264,Apartamento duplex de 320m² com 03 suítes   Jardim Canadá,Jardim Canada,Zona Sul,3,5,3,320.0,1600000.0,5000.0,7006.02337064892,7019.92781217448
124661,APARTAMENTO ALTO PADRÃO NO CENTRO,Centro,Centro,4,5,4,442.0,1600000.0,3619.90950226244,3969.0889863009,4114.37759196461
115970,EXCELENTE APARTAMENTO ALTO PADRÃO PARA VENDA NO BAIRRO JARDIM IRAJÁ,Jardim Iraja,Zona Sul,4,6,4,336.0,1600000.0,4761.90476190476,5843.60369977321,7019.92781217448
201023,Apartamento de 194m² com 03 suítes   Jardim Botânico,Jardim Botanico,Zona Sul,3,5,3,194.0,1620000.0,8350.51546391753,7403.36272123417,7019.92781217448
214907,Apartamento de 166m² com 03 suítes   Jardim Olhos d´agua,Jardim Olhos DAgua,Zona Sul,3,5,2,166.0,1631480.08,9828.19325301205,9706.16858313729,7019.92781217448
214613,Apartamento de 154m² com 04 suítes para locação e venda   Jardim Olhos D`Água II,Jardim Olhos DAgua,Zona Sul,3,5,3,154.0,1650000.0,10714.2857142857,9706.16858313729,7019.92781217448
143750,Apartamento de 378m² com 04 quartos para locação e venda   Higienópolis,Centro,Centro,4,4,4,378.0,1650000.0,4365.07936507937,3969.0889863009,4114.37759196461
134297,Apartamento mobiliado de 134m² com 03 suítes para locação e venda   Jardim Olhos D`Água,Jardim Olhos DAgua,Zona Sul,3,5,2,134.0,1650000.0,12313.4328358209,9706.16858313729,7019.92781217448
211685,Apartamento de 166m² com 03 suítes à venda   Jardim Olhos D`Água,Jardim Olhos DAgua,Zona Sul,3,5,2,166.0,1654954.03,9969.60259036145,9706.16858313729,7019.92781217448
113585,PRÉDIO PRÓXIMO AO NOVO SHOPPING,Parque Industrial Lagoinha,Zona Leste,9,9,9,389.0,1660000.0,4267.35218508997,4502.88532269356,4646.24632076016
170330,Apartamento de 197m² com 03 suítes à venda   Jardim Olhos D`Água II,Jardim Olhos DAgua,Zona Sul,3,4,2,197.0,1661218.0,8432.57868020305,9706.16858313729,7019.92781217448
166520,Apartamento com vista para o Parque Olhos D`Água   KAIRÓS,Jardim Olhos DAgua,Zona Sul,4,6,3,197.0,1661218.0,8432.57868020305,9706.16858313729,7019.92781217448
191042,Apartamento de 158m² com 03 quartos à venda   Jardim Olhos D`Água II,Jardim Olhos DAgua,Zona Sul,3,4,3,158.0,1670000.0,10569.6202531646,9706.16858313729,7019.92781217448
219395,Apartamento de 170m² com 03 suítes à venda   Vila do Golf,Vila do Golf,Zona Sul,3,6,3,170.0,1680000.0,9882.35294117647,9872.36315439169,7019.92781217448
244697,Apartamento de 156M² com 03 suítes à venda   Jardim Botânico,Jardim Botanico,Zona Sul,3,5,2,156.0,1690000.0,10833.3333333333,7403.36272123417,7019.92781217448
185339,Apartamento de 214m² com 03 suítes à venda   Bosque das Juritis,Jardim Sao Luiz,Zona Sul,3,5,3,214.0,1690000.0,7897.19626168224,5775.49648772587,7019.92781217448
238286,Apartamento de 195m² com 03 suítes à venda   Vila do Golf,Residencial Alto do Ipe,Zona Sul,3,4,4,195.0,1700000.0,8717.94871794872,8694.05961893228,7019.92781217448
235889,Apartamento de 80m² com 03 suítes para venda   Jardim Olhos D`água,Bonfim Paulista,Zona Sul,3,4,1,80.0,1700000.0,21250.0,8197.59279884853,7019.92781217448
226820,Apartamento de 124m² com 03 suítes para locação e venda   Jardim Olhos D`água,Bonfim Paulista,Zona Sul,3,4,2,124.0,1700000.0,13709.6774193548,8197.59279884853,7019.92781217448
189578,Apartamento de 229m² com 04 quartos à venda   Jardim Irajá,Jardim Iraja,Zona Sul,4,3,4,229.0,1700000.0,7423.5807860262,5843.60369977321,7019.92781217448
175190,Apartamento de 151m² com 03 suítes à venda   Jardim Olhos D`Água II,Jardim Olhos DAgua,Zona Sul,3,5,2,151.0,1700000.0,11258.2781456954,9706.16858313729,7019.92781217448
225398,Apartamento de 179m² com 03 suítes à venda   Jardim Botânico,Jardim Botanico,Zona Sul,3,5,3,179.0,1700000.0,9497.20670391062,7403.36272123417,7019.92781217448
170327,Apartamento de 197m² com 03 suítes à venda   Jardim Olhos D`Água II,Jardim Olhos DAgua,Zona Sul,4,6,3,197.0,1711728.0,8688.97461928934,9706.16858313729,7019.92781217448
186365,ÓTIMO APARTAMENTO NO BAIRRO JARDIM BOTÂNICO,Bosque das Juritis,Zona Sul,3,4,3,218.0,1716000.0,7871.55963302752,8028.33244392152,7019.92781217448
213608,Lançamento Artse   Apartamento de 183m² com 03 suítes à venda   Jardim Ilhas do Sul,Jardim Ilhas do Sul,Zona Sul,3,5,3,183.0,1743704.06,9528.4374863388,8797.52735990227,7019.92781217448
233156,"Apartamento com 191 m², com 03 quartos, para venda   Vila do Golf.",Vila do Golf,Zona Sul,3,5,3,191.0,1745000.0,9136.12565445026,9872.36315439169,7019.92781217448
213611,Lançamento Artse   Apartamento de 183m² com 03 suítes à venda   Jardim Ilhas do Sul,Jardim Ilhas do Sul,Zona Sul,3,5,3,183.0,1746181.11,9541.97327868853,8797.52735990227,7019.92781217448
228185,Apartamento de 218m² com 03 suítes à venda   Bosque das Jurutis,Bosque das Juritis,Zona Sul,3,5,3,218.0,1749000.0,8022.93577981651,8028.33244392152,7019.92781217448
226088,Apartamento de 195m² com 03 suítes à venda   Residencial Alto do Ipê,Residencial Alto do Ipe,Zona Sul,3,4,4,195.0,1750000.0,8974.35897435898,8694.05961893228,7019.92781217448
179024,Apartamento de 183m² com 03 suítes à venda   Jardim Botânico,Jardim Botanico,Zona Sul,3,5,3,183.0,1750000.0,9562.84153005464,7403.36272123417,7019.92781217448
198920,Apartamento de 195M² com 03 suítes à venda   Vila do Golf,Residencial Alto do Ipe,Zona Sul,3,4,4,195.0,1750000.0,8974.35897435898,8694.05961893228,7019.92781217448
237785,Apartamento de 179M² com 03 suítes à venda   Jardim Botânico,Jardim Botanico,Zona Sul,3,5,3,179.0,1780000.0,9944.13407821229,7403.36272123417,7019.92781217448
220745,Apartamento de 227m² com 03 suítes à venda   Jardim Ilhas do Sul,Jardim Ilhas do Sul,Zona Sul,3,5,4,227.0,1780000.0,7841.40969162996,8797.52735990227,7019.92781217448
170318,Apartamento de 151m² com 03 suítes à venda   Jardim Olhos D`Água II,Jardim Olhos DAgua,Zona Sul,3,5,2,151.0,1787493.0,11837.701986755,9706.16858313729,7019.92781217448
239516,Apartamento de 227m² com 04 suítes à venda   Jardim Ilhas do Sul,Jardim Ilhas do Sul,Zona Sul,3,5,4,227.0,1800000.0,7929.5154185022,8797.52735990227,7019.92781217448
238283,Apartamento de 195m² com 04 quartos à venda   Residencial Alto do Ipê,Residencial Alto do Ipe,Zona Sul,4,3,4,195.0,1800000.0,9230.76923076923,8694.05961893228,7019.92781217448
202757,Apartamento de 237m² com 03 suítes à venda   Jardim Olhos D`Água,Jardim Ilhas do Sul,Zona Sul,3,5,4,237.0,1800000.0,7594.93670886076,8797.52735990227,7019.92781217448
192110,Apartamento de 237m² com 04 suítes,Jardim Ilhas do Sul,Zona Sul,4,6,4,237.0,1800000.0,7594.93670886076,8797.52735990227,7019.92781217448
115967,Apartamento mobiliado de 167m² com 03 suítes para locação e venda   Jardim Botânico,Jardim Botanico,Zona Sul,3,5,3,167.0,1800000.0,10778.4431137725,7403.36272123417,7019.92781217448
207779,Apartamento de 237m² com 04 suítes à venda   Jardim Ilhas do Sul,Jardim Ilhas do Sul,Zona Sul,4,6,4,237.0,1800000.0,7594.93670886076,8797.52735990227,7019.92781217448
192101,***OTIMO APARTAMENTO****,Jardim Ilhas do Sul,Zona Sul,4,6,4,237.0,1800000.0,7594.93670886076,8797.52735990227,7019.92781217448
242087,Apartamento de 185m² com 03 suítes à venda   Vila do Golfe,Vila do Golf,Zona Sul,3,5,3,185.0,1800015.81,9729.81518918919,9872.36315439169,7019.92781217448
228734,Casa sobrado de 257m² com 03 suítes para locação e venda  Vila do Golf,Vila do Golf,Zona Sul,3,5,4,257.0,1810000.0,7042.80155642023,9872.36315439169,7019.92781217448
214811,Apartamento de 239m² com 04 suítes   Jardim Botânico,Jardim Botanico,Zona Sul,4,5,3,239.0,1811110.0,7577.86610878661,7403.36272123417,7019.92781217448
242090,Apartamento de 185m² com 03 suítes à venda   Vila do Golfe,Vila do Golf,Zona Sul,3,5,3,185.0,1837910.88,9934.65340540541,9872.36315439169,7019.92781217448
231809,Apartamento de 227m² com 03 suítes à venda   Jardim Ilhas do Sul,Jardim Ilhas do Sul,Zona Sul,4,6,4,227.0,1850000.0,8149.77973568282,8797.52735990227,7019.92781217448
228092,Apartamento de 227m² com 03 suítes à venda   Jardim Ilhas do Sul,Jardim Ilhas do Sul,Zona Sul,3,6,4,227.0,1850000.0,8149.77973568282,8797.52735990227,7019.92781217448
228086,Apartamento de 227m² com 04 suítes à venda   Jardim Ilhas do Sul,Jardim Ilhas do Sul,Zona Sul,4,6,4,227.0,1850000.0,8149.77973568282,8797.52735990227,7019.92781217448
228044,Apartamento de 227m² com 03 suítes à venda   Jardim Ilhas do Sul,Jardim Ilhas do Sul,Zona Sul,3,6,4,227.0,1850000.0,8149.77973568282,8797.52735990227,7019.92781217448
228038,Apartamento de 227m² com 04 suítes à venda   Jardim Ilhas do Sul,Jardim Ilhas do Sul,Zona Sul,4,6,4,227.0,1850000.0,8149.77973568282,8797.52735990227,7019.92781217448
228035,Apartamento de 227m² com 03 suítes à venda   Jardim Ilhas do Sul,Jardim Ilhas do Sul,Zona Sul,3,6,4,227.0,1850000.0,8149.77973568282,8797.52735990227,7019.92781217448
228029,Apartamento de 227m² com 04 suítes à venda   Jardim Ilhas do Sul,Jardim Ilhas do Sul,Zona Sul,4,6,4,227.0,1850000.0,8149.77973568282,8797.52735990227,7019.92781217448
228023,Apartamento de 227m² com 03 suítes à venda   Jardim Ilhas do Sul,Jardim Ilhas do Sul,Zona Sul,3,6,4,227.0,1850000.0,8149.77973568282,8797.52735990227,7019.92781217448
228014,Apartamento de 227m² com 04 suítes à venda   Jardim Ilhas do Sul,Jardim Ilhas do Sul,Zona Sul,4,6,4,227.0,1850000.0,8149.77973568282,8797.52735990227,7019.92781217448
212177,Apartamento de 278m² com 04 suítes à venda   Ribeirânia,Ribeirania,Zona Leste,4,6,4,278.0,1850000.0,6654.67625899281,6622.45012983218,4646.24632076016
221678,Apartamento de 218m² com 03 suítes à venda   Bosque das Juritis,Bosque das Juritis,Zona Sul,3,5,3,218.0,1860000.0,8532.11009174312,8028.33244392152,7019.92781217448
225134,Apartamento de 191m² com 03 suítes à venda em condomínio   Vila do Golf,Vila do Golf,Zona Sul,3,4,3,191.0,1880000.0,9842.93193717277,9872.36315439169,7019.92781217448
242093,Apartamento de 185m² com 03 suítes à venda   Vila do Golfe,Vila do Golf,Zona Sul,3,5,3,185.0,1894753.48,10241.9107027027,9872.36315439169,7019.92781217448
232268,Apartamento de 227m² com 03 suítes à venda   Ilhas do Sul,Jardim Ilhas do Sul,Zona Sul,3,5,2,227.0,1895000.0,8348.01762114538,8797.52735990227,7019.92781217448
232265,Apartamento de 227m² com 03 quartos para venda   Jardim Ilhas do Sul,Jardim Ilhas do Sul,Zona Sul,3,4,1,227.0,1895000.0,8348.01762114538,8797.52735990227,7019.92781217448
234704,Apartamento de 218m² com 04 quartos para venda e locação   Bosque das Juritis,Bosque das Juritis,Zona Sul,4,5,3,218.0,1910000.0,8761.46788990826,8028.33244392152,7019.92781217448
236663,Apartamento de 246m² com 04 suítes à   Jardim Botânico,Jardim Botanico,Zona Sul,4,6,4,246.0,1920000.0,7804.87804878049,7403.36272123417,7019.92781217448
215591,Apartamento de 204m² com 04 quartos à venda   Jardim Olhos D`Água,Jardim Olhos DAgua,Zona Sul,4,4,3,204.0,1932010.0,9470.63725490196,9706.16858313729,7019.92781217448
231455,Apartamento de 227 m² com 04 suítes para venda   Ilhas do Sul.,Jardim Ilhas do Sul,Zona Sul,3,5,4,227.0,1950000.0,8590.30837004405,8797.52735990227,7019.92781217448
218006,Lançamento: Cidade de Milão   Apartamento de 204m² com 03 suítes à venda   Jardim Ilhas do Sul,Jardim Ilhas do Sul,Zona Sul,3,4,3,204.0,1985670.0,9733.67647058824,8797.52735990227,7019.92781217448
240458,Apartamento de 197m² com 03 suítes à venda   Jardim Olhos D`Água,Jardim Olhos DAgua,Zona Sul,3,4,3,197.0,1990000.0,10101.5228426396,9706.16858313729,7019.92781217448
245108,Apartamento de 50m² com 02 quartos para venda   Heitor Rigon,Jardim Heitor Rigon,Zona Norte,2,1,1,50.0,100000.0,2000.0,3530.62855692946,4316.94719953754
206156,Apartamento de 42m² com 02 quartos para locação   Jardim José Wilson Toni,Jardim Jose Wilson Toni,Zona Norte,2,1,1,42.0,100000.0,2380.95238095238,3558.22945254947,4316.94719953754
176885,****LINDO APARTAMENTO NO JOÃO ROSSI****,Nova Alianca,Zona Sul,2,1,1,45.0,100000.0,2222.22222222222,7235.27815404702,7019.92781217448
174905,APARTAMENTO NO RESIDENCIAL DAS AMÉRICAS,Residencial das Americas,Zona Norte,2,1,1,42.0,100000.0,2380.95238095238,3341.29895223855,4316.94719953754
162569,APARTAMENTO PRÓXIMO À AVENIDA RENÊ OLIVA STRANG,Jardim Jose Wilson Toni,Zona Norte,2,1,1,42.0,100000.0,2380.95238095238,3558.22945254947,4316.94719953754
150809,Apartamento da 48m² com 02 quartos à venda   Quintino Facci II,Quintino Facci II,Zona Norte,2,1,1,48.0,100000.0,2083.33333333333,3658.03558245004,4316.94719953754
150086,Apartamento de 42m² com 02 quartos à venda   Jardim Javari,Jardim Javari,Zona Oeste,2,1,1,42.0,100000.0,2380.95238095238,2828.57142857143,4568.83198282477
104546,APARTAMENTO NO PRESIDENTE DUTRA,Residencial das Americas,Zona Norte,2,1,1,43.0,100000.0,2325.58139534884,3341.29895223855,4316.94719953754
158822,APARTAMENTO PRÓXIMO À RODOVIA ALEXANDRE BALBO,Jardim Heitor Rigon,Zona Norte,2,1,1,50.0,101000.0,2020.0,3530.62855692946,4316.94719953754
123884,APARTAMENTO PRÓXIMO AO NOVO MERCADÃO,Jardim Joao Rossi,Zona Sul,2,1,1,41.0,104000.0,2536.58536585366,2950.48145403395,7019.92781217448
214574,Apartamento de 55m² com 01 quarto à venda   Jardim Castelo Branco,Jardim Castelo Branco,Zona Leste,1,1,1,55.0,106000.0,1927.27272727273,4046.86527169807,4646.24632076016
214571,Apartamento de 55m² com 01 quarto à venda   Jardim Castelo Branco,Jardim Castelo Branco,Zona Leste,1,1,1,55.0,106000.0,1927.27272727273,4046.86527169807,4646.24632076016
214568,Apartamento de 49m² com 01 quarto à venda   Jardim Castelo Branco,Jardim Castelo Branco,Zona Leste,1,1,1,49.0,106000.0,2163.26530612245,4046.86527169807,4646.24632076016
214565,Apartamento de 72m² com 01 quarto à venda   Jardim Castelo Branco,Jardim Castelo Branco,Zona Leste,1,1,1,72.0,106000.0,1472.22222222222,4046.86527169807,4646.24632076016
192176,Ótimo apartamento no Jardim João Rossi,Jardim Joao Rossi,Zona Sul,2,1,1,74.0,106000.0,1432.43243243243,2950.48145403395,7019.92781217448
150971,APARTAMENTO TÉRREO NO JOÃO ROSSI,Jardim Joao Rossi,Zona Sul,2,1,1,41.0,106000.0,2585.36585365854,2950.48145403395,7019.92781217448
129893,APARTAMENTO NO JARDIM JOÃO ROSSI,Jardim Joao Rossi,Zona Sul,2,1,1,45.0,107000.0,2377.77777777778,2950.48145403395,7019.92781217448
230804,Apartamento de 31m² com 01 quarto á venda   Vila Virgínia,Vila Virginia,Zona Oeste,1,1,1,31.0,110000.0,3548.38709677419,4199.44386633332,4568.83198282477
184886,Apartamento de 42m² com 2 quartos para venda   Nova Aliança,Nova Alianca,Zona Sul,2,1,1,42.0,110000.0,2619.04761904762,7235.27815404702,7019.92781217448
176099,APARTAMENTO NO JARDIM JAVARI,Jardim Javari,Zona Oeste,2,1,1,42.0,110000.0,2619.04761904762,2828.57142857143,4568.83198282477
133472,Apartamento   Padrão,Jardim Joao Rossi,Zona Sul,2,1,1,42.0,110000.0,2619.04761904762,2950.48145403395,7019.92781217448
105224,APARTAMENTO PRÓXIMO À RUA JAVARI,Residencial das Americas,Zona Norte,2,1,1,40.0,110000.0,2750.0,3341.29895223855,4316.94719953754
242120,Apartamento de 42m² com 02 quartos à venda   Jardim Zara,Jardim Zara,Zona Leste,2,1,1,42.0,110000.0,2619.04761904762,3994.52759311292,4646.24632076016
187730,APARTAMENTO PRÓXIMO À RODOVIA ANHANGUERA,Quintino Facci II,Zona Norte,2,1,1,48.0,110000.0,2291.66666666667,3658.03558245004,4316.94719953754
107537,APARTAMENTO NO JARDIM JOÃO ROSSI,Jardim Joao Rossi,Zona Sul,2,1,1,63.0,112000.0,1777.77777777778,2950.48145403395,7019.92781217448
219623,Apartamento de 39m² com 02 quartos para locação e venda   Residencial das Américas,Residencial das Americas,Zona Norte,2,1,1,39.0,115000.0,2948.71794871795,3341.29895223855,4316.94719953754
227555,Apartamento de 44m² com 02 quartos à venda   Jardim Eugênio Mendes Lopes,Jardim Eugenio Mendes Lopes,Zona Oeste,2,2,1,44.0,115000.0,2613.63636363636,3240.00999000999,4568.83198282477
195914,Apartamento de 39m² com 02 quartos para venda   Residencial das Américas,Residencial das Americas,Zona Norte,2,1,1,39.0,117000.0,3000.0,3341.29895223855,4316.94719953754
230963,Apartamento de 43m² com 02 quartos á venda e locação   Vitta Heitor Rigon III,Jardim Heitor Rigon,Zona Norte,2,1,1,43.0,120000.0,2790.6976744186,3530.62855692946,4316.94719953754
245486,Apartamento/Padrão   2 quartos para venda   Conjunto Habitacional João Rossi,Jardim Joao Rossi,Zona Sul,2,1,1,42.0,120000.0,2857.14285714286,2950.48145403395,7019.92781217448
245045,Apartamento de 48m² com 02 quartos para venda   Jardim Heitor Rigon,Jardim Heitor Rigon,Zona Norte,2,1,1,48.0,120000.0,2500.0,3530.62855692946,4316.94719953754
236381,Apartamento de 48m² com 02 quartos à venda   Jardim Heitor Rigon,Jardim Heitor Rigon,Zona Norte,2,1,1,48.0,120000.0,2500.0,3530.62855692946,4316.94719953754
231203,Apartamento de 43m² com 02 quartos á venda   Jardim Heitor Rigon,Jardim Heitor Rigon,Zona Norte,2,1,1,43.0,120000.0,2790.6976744186,3530.62855692946,4316.94719953754
231176,Apartamento de 41m² com 02 quartos para venda   João Rossi,Jardim Joao Rossi,Zona Sul,2,1,1,41.0,120000.0,2926.82926829268,2950.48145403395,7019.92781217448
222149,Apartamento de 45m² com 01 quarto à venda   Centro,Centro,Centro,1,1,1,45.0,120000.0,2666.66666666667,3969.0889863009,4114.37759196461
215543,Apartamento de 44m² com 02 quartos para locação   Ipiranga,Jardim Herculano Fernandes,Zona Oeste,2,1,1,44.0,120000.0,2727.27272727273,2727.27272727273,4568.83198282477
197162,APARTAMENTO NA VILA VIRGINIA,Vila Virginia,Zona Oeste,2,1,1,62.0,120000.0,1935.48387096774,4199.44386633332,4568.83198282477
190163,Apartamento de 47m² com 02 quartos à venda   Jardim das Palmeiras,Conjunto Habitacional Jardim das Palmeiras,Zona Norte,2,1,1,47.0,120000.0,2553.1914893617,3512.02019163783,4316.94719953754
163445,Apartamento de 40m² com com 02 quartos para locação e venda   Parque dos Pinus,Parque dos Pinus,Zona Norte,2,1,1,40.0,127700.0,3192.5,4176.00482723577,4316.94719953754
223070,Apartamento de 44m² 02 quartos para locação   Geraldo Correia de Carvalho,Geraldo Correia de Carvalho,Zona Norte,2,1,1,44.0,135000.0,3068.18181818182,3405.81955922865,4316.94719953754
216842,Apartamento de 40m² com 02 quartos à venda   Reserva Real,Reserva Real,Zona Sul,2,1,1,40.0,135000.0,3375.0,4252.08579993765,7019.92781217448
202475,Apartamento de 42 m² com 2 quartos   Vila Pompeia,Ipiranga,Zona Oeste,2,1,1,42.0,137800.0,3280.95238095238,4227.19529650629,4568.83198282477
238052,Apartamento de 48m² com 02 quartos para locação e venda   Parque São Sebastião,Parque Sao Sebastiao,Zona Leste,2,1,1,48.0,139000.0,2895.83333333333,4018.24997986766,4646.24632076016
130730,Apartamento de 42m² com 02 quartos para a locação e venda   Jardim Heitor Rigon,Jardim Heitor Rigon,Zona Norte,2,1,1,42.0,140000.0,3333.33333333333,3530.62855692946,4316.94719953754
210416,Apartamento de 43m² com 02 quartos à venda   Jardim Heitor Rigon,Jardim Heitor Rigon,Zona Norte,2,1,1,43.0,140000.0,3255.81395348837,3530.62855692946,4316.94719953754
205916,Apartamento de 39m² com 02 quartos para locação   Residencial das Américas,Residencial das Americas,Zona Norte,2,1,1,39.0,140000.0,3589.74358974359,3341.29895223855,4316.94719953754
221180,Apartamento de 42m² com 02 quartos para locação e venda   Jardim José Wilson Toni,Jardim Jose Wilson Toni,Zona Norte,2,1,1,42.0,140000.0,3333.33333333333,3558.22945254947,4316.94719953754
201353,Apartamento de 42m² com 02 quartos   Valentina Figueiredo,Valentina Figueiredo,Zona Norte,2,1,1,42.0,140000.0,3333.33333333333,3736.9036213197,4316.94719953754
222506,Apartamento de 42m² com 02 quartos para venda e locação   Valentina Figueiredo,Valentina Figueiredo,Zona Norte,2,1,1,42.0,140000.0,3333.33333333333,3736.9036213197,4316.94719953754
201302,Apartamento de 40m² com 02 quartos para venda e locação   Jardim Ouro Branco,Jardim Ouro Branco,Zona Leste,2,1,1,40.0,140000.0,3500.0,4456.14834639336,4646.24632076016
228299,Apartamento de 41m² com 02 quartos para venda e locação   Conjunto Habitacional Sílvio Passalacqua,Conjunto Habitacional Silvio Passalacqua,Zona Oeste,2,1,1,41.0,149000.0,3634.14634146342,3620.71440927175,4568.83198282477
151295,Apartamento de 46m² com 02 quartos para locação   Ipiranga,Ipiranga,Zona Oeste,2,1,1,46.0,149000.0,3239.13043478261,4227.19529650629,4568.83198282477
83258,Apartamento de 49m² com 01 quarto à venda   Bairro Jardim Macedo,Jardim Macedo,Zona Leste,1,1,1,49.0,150000.0,3061.22448979592,4049.64935899923,4646.24632076016
201677,Apartamento de 44m² com 2 quartos para locação e venda   Nova Califórnia,Jardim California,Zona Sul,2,1,1,44.0,150000.0,3409.09090909091,7048.58207831218,7019.92781217448
201014,Apartamento de 42m² com 02 quartos para locação e venda   Jardim Florestan Fernandes,Jardim Florestan Fernandes,Zona Norte,2,1,1,42.0,155000.0,3690.47619047619,4173.34114617131,4316.94719953754
226037,Apartamento de 43m² com 02 quartos à venda   Reserva Macaúba,Reserva Macauba,Zona Norte,2,1,1,43.0,155000.0,3604.6511627907,4441.08952445151,4316.94719953754
243020,Apartamento de 41m² com 02 quartos para locação   Reserva Real,Reserva Real,Zona Sul,2,1,1,41.0,155000.0,3780.48780487805,4252.08579993765,7019.92781217448
244172,Apartamento de 42m² com 02 quartos para a locação e venda   Recanto das Palmeiras,Recanto das Palmeiras,Zona Leste,2,1,1,42.0,159000.0,3785.71428571429,3686.50793650794,4646.24632076016
216002,Apartamento de 41m² com 02 quartos para locação e venda   Reserva Real,Reserva Real,Zona Sul,2,1,1,41.0,159000.0,3878.04878048781,4252.08579993765,7019.92781217448
230474,Apartamento de 41m² com 02 quartos para locação e venda   Reserva Real.,Reserva Real,Zona Sul,2,1,1,41.0,160000.0,3902.43902439024,4252.08579993765,7019.92781217448
201161,Apartamento de 34m² com 01 quarto à venda e locação   Vila Monte Alegre,Vila Monte Alegre,Zona Oeste,1,1,1,34.0,160000.0,4705.88235294118,5171.67916226382,4568.83198282477
170090,Apartamento de 65m² com 02 quartos para locação e venda   Planalto verde.,Jamil Seme Cury,Zona Norte,2,1,1,65.0,160000.0,2461.53846153846,2461.53846153846,4316.94719953754
235241,Apartamento de 41m² com 02 quartos para venda e locação   Conjunto Habitacional Sílvio Passalacqua,Conjunto Habitacional Silvio Passalacqua,Zona Oeste,2,1,1,41.0,160000.0,3902.43902439024,3620.71440927175,4568.83198282477
219830,Apartamento de 43m² com 02 quartos para locação e venda   Jardim Heitor Rigon,Jardim Heitor Rigon,Zona Norte,2,1,1,43.0,160000.0,3720.93023255814,3530.62855692946,4316.94719953754
208166,Apartamento de 41m² com 02 quartos à venda condomínio Palácio Imperial   Reserva Real,Reserva Real,Zona Sul,2,1,1,41.0,160000.0,3902.43902439024,4252.08579993765,7019.92781217448
149717,APARTAMENTO PRÓXIMO À AVENIDA INDEPENDÊNCIA,Vila Seixas,Centro,1,1,1,52.0,160000.0,3076.92307692308,4862.36131633665,4114.37759196461
229325,Apartamento de 41m² com 02 quartos para venda e locação   Reserva Real,Reserva Real,Zona Sul,2,1,1,41.0,160000.0,3902.43902439024,4252.08579993765,7019.92781217448
171029,Apartamento de 02 quartos para locação   Campos Elíseos,Campos Eliseos,Zona Norte,2,1,1,47.0,165000.0,3510.63829787234,4308.89631323999,4316.94719953754
163343,APARTAMENTO PRÓXIMO AO ATACADÃO,Valentina Figueiredo,Zona Norte,2,1,1,42.0,165000.0,3928.57142857143,3736.9036213197,4316.94719953754
157112,Apartamento de 37m² com 01 quarto para locação e venda   Centro,Centro,Centro,1,1,1,37.0,170000.0,4594.5945945946,3969.0889863009,4114.37759196461
122978,Apartamento de 01 quarto para locação   Jardim Paulista,Jardim Paulistano,Zona Leste,1,1,1,51.0,170000.0,3333.33333333333,4354.41245373771,4646.24632076016
216524,Apartamento térreo de 40m² com 02 quartos para locação e venda   Jardim Ouro Branco,Jardim Ouro Branco,Zona Leste,2,1,1,40.0,170000.0,4250.0,4456.14834639336,4646.24632076016
172091,Apartamento de 48m² com 02 quartos   Bonfim Paulista,Jardim Sao Fernando,Zona Oeste,2,1,1,48.0,170000.0,3541.66666666667,4718.15476190476,4568.83198282477
130712,APARTAMENTO PRÓXIMO À RUA TAPAJÓS,Ipiranga,Zona Oeste,2,1,1,7.0,170000.0,24285.7142857143,4227.19529650629,4568.83198282477
99863,Apartamento duplex de 41m² com 01 quarto para venda e locação   Centro,Centro,Centro,1,1,1,41.0,170000.0,4146.34146341463,3969.0889863009,4114.37759196461
104543,Apartamento de 42m² com 02 quartos para venda e locação   Jardim Itaú,Jardim Itau,Zona Norte,2,1,1,42.0,170000.0,4047.61904761905,4105.97173905832,4316.94719953754
219431,Apartamento térreo de 42m² com 02 quartos para locação e venda   Recanto das Palmeiras,Recanto das Palmeiras,Zona Leste,2,1,1,42.0,170000.0,4047.61904761905,3686.50793650794,4646.24632076016
204398,Apartamento de 41m² com 02 quartos à venda   Reserva Real,Reserva Real,Zona Sul,2,1,1,41.0,170000.0,4146.34146341463,4252.08579993765,7019.92781217448
168386,Apartamento de 40m² com 02 quartos para locação e venda   Reserva Real,Reserva Real,Zona Sul,2,1,1,40.0,170000.0,4250.0,4252.08579993765,7019.92781217448
14915,Apartamento com 53m² com 2 quartos à venda   Jardim Anhanguera,Jardim Anhanguera,Zona Leste,2,1,1,53.0,170000.0,3207.54716981132,4372.03682882804,4646.24632076016
98864,APARTAMENTO NA VILA VIRGNÍNIA,Vila Virginia,Zona Oeste,2,1,1,42.0,170000.0,4047.61904761905,4199.44386633332,4568.83198282477
232007,Apartamento de 46m² com 02 quartos para locação e venda   Parque São Sebastião,Parque Sao Sebastiao,Zona Leste,2,1,1,46.0,175000.0,3804.34782608696,4018.24997986766,4646.24632076016
236738,Apartamento de 37m² com 01 quarto para venda e locação   City Ribeirão,City Ribeirao,Zona Sul,1,1,1,37.0,175000.0,4729.72972972973,5481.73996829135,7019.92781217448
155732,APARTAMENTO PRÓXIMO À AVENIDA CARAMURU,Jardim Sumare,Zona Sul,2,1,1,49.0,179900.0,3671.42857142857,6366.17718327786,7019.92781217448
214370,Apartamento de 43m² com 02 quartos para locação e venda   Reserva Macaúba,Reserva Macauba,Zona Norte,2,1,1,43.0,180000.0,4186.04651162791,4441.08952445151,4316.94719953754
141767,Apartamento de 40m² com 02 quartos para locação   Parque dos Pinus,Parque dos Pinus,Zona Norte,2,1,1,40.0,180000.0,4500.0,4176.00482723577,4316.94719953754
231926,Apartamento de 47m² com 2 dormitórios à venda   Jardim Paulistano,Jardim Paulistano,Zona Leste,2,1,1,47.0,180000.0,3829.78723404255,4354.41245373771,4646.24632076016
152066,Apartamento de 02 quartos para locação   Jardim Zara,Jardim Zara,Zona Leste,2,1,1,42.0,180000.0,4285.71428571429,3994.52759311292,4646.24632076016
238904,Apartamento de 41m² com 02 quartos para locação   Residencial Jequitibá,Residencial Jequitiba,Zona Norte,2,1,1,41.0,180000.0,4390.24390243902,4751.76900217579,4316.94719953754
184286,Apartamento de 43m² com 02 quartos para locação e venda   Valentina Figueiredo,Valentina Figueiredo,Zona Norte,2,1,1,43.0,181000.0,4209.3023255814,3736.9036213197,4316.94719953754
192755,Apartamento de 41m² com 02 quartos para venda e locação   Residencial Jequitibá,Residencial Jequitiba,Zona Norte,2,1,1,41.0,185000.0,4512.19512195122,4751.76900217579,4316.94719953754
200132,Apartamento de 46m² com 02 quartos para locação e venda   Ipiranga,Ipiranga,Zona Oeste,2,1,1,46.0,190000.0,4130.4347826087,4227.19529650629,4568.83198282477
219533,Apartamento de 42m² com 02 quartos para a locação   Campos Elíseos,Campos Eliseos,Zona Norte,2,1,1,42.0,190000.0,4523.80952380952,4308.89631323999,4316.94719953754
173525,Apartamento de 41m² com 02 quartos para locação   Reserva Real,Reserva Real,Zona Sul,2,1,1,41.0,190000.0,4634.14634146342,4252.08579993765,7019.92781217448
234185,Apartamento de 42m² com 02 quartos para venda e locação   Jardim Heitor Rigon,Jardim Heitor Rigon,Zona Norte,2,1,1,42.0,190000.0,4523.80952380952,3530.62855692946,4316.94719953754
201719,Apartamento de 42m² com 02 quartos á venda   Jardim Florestan Fernandes,Jardim Florestan Fernandes,Zona Norte,2,1,1,42.0,190000.0,4523.80952380952,4173.34114617131,4316.94719953754
177707,Apartamento de 42m² com 02 quartos para locação e venda   Residencial Parque dos Servidores,Residencial Parque dos Servidores,Zona Leste,2,1,1,42.0,191000.0,4547.61904761905,4474.21131539829,4646.24632076016
129248,Apartamento de 01 quarto para locação   Ribeirânia,Ribeirania,Zona Leste,1,1,1,46.0,191000.0,4152.17391304348,6622.45012983218,4646.24632076016
140438,Apartamento de 40m² com 2 quartos para locação e venda   Jardim Zara I,Jardim Zara,Zona Leste,2,1,1,40.0,191000.0,4775.0,3994.52759311292,4646.24632076016
225689,Apartamento de 42m² com 02 quartos para venda e locação   Jardim Santa Cecilia,Jardim Santa Cecilia,Zona Norte,2,1,1,42.0,195000.0,4642.85714285714,4420.63492063492,4316.94719953754
133355,Apartamento de 42m² com 02 quartos para locação   Residencial Jequitibá,Residencial Jequitiba,Zona Norte,2,1,2,42.0,195000.0,4642.85714285714,4751.76900217579,4316.94719953754
215573,Apartamento de 42m² com 02 quartos para venda e locação   Parque Industrial Lagoinha,Parque Industrial Lagoinha,Zona Leste,2,1,1,42.0,195000.0,4642.85714285714,4502.88532269356,4646.24632076016
95588,Apartamento de 61m² com 03 quartos à venda   Ipiranga,Ipiranga,Zona Oeste,3,1,2,61.0,197000.0,3229.50819672131,4227.19529650629,4568.83198282477
216308,Apartamento de 43m² com 02 quartos para locação   Jardim Interlagos,Jardim Interlagos,Zona Leste,2,1,1,43.0,198000.0,4604.6511627907,4158.11293993337,4646.24632076016
181100,Apartamento de 58m² com 02 quartos para locação e venda   Jardim Zara,Jardim Zara,Zona Leste,2,2,1,58.0,198000.0,3413.79310344828,3994.52759311292,4646.24632076016
235439,Apartamento de 42m² com 02 quartos para locação e venda   Jardim Heitor Rigon,Jardim Heitor Rigon,Zona Norte,2,1,1,42.0,199000.0,4738.09523809524,3530.62855692946,4316.94719953754
236171,Apartamento mobiliado de 195m² com 03 suítes para locação e venda   Residencial Alto do Ipê,Residencial Alto do Ipe,Zona Sul,3,5,5,195.0,2000000.0,10256.4102564103,8694.05961893228,7019.92781217448
177215,Apartamento de 197m² com 03 suítes à venda   Jardim Olhos D`Água II,Jardim Olhos DAgua,Zona Sul,3,4,2,197.0,2100000.0,10659.8984771574,9706.16858313729,7019.92781217448
231245,Apartamento de 237m² com 03 suítes para venda   Ilhas do Sul,Jardim Ilhas do Sul,Zona Sul,3,6,4,237.0,2390000.0,10084.388185654,8797.52735990227,7019.92781217448
229565,Apartamento de 237m² com 03 suítes para venda e locação   Ilhas do Sul,Jardim Ilhas do Sul,Zona Sul,3,5,4,237.0,2400000.0,10126.582278481,8797.52735990227,7019.92781217448
177431,Apartamento de 237m² com 03 suítes para venda e locação   Jardim Ilhas do Sul,Jardim Ilhas do Sul,Zona Sul,3,6,4,237.0,2500000.0,10548.5232067511,8797.52735990227,7019.92781217448
237842,Apartamento de 42m² com 02 quartos para locação e venda   Jardim Heitor Rigon,Jardim Heitor Rigon,Zona Norte,2,1,1,42.0,200000.0,4761.90476190476,3530.62855692946,4316.94719953754
205103,Apartamento studio novo de 29m² para locação   Jardim Palma Travassos,Jardim Palma Travassos,Zona Leste,1,1,1,29.0,200000.0,6896.55172413793,4725.02380139251,4646.24632076016
205097,Apartamento novo com 01 quarto para locação   Jardim Palma Travassos,Jardim Palma Travassos,Zona Leste,1,1,1,29.0,200000.0,6896.55172413793,4725.02380139251,4646.24632076016
222980,Apartamento de 47m² com 02 quartos para locação e venda   Jardim José Figueira,Jardim Jose Figueira,Zona Norte,2,1,1,47.0,200000.0,4255.31914893617,3693.30137947159,4316.94719953754
213800,Apartamento de 69m² com 02 quartos para locação   Jardim Anhanguera,Jardim Anhanguera,Zona Leste,2,2,1,69.0,200000.0,2898.55072463768,4372.03682882804,4646.24632076016
151526,Apartamento de 46m² com 01 quarto para locação   Centro,Centro,Centro,1,1,1,46.0,200000.0,4347.82608695652,3969.0889863009,4114.37759196461
208142,Apartamento de 43m² com 02 quartos para locação e venda   Reserva Macaúba,Reserva Macauba,Zona Norte,2,1,1,43.0,200000.0,4651.16279069768,4441.08952445151,4316.94719953754
101228,Apartamento de 48m² com 01 quarto para venda e locação   Centro,Centro,Centro,1,1,1,48.0,202000.0,4208.33333333333,3969.0889863009,4114.37759196461
76544,Apartamento de 59m² com 02 dormitórios para locação e venda   Jardim Independência,Independencia,Zona Norte,2,1,1,59.0,203000.0,3440.6779661017,3844.6605743041,4316.94719953754
231905,Apartamento semi mobiliado de 42 m² com 02 quartos para locação   Jardim Santa Cecilia,Jardim Santa Cecilia,Zona Norte,2,1,1,42.0,205000.0,4880.95238095238,4420.63492063492,4316.94719953754
32585,Apartamento de 45m² de 1 quarto para locação e venda   Centro,Centro,Centro,1,1,1,45.0,210000.0,4666.66666666667,3969.0889863009,4114.37759196461
214490,Apartamento de 46m² com 01 suíte para locação e venda   Jardim Botânico,Jardim Botanico,Zona Sul,1,1,1,46.0,210000.0,4565.21739130435,7403.36272123417,7019.92781217448
177458,Apartamento de 48m² com 02 quartos para locação e venda   Bonfim Paulista,Jardim Sao Fernando,Zona Oeste,2,1,1,48.0,212000.0,4416.66666666667,4718.15476190476,4568.83198282477
108008,Apartamento de 46m² com 01 quarto para locação e venda   Centro,Centro,Centro,1,1,1,46.0,212000.0,4608.69565217391,3969.0889863009,4114.37759196461
213941,Apartamento de 39m² com 02 quartos para locação   Jardim Diva Tarlá de Carvalho,Jardim Diva Tarla de Carvalho,Zona Norte,2,1,1,39.0,215000.0,5512.82051282051,3667.24240741883,4316.94719953754
210011,Apartamento de 46m² com 02 quartos para locação e venda   Reserva Sul,Reserva Sul Condominio,Zona Sul,2,1,1,46.0,215000.0,4673.91304347826,4662.25639219501,7019.92781217448
99815,Apartamento de 53m² com 02 quartos á venda   Parque Bandeirantes,Parque dos Bandeirantes,Zona Leste,2,1,1,53.0,215000.0,4056.60377358491,4072.45658506483,4646.24632076016
222716,Apartamento de 43m² com 02 quartos para locação   Loteamento Santa Marta,Loteamento Santa Marta,Zona Norte,2,1,1,43.0,220000.0,5116.27906976744,5386.60691471388,4316.94719953754
179675,Apartamento de 56m² com 02 quartos para locação e venda   Chácaras Pedro Corrêa de Carvalho,Chacaras Pedro Correa de Carvalho,Zona Norte,2,2,1,56.0,224400.0,4007.14285714286,4124.52491399826,4316.94719953754
140462,Apartamento de 49m² com 02 quartos para locação e venda   Jardim Ouro Branco,Jardim Ouro Branco,Zona Leste,2,1,1,49.0,225000.0,4591.83673469388,4456.14834639336,4646.24632076016
144257,Apartamento de 54m² com 02 quartos para venda   Parque Industrial Lagoinha,Parque Industrial Lagoinha,Zona Leste,2,1,1,54.0,229000.0,4240.74074074074,4502.88532269356,4646.24632076016
215207,Apartamento de 42m² com 02 quartos para locação   Parque dos Servidores II,Residencial Parque dos Servidores,Zona Leste,2,1,1,42.0,230000.0,5476.19047619048,4474.21131539829,4646.24632076016
241955,Apartamento de 56m² com 02 quartos sendo 01 suíte para locação e venda   Chácaras Pedro Corrêa de Carvalho,Chacaras Pedro Correa de Carvalho,Zona Norte,2,2,1,56.0,230000.0,4107.14285714286,4124.52491399826,4316.94719953754
238013,Apartamento semi mobiliado de 44m² com 02 quartos para locação e venda   Residencial Greenville,Residencial Greenville,Zona Norte,2,1,1,44.0,230000.0,5227.27272727273,4670.88804474239,4316.94719953754
80627,Apartamento de 52m² com 1 quarto   Vila Seixas,Vila Seixas,Centro,1,1,1,52.0,235000.0,4519.23076923077,4862.36131633665,4114.37759196461
134555,Apartamento de 44m² com 01 quarto à venda   Jardim Paulista,Jardim Paulista,Zona Leste,1,1,1,44.0,235000.0,5340.90909090909,4839.65243893052,4646.24632076016
92267,Apartamento de 62m² com 03 quartos sendo 01 suíte para locação   Presidente Médici,Presidente Medici,Zona Leste,3,2,1,62.0,235000.0,3790.32258064516,4508.64185474962,4646.24632076016
202643,Apartamento de 42m² com 01 quarto para locação e venda  Jardim Califórnia,Jardim California,Zona Sul,1,1,1,42.0,237000.0,5642.85714285714,7048.58207831218,7019.92781217448
67985,Apartamento de 90m² com 03 quartos para locação   Vila Seixas,Vila Seixas,Centro,3,2,1,90.0,240000.0,2666.66666666667,4862.36131633665,4114.37759196461
151487,Apartamento de 59m² com 2 quartos á venda   Parque Industrial Lagoinha,Parque Industrial Lagoinha,Zona Leste,2,1,1,59.0,240000.0,4067.79661016949,4502.88532269356,4646.24632076016
106730,Apartamento de 78m² com 02 dormitórios para locação e venda   Centro,Centro,Centro,2,2,1,78.0,240000.0,3076.92307692308,3969.0889863009,4114.37759196461
92387,Apartamento de 68m² com 03 quartos para locação e venda   Centro,Centro,Centro,3,3,1,68.0,243000.0,3573.52941176471,3969.0889863009,4114.37759196461
121742,Apartamento de 47m² com 02 quartos para locação e venda   Residencial Greenville,Residencial Greenville,Zona Norte,2,1,1,47.0,245000.0,5212.76595744681,4670.88804474239,4316.94719953754
210491,Apartamento de 34m² com 01 suíte à venda   Jardim Irajá,Jardim Iraja,Zona Sul,1,2,2,34.0,245000.0,7205.88235294118,5843.60369977321,7019.92781217448
196271,Apartamento de 69m² com 01 quarto para locação   Centro,Centro,Centro,1,1,1,69.0,248000.0,3594.20289855073,3969.0889863009,4114.37759196461
115106,Apartamento de 02 quartos para locação   Jardim Independência,Independencia,Zona Norte,2,1,1,59.0,250000.0,4237.28813559322,3844.6605743041,4316.94719953754
233162,Kitnet de 32m² para locação   Nova Ribeirânia,Nova Ribeirania,Zona Leste,1,1,1,32.0,250000.0,7812.5,6636.64015183677,4646.24632076016
162326,Apartamento de 42m² com 02 quartos para locação e venda   Residencial Parque dos Servidores,Residencial Parque dos Servidores,Zona Leste,2,1,1,42.0,250000.0,5952.38095238095,4474.21131539829,4646.24632076016
74117,Apartamento de 39m² com 01 quarto para locação   Jardim Califórnia,Jardim California,Zona Sul,1,1,1,39.0,250000.0,6410.25641025641,7048.58207831218,7019.92781217448
216728,Apartamento de 66m² com 02 quartos para venda   Centro,Centro,Centro,2,2,1,66.0,250000.0,3787.87878787879,3969.0889863009,4114.37759196461
241628,Apartamento de 54m² com 02 quartos para locação e venda   Reserva Sul Condomínio,Reserva Sul Condominio,Zona Sul,2,1,1,54.0,250000.0,4629.62962962963,4662.25639219501,7019.92781217448
89372,Apartamento de 34m² com 01 quarto para locação   Jardim Irajá,Jardim Iraja,Zona Sul,1,1,1,34.0,250000.0,7352.94117647059,5843.60369977321,7019.92781217448
122543,Apartamento de 45m² com 02 quartos para locação e venda   Jardim Manoel Penna,Jardim Manoel Penna,Zona Leste,2,1,1,45.0,254400.0,5653.33333333333,4812.40737129408,4646.24632076016
164219,Apartamento de 48m² com 02 quartos para locação e venda   Bonfim Paulista,Jardim Sao Fernando,Zona Oeste,2,1,1,48.0,256000.0,5333.33333333333,4718.15476190476,4568.83198282477
201494,Apartamento de 49m² com 02 quartos para venda e locação   Campos Eliseos,Campos Eliseos,Zona Norte,2,1,1,49.0,260000.0,5306.12244897959,4308.89631323999,4316.94719953754
66623,Apartamento de 58m² com 02 quartos para locação para venda   Jardim Paulista,Jardim Paulista,Zona Leste,2,1,1,58.0,270000.0,4655.1724137931,4839.65243893052,4646.24632076016
106151,Apartamento de 62m² com 02 quartos para locação e venda   Palmares,Residencial e Comercial Palmares,Zona Leste,2,2,2,62.0,270000.0,4354.83870967742,3830.73455662616,4646.24632076016
205616,Apartamento térreo de 63m² com 02 quartos para locação   Ipiranga,Ipiranga,Zona Oeste,2,2,1,63.0,270000.0,4285.71428571429,4227.19529650629,4568.83198282477
191324,Apartamento de 49 m² com 02 quartos   Campos Elíseos,Campos Eliseos,Zona Norte,2,1,1,49.0,270000.0,5510.20408163265,4308.89631323999,4316.94719953754
157829,Apartamento 56m² com 02 quartos para locação   Parque São Sebastião,Parque Sao Sebastiao,Zona Leste,2,1,1,56.0,270000.0,4821.42857142857,4018.24997986766,4646.24632076016
157823,Apartamento de 56m² com 02 quartos á venda   Parque São Sebastião,Parque Sao Sebastiao,Zona Leste,2,1,1,56.0,270000.0,4821.42857142857,4018.24997986766,4646.24632076016
117320,Apartamento de 01 quarto para locação   Jardim Irajá,Jardim Iraja,Zona Sul,1,1,1,34.0,275000.0,8088.23529411765,5843.60369977321,7019.92781217448
234554,Apartamento de 48m² com 02 quartos para locação e venda   Parque das Oliveiras II,Parque das Oliveiras II,Zona Norte,2,1,1,48.0,280000.0,5833.33333333333,6122.9035639413,4316.94719953754
220703,Apartamento de 43m² com 02 quartos para locação   Recreio das Acácias,Reserva Sao Jose,Zona Norte,2,1,1,43.0,280000.0,6511.62790697674,6267.81462822185,4316.94719953754
233861,Apartamento de 50m² com 02 quartos para locação e venda   Geraldo Corre de Carvalho,Chacaras Bonacorsi,Zona Norte,2,1,1,50.0,280000.0,5600.0,5600.0,4316.94719953754
60092,Apartamento de 02 quartos para locação   Residencial Florida,Residencial Florida,Zona Sul,2,2,1,65.0,280000.0,4307.69230769231,4586.9287610429,7019.92781217448
86867,Apartamento de 64m² com 02 quartos para locação e venda   Jardim Paulista,Jardim Paulistano,Zona Leste,2,2,1,64.0,280000.0,4375.0,4354.41245373771,4646.24632076016
126392,Apartamento mobiliado de 37m² com 01 quarto para venda e locação   Nova Aliança,Nova Alianca,Zona Sul,1,1,1,37.0,280000.0,7567.56756756757,7235.27815404702,7019.92781217448
154574,Apartamento térreo de 85m² com 02 quartos para locação e venda   Jardim Zara,Jardim Zara,Zona Leste,2,2,1,85.0,280000.0,3294.11764705882,3994.52759311292,4646.24632076016
215369,Apartamento de 45m² com 01 quarto para locação e venda   Nova Aliança,Nova Alianca,Zona Sul,1,1,1,45.0,280000.0,6222.22222222222,7235.27815404702,7019.92781217448
161924,Apartamento mobiliado de 40m² com 01 quarto para locação   Jardim Califórnia,Jardim California,Zona Sul,1,1,1,40.0,280000.0,7000.0,7048.58207831218,7019.92781217448
135941,Apartamento de 87m² com 02 quartos para venda e locação   Centro,Centro,Centro,2,2,1,87.0,286200.0,3289.65517241379,3969.0889863009,4114.37759196461
214322,Apartamento de 46m² com 01 quarto para locação e venda   Jardim Botânico,Jardim Botanico,Zona Sul,1,1,1,46.0,286200.0,6221.73913043478,7403.36272123417,7019.92781217448
143705,Apartamento de 38m² com 01 quarto para locação e venda   Sumarezinho,Sumarezinho,Zona Oeste,1,1,1,38.0,290000.0,7631.57894736842,4702.46841942496,4568.83198282477
201557,Apartamento de 91m² com 03 quartos para locação e venda   Jardim Irajá,Jardim Iraja,Zona Sul,3,2,1,91.0,290000.0,3186.81318681319,5843.60369977321,7019.92781217448
204728,Apartamento novo de 40m² com 01 quarto   Ribeirânia,Ribeirania,Zona Leste,1,1,1,40.0,299000.0,7475.0,6622.45012983218,4646.24632076016
19652,Apartamento de 96m² com 03 quartos   Bairro Jardim Paulista,Jardim Paulista,Zona Leste,3,2,1,96.0,299900.0,3123.95833333333,4839.65243893052,4646.24632076016
154085,Apartamento de 41m² com 01 quarto para venda e locação   Vila Seixas,Vila Seixas,Centro,1,1,1,41.0,300000.0,7317.07317073171,4862.36131633665,4114.37759196461
208811,Apartamento de 58m² com 02 quartos para locação   Parque dos Servido,Residencial Parque dos Servidores,Zona Leste,2,2,1,58.0,300000.0,5172.41379310345,4474.21131539829,4646.24632076016
174701,"Apartamento de 68m² com 02 quartos, para venda e locação   Parque Industrial Lagoinha",Parque Industrial Lagoinha,Zona Leste,2,1,1,68.0,300000.0,4411.76470588235,4502.88532269356,4646.24632076016
131537,Apartamento de 02 quartos para locação   Alto da Boa Vista,Alto da Boa Vista,Zona Sul,2,2,2,78.0,300000.0,3846.15384615385,5935.13838933655,7019.92781217448
62735,Apartamento de 62m² com 03 quartos para locação   Alto do Ipiranga,Alto do Ipiranga,Zona Oeste,3,2,1,62.0,300000.0,4838.70967741936,4537.91893063963,4568.83198282477
108626,Apartamento de 92m² com 03 quartos   Centro,Jardim Sumare,Zona Sul,3,3,1,92.0,300000.0,3260.86956521739,6366.17718327786,7019.92781217448
46265,Apartamento de 45m² com 01 quarto para locação e venda   Jardim Paulista,Jardim Paulista,Zona Leste,1,1,1,45.0,300000.0,6666.66666666667,4839.65243893052,4646.24632076016
198053,APARTAMENTO NO CENTRO,Centro,Centro,3,3,1,127.0,300000.0,2362.20472440945,3969.0889863009,4114.37759196461
61946,Apartamento de 85m² com 03 quartos para locação e venda   Centro,Centro,Centro,3,3,1,85.0,300000.0,3529.41176470588,3969.0889863009,4114.37759196461
231632,Apartamento de 53m² com 02 quartos à venda   Parque das Oliveiras,Parque das Oliveiras II,Zona Norte,2,2,1,53.0,300000.0,5660.37735849057,6122.9035639413,4316.94719953754
198362,APARTAMENTO NO CAMPOS ELÍSEOS,Campos Eliseos,Zona Norte,2,1,1,55.0,300000.0,5454.54545454546,4308.89631323999,4316.94719953754
80747,Apartamento de 70m² com 03 quartos para locação e venda   Jardim Independência,Independencia,Zona Norte,3,2,1,70.0,300000.0,4285.71428571429,3844.6605743041,4316.94719953754
88862,Apartamento de 69m² com 03 quartos para locação e venda   Jardim Paulista,Jardim Paulista,Zona Leste,3,2,1,69.0,300000.0,4347.82608695652,4839.65243893052,4646.24632076016
200090,Apartamento de 52m² com 02 quartos para locação e venda   Jardim Anhangüera,Jardim Anhanguera,Zona Leste,2,1,1,52.0,310000.0,5961.53846153846,4372.03682882804,4646.24632076016
90590,Apartamento de 99m² com 02 quartos para locação   Centro,Centro,Centro,2,3,1,99.0,310000.0,3131.31313131313,3969.0889863009,4114.37759196461
99638,Apartamento de 120m² com 03 quartos para venda e locação   Campos Elíseos,Campos Eliseos,Zona Norte,3,3,1,120.0,318000.0,2650.0,4308.89631323999,4316.94719953754
85433,Apartamento de 97m² com 03 quartos para locação e venda   Centro,Centro,Centro,3,2,1,97.0,320000.0,3298.96907216495,3969.0889863009,4114.37759196461
81878,Apartamento de 68m² com 02 quartos à venda   Centro,Centro,Centro,2,2,1,68.0,320000.0,4705.88235294118,3969.0889863009,4114.37759196461
184445,Apartamento de 86m² com 03 quartos à venda   Jardim América,Jardim America,Zona Sul,3,2,1,86.0,320000.0,3720.93023255814,5600.32705609696,7019.92781217448
117233,Apartamento de 140m² com 03 quartos para locação   Centro,Centro,Centro,4,3,2,140.0,330000.0,2357.14285714286,3969.0889863009,4114.37759196461
234761,Apartamento de 54m² com 02 quartos para locação e venda   Jardim Anhanguera,Jardim Anhanguera,Zona Leste,2,2,1,54.0,330000.0,6111.11111111111,4372.03682882804,4646.24632076016
198557,Apartamento de 43m² com 02 quartos para locação   Reserva Macaúba,Reserva Macauba,Zona Norte,2,1,1,43.0,340000.0,7906.97674418605,4441.08952445151,4316.94719953754
225875,Apartamento de 39m² com 01 quarto para locação e venda   Bosque das Juritis,Bosque das Juritis,Zona Sul,1,1,1,39.0,340000.0,8717.94871794872,8028.33244392152,7019.92781217448
198740,Apartamento de 847m² com 03 quartos para locação   Jardim Sumaré,Jardim Sumare,Zona Sul,3,2,2,84.32,340000.0,4032.25806451613,6366.17718327786,7019.92781217448
166865,Apartamento mobiliado de 55m² com 01 quarto para locação   Centro,Vila Seixas,Centro,1,1,1,55.0,350000.0,6363.63636363636,4862.36131633665,4114.37759196461
210965,Apartamento de 48m² com 02 quartos para locação e venda   Parque das Oliveiras,Parque das Oliveiras,Zona Norte,2,1,1,48.0,350000.0,7291.66666666667,6187.10691823899,4316.94719953754
124226,Apartamento de 97m² com 03 quartos para locação e venda   Centro,Centro,Centro,3,2,1,97.0,350000.0,3608.24742268041,3969.0889863009,4114.37759196461
22439,Apartamento com 92m² com 3 quartos à venda   Jardim Irajá,Jardim Iraja,Zona Sul,3,2,1,92.0,350000.0,3804.34782608696,5843.60369977321,7019.92781217448
105104,Apartamento de 47m² com 02 quartos para locação   Bosque dos Juritis,Bosque das Juritis,Zona Sul,2,1,1,47.0,350000.0,7446.8085106383,8028.33244392152,7019.92781217448
177137,Apartamento de 68m² com 02 quartos sendo 01 suíte para a locação e venda   Centro,Vila Seixas,Centro,2,3,1,68.0,350000.0,5147.05882352941,4862.36131633665,4114.37759196461
61970,APARTAMENTO NO CENTRO,Centro,Centro,3,2,1,85.0,360000.0,4235.29411764706,3969.0889863009,4114.37759196461
88103,Apartamento de 107m² com 03 quartos para locação e venda   Centro,Centro,Centro,3,2,1,107.0,360000.0,3364.48598130841,3969.0889863009,4114.37759196461
241142,Apartamento de 50m² com 02 quartos para locação e venda   Reserva São José,Reserva Sao Jose,Zona Norte,2,2,1,50.0,360000.0,7200.0,6267.81462822185,4316.94719953754
139550,Apartamento térreo de 52m² com 02 quartos para locação e venda   Quintas de São José,Quintas de Sao Jose,Zona Norte,2,2,1,52.0,360000.0,6923.07692307692,6785.09085009028,4316.94719953754
210389,Apartamento de 51m² com 01 quarto para locação   Centro,Centro,Centro,1,1,1,51.0,371000.0,7274.50980392157,3969.0889863009,4114.37759196461
165440,Apartamento de 90m² com 03 quartos para locação e venda   Residencial e Comercial Palmares,Residencial e Comercial Palmares,Zona Leste,3,2,1,90.0,371000.0,4122.22222222222,3830.73455662616,4646.24632076016
220997,Apartamento de 199m² com 04 quartos sendo 01 suíte para locação   Centro,Centro,Centro,4,3,1,199.0,380000.0,1909.54773869347,3969.0889863009,4114.37759196461
89678,Apartamento de 87m² com 03 quartos   Jardim Paulistano,Jardim Paulistano,Zona Leste,3,2,2,87.0,380000.0,4367.81609195402,4354.41245373771,4646.24632076016
240008,Apartamento de 48m² com 02 quartos para locação e venda   Quinta da Primavera,Quinta da Primavera,Zona Sul,2,1,1,48.0,380000.0,7916.66666666667,8334.13944069942,7019.92781217448
84668,Apartamento de 54m² com 01 quarto para locação   Jardim São Luiz,Jardim Sao Luiz,Zona Sul,1,1,1,54.0,380000.0,7037.03703703704,5775.49648772587,7019.92781217448
104351,Apartamento de 59m² com 01 suíte para locação e venda   City Ribeirão,City Ribeirao,Zona Sul,1,2,1,59.0,420000.0,7118.64406779661,5481.73996829135,7019.92781217448
104348,Apartamento de 60m² com 01 suíte para locação e venda   City Ribeirão,City Ribeirao,Zona Sul,1,2,1,60.0,420000.0,7000.0,5481.73996829135,7019.92781217448
48956,APARTAMENTO NO CAMPOS ELÍSEOS,Campos Eliseos,Zona Norte,3,3,1,97.0,430000.0,4432.98969072165,4308.89631323999,4316.94719953754
241997,Apartamento de 100m² com 03 quartos para locação   Centro,Centro,Centro,3,3,1,100.0,450000.0,4500.0,3969.0889863009,4114.37759196461
137414,APARTAMENTO NO CENTRO,Centro,Centro,3,3,1,103.0,500000.0,4854.36893203884,3969.0889863009,4114.37759196461
223322,Apartamento de 165m² com 03 quartos sendo 01 suíte para locação e venda   Centro,Centro,Centro,3,4,1,165.0,500000.0,3030.30303030303,3969.0889863009,4114.37759196461
105212,Apartamento de 93m² com 03 quartos à venda   Jardim Botânico,Jardim Botanico,Zona Sul,3,3,2,93.0,880000.0,9462.36559139785,7403.36272123417,7019.92781217448
184061,Apartamento de 152m² com 03 suítes à venda   Nova Aliança,Nova Alianca,Zona Sul,3,5,2,152.0,900000.0,5921.05263157895,7235.27815404702,7019.92781217448
124619,Apartamento de 252m² com 04 quartos à venda   Centro,Centro,Centro,4,4,3,252.0,960000.0,3809.52380952381,3969.0889863009,4114.37759196461
126362,Apartamento de 123m² com 03 suíte para locação e venda   Jardim Botânico,Jardim Botanico,Zona Sul,3,4,2,123.0,970000.0,7886.17886178862,7403.36272123417,7019.92781217448
204887,Apartamento de 252m² com 05 quartos à venda   Centro de Ribeirão Preto,Centro,Centro,5,5,3,252.0,970000.0,3849.20634920635,3969.0889863009,4114.37759196461
187421,Apartamento de 131m² com 03 suítes à venda   Nova Aliança,Nova Alianca,Zona Sul,3,5,4,131.0,980000.0,7480.91603053435,7235.27815404702,7019.92781217448
182612,Apartamento de 317m² com 04 quartos à venda   Centro,Centro,Centro,4,6,3,317.0,980000.0,3091.48264984227,3969.0889863009,4114.37759196461
243176,Apartamento de 131m² com 03 suítes à venda   Ribeirânia,Ribeirania,Zona Leste,3,4,2,131.0,990000.0,7557.25190839695,6622.45012983218,4646.24632076016
138428,Apartamento de 144m² com 03 suítes à venda   Jardim Botânico,Jardim Botanico,Zona Sul,3,5,2,144.0,990000.0,6875.0,7403.36272123417,7019.92781217448
163016,Apartamento de 113m² com 03 suítes à venda   Jardim Olhos D`Água,Jardim Olhos DAgua,Zona Sul,2,3,2,113.0,999000.0,8840.70796460177,9706.16858313729,7019.92781217448
235106,Apartamento mobiliado de 82m² com 02 suítes para a locação e venda   Jardim Olhos D`Água,Jardim Olhos DAgua,Zona Sul,2,3,2,82.0,999900.0,12193.9024390244,9706.16858313729,7019.92781217448
179669,Apartamento de 56m² com 02 quartos para locação   Pedro Correa de Carvalho,Chacaras Pedro Correa de Carvalho,Zona Norte,2,2,1,56.0,230000.0,4107.14285714286,4124.52491399826,4316.94719953754
182075,APARTAMENTO PRÓXIMO À RUA CORONEL AMÉRICO BATISTA,Ipiranga,Zona Oeste,2,1,1,42.0,120000.0,2857.14285714286,4227.19529650629,4568.83198282477
178154,APARTAMENTO QUINTINO FACCI II,Quintino Facci II,Zona Norte,2,1,1,48.0,120000.0,2500.0,3658.03558245004,4316.94719953754
171017,APARTAMENTO NO RESIDENCIAL DAS AMÉRICAS 43m² com 02 quartos   Jardim Herculano Fernandes,Residencial das Americas,Zona Norte,2,1,1,43.0,120000.0,2790.6976744186,3341.29895223855,4316.94719953754
156347,Apartamento de 39m² com 02 quartos   Residencial das Américas,Residencial das Americas,Zona Norte,2,1,1,39.0,120000.0,3076.92307692308,3341.29895223855,4316.94719953754
154742,APARTAMENTO NO JD CALIFÓRNIA,Jardim California,Zona Sul,2,1,1,44.0,120000.0,2727.27272727273,7048.58207831218,7019.92781217448
143399,Apartamento de 45m² com 02 quartos para venda   Jardim João Rossi,Jardim Joao Rossi,Zona Sul,2,1,1,45.0,120000.0,2666.66666666667,2950.48145403395,7019.92781217448
103847,Apartamento   Padrão,Jardim das Palmeiras,Zona Norte,2,1,1,46.0,120000.0,2608.69565217391,3249.37764351271,4316.94719953754
18845,Apartamento kitnet de 32m² com 01 quarto para locação   Campos Elíseos,Campos Eliseos,Zona Norte,1,1,1,32.0,120000.0,3750.0,4308.89631323999,4316.94719953754
236630,Apartamento de 43m² com 02 quartos à venda   Condomínio Uirapuru,Condominio Uirapuru,Zona Oeste,2,1,1,43.0,121000.0,2813.95348837209,3230.85086747877,4568.83198282477
146099,APARTAMENTO PRÓXIMO À ANHANGUERA,Jardim Florestan Fernandes,Zona Norte,2,1,1,42.0,122000.0,2904.76190476191,4173.34114617131,4316.94719953754
152582,Apartamento de 42m² com 02 quartos para locação e venda   Jardim Zara,Jardim Zara,Zona Leste,2,1,1,42.0,110000.0,2619.04761904762,3994.52759311292,4646.24632076016
242195,Apartamento de 42m² com 02 quartos à venda   Quintino Facci II,Quintino Facci II,Zona Norte,2,1,1,42.0,125000.0,2976.19047619048,3658.03558245004,4316.94719953754
177101,Apartamento   Padrão,Residencial das Americas,Zona Norte,2,1,1,39.0,125000.0,3205.12820512821,3341.29895223855,4316.94719953754
172877,APARTAMENTO TÉRREO NO JARDIM EUGÊNIO MENDES LOPES,Jardim Eugenio Mendes Lopes,Zona Oeste,2,1,1,44.0,125000.0,2840.90909090909,3240.00999000999,4568.83198282477
129977,Apartamento   Padrão,Conjunto Habitacional Silvio Passalacqua,Zona Oeste,2,1,1,41.0,125000.0,3048.78048780488,3620.71440927175,4568.83198282477
121811,Apartamento   Padrão,Residencial Parque dos Servidores,Zona Leste,2,1,1,64.0,125000.0,1953.125,4474.21131539829,4646.24632076016
53627,Apartamento de 43m² com 01 quarto para locação e venda   Centro,Centro,Centro,1,1,1,43.0,125000.0,2906.97674418605,3969.0889863009,4114.37759196461
20318,APARTAMENTO PRÓXIMO À AVENIDA CARAMURU,Centro,Centro,1,1,2,42.0,125000.0,2976.19047619048,3969.0889863009,4114.37759196461
17501,APARTAMENTO PARA LOCAÇÃO NO CENTRO DE RIBEIRÃO PRETO.,Centro,Centro,1,1,1,19.0,125000.0,6578.94736842105,3969.0889863009,4114.37759196461
123494,Apartamento   Padrão,Ribeirania,Zona Leste,1,1,1,38.0,127000.0,3342.1052631579,6622.45012983218,4646.24632076016
162614,APARTAMENTO PRÓXIMO À RUA JAVARI,Ipiranga,Zona Oeste,2,1,1,48.0,128000.0,2666.66666666667,4227.19529650629,4568.83198282477
234863,Apartamento de 42m² com 02 quartos para venda   Vitta Via Norte.,Valentina Figueiredo,Zona Norte,2,1,1,42.0,129000.0,3071.42857142857,3736.9036213197,4316.94719953754
219701,Apartamento de 39m² com 02 quartos à venda   Jardim Ipiranga,Residencial das Americas,Zona Norte,2,1,1,39.0,129000.0,3307.69230769231,3341.29895223855,4316.94719953754
174740,Apartamento com 42m²   Residencial das Américas,Residencial das Americas,Zona Norte,2,1,1,42.0,129000.0,3071.42857142857,3341.29895223855,4316.94719953754
159908,Apartamento de 45m² com 02 quartos para venda mobiliado   João Rossi,Nova Alianca,Zona Sul,2,1,4,45.0,129000.0,2866.66666666667,7235.27815404702,7019.92781217448
236363,Apartamento de 302m² com 04 suítes para venda e locação   Mirante Morro do Ipê,Residencial Morro do Ipe,Zona Sul,4,6,4,302.0,2700000.0,8940.39735099338,10501.5511367323,7019.92781217448
106214,Apartamento   Padrão,Quintino Facci II,Zona Norte,2,1,1,49.0,115000.0,2346.9387755102,3658.03558245004,4316.94719953754
179777,Apartamento de 39m² com 02 quartos à venda   Residencial das Américas,Residencial das Americas,Zona Norte,2,1,1,39.0,120000.0,3076.92307692308,3341.29895223855,4316.94719953754
217661,Apartamento de 43m² com 02 quartos para locação   Condomínio Uirapuru,Condominio Uirapuru,Zona Oeste,2,1,1,43.0,123000.0,2860.46511627907,3230.85086747877,4568.83198282477
69875,Apartamento de 44m² com 01 quarto   Centro,Centro,Centro,1,1,1,44.0,125000.0,2840.90909090909,3969.0889863009,4114.37759196461
38816,APARTAMENTO PRÓXIMO À AVENIDA CARAMURU,Centro,Centro,1,1,1,19.0,125000.0,6578.94736842105,3969.0889863009,4114.37759196461
129164,Apartamento kitnet de 32m² com 01 quarto para locação e venda   Vila Monte Alegre,Vila Monte Alegre,Zona Oeste,1,1,1,32.0,129000.0,4031.25,5171.67916226382,4568.83198282477
244406,Apartamento de 31m² com 01 quarto para venda   Vila Amélia,Vila Virginia,Zona Oeste,1,1,1,31.0,130000.0,4193.54838709678,4199.44386633332,4568.83198282477
242576,Apartamento de 43m² com 02 quartos à venda   Jardim Heitor Rigon,Jardim Heitor Rigon,Zona Norte,2,1,1,43.0,130000.0,3023.25581395349,3530.62855692946,4316.94719953754
242141,Apartamento de 43m² com 02 quartos à venda   Valentina Figueiredo,Valentina Figueiredo,Zona Norte,2,1,1,43.0,130000.0,3023.25581395349,3736.9036213197,4316.94719953754
241661,Apartamento de 55m² com 02 quartos para venda ? Vila Virgínia,Vila Virginia,Zona Oeste,2,1,1,55.0,130000.0,2363.63636363636,4199.44386633332,4568.83198282477
241547,Apartamento de 46m² com 01 quarto à venda   Jardim Marchesi,Jardim Marchesi,Zona Oeste,1,1,1,46.0,130000.0,2826.08695652174,3706.13254567216,4568.83198282477
239060,Apartamento de 42m² com 02 quartos à venda   Jardim João Rossi,Jardim Joao Rossi,Zona Sul,2,1,1,42.0,130000.0,3095.2380952381,2950.48145403395,7019.92781217448
228722,Apartamento de 48m² com 02 quartos à venda   Residencial das Américas,Residencial das Americas,Zona Norte,2,1,1,48.0,130000.0,2708.33333333333,3341.29895223855,4316.94719953754
227612,Apartamento de 55m² com 02 quartos à venda   Vila Virgínia,Vila Virginia,Zona Oeste,2,1,1,55.0,130000.0,2363.63636363636,4199.44386633332,4568.83198282477
224333,Apartamento de 42m² com 02 quartos para venda   Quintino Facci II,Quintino Facci II,Zona Norte,2,1,1,42.0,130000.0,3095.2380952381,3658.03558245004,4316.94719953754
222764,Apartamento de 48m² com 02 quartos à venda   Jardim Heitor Rigon,Jardim Heitor Rigon,Zona Norte,2,1,1,48.0,130000.0,2708.33333333333,3530.62855692946,4316.94719953754
221522,Apartamento de 39m² com 02 quartos à venda   Residencial das Américas,Residencial das Americas,Zona Norte,2,1,1,39.0,130000.0,3333.33333333333,3341.29895223855,4316.94719953754
216215,Apartamento de 42m² com 02 quartos para locação   Ribeirão Verde,Ribeirao Verde,Zona Norte,2,1,1,42.0,130000.0,3095.2380952381,3480.98330241187,4316.94719953754
208907,Apartamento de 43m² com 02 quartos à venda   Jardim Diva Tarla de Carvalho,Jardim Diva Tarla de Carvalho,Zona Norte,2,1,1,43.0,130000.0,3023.25581395349,3667.24240741883,4316.94719953754
204695,Apartamento de 43m² com 02 quartos à venda   Jardim Diva Tarla de Carvalho,Jardim Diva Tarla de Carvalho,Zona Norte,2,1,1,43.0,130000.0,3023.25581395349,3667.24240741883,4316.94719953754
201734,APARTAMENTO NO JOÃO ROSSI,Jardim Joao Rossi,Zona Sul,2,1,1,42.0,130000.0,3095.2380952381,2950.48145403395,7019.92781217448
199406,APARTAMENTO NO CENTRO,Centro,Centro,1,1,1,44.0,130000.0,2954.54545454546,3969.0889863009,4114.37759196461
199121,APARTAMENTO NOVO PARA LOCAÇÃO E VENDA,Quintino Facci II,Zona Norte,2,1,1,42.0,130000.0,3095.2380952381,3658.03558245004,4316.94719953754
197648,ÓTIMO APARTAMENTO NO HEITOR RIGON,Jardim Heitor Rigon,Zona Norte,2,1,1,43.0,130000.0,3023.25581395349,3530.62855692946,4316.94719953754
193976,APARTAMENTO JD JOAO ROSSI,Jardim Joao Rossi,Zona Sul,2,1,1,41.0,130000.0,3170.73170731707,2950.48145403395,7019.92781217448
188747,APARTAMENTO NO GERALDO CORREIA DE CARVALHO,Conjunto Habitacional Silvio Passalacqua,Zona Oeste,2,1,1,41.0,130000.0,3170.73170731707,3620.71440927175,4568.83198282477
187613,APARTAMENTO NO RESIDENCIAL DAS AMÉRICAS,Residencial das Americas,Zona Norte,2,1,1,39.0,130000.0,3333.33333333333,3341.29895223855,4316.94719953754
184385,APARTAMENTO PRÓXIMO À AVENIDA CARAMURU,Parque Ribeirao Preto,Zona Oeste,2,1,1,59.0,130000.0,2203.38983050847,2579.87390485548,4568.83198282477
181703,APARTAMENTO NO RESIDENCIAL DAS AMERICAS,Residencial das Americas,Zona Norte,2,1,1,43.0,130000.0,3023.25581395349,3341.29895223855,4316.94719953754
171251,APARTAMENTO TERREO NO PQ. SÃO SEBASTIAO,Parque Sao Sebastiao,Zona Leste,1,1,1,40.0,130000.0,3250.0,4018.24997986766,4646.24632076016
171191,EXCELENTE APARTAMENTO TÉRREO NO PARQUE RIBEIRÃO,Condominio Uirapuru,Zona Oeste,2,1,1,43.0,130000.0,3023.25581395349,3230.85086747877,4568.83198282477
165527,APARTAMENTO RESIDENCIAL DAS AMÉRICAS,Residencial das Americas,Zona Norte,2,1,1,39.0,130000.0,3333.33333333333,3341.29895223855,4316.94719953754
145142,APARTAMENTO TÉRREO PRÓXIMO À AVENIDA BRAZ OLAIA ACOSTA,Jardim Joao Rossi,Zona Sul,2,1,1,41.0,130000.0,3170.73170731707,2950.48145403395,7019.92781217448
142304,Apartamento de 39m² com 02 quartos á venda   Residencial das Américas,Residencial das Americas,Zona Norte,2,1,1,39.0,130000.0,3333.33333333333,3341.29895223855,4316.94719953754
124829,Apartamento   Padrão,Jardim Heitor Rigon,Zona Norte,2,1,1,42.0,130000.0,3095.2380952381,3530.62855692946,4316.94719953754
114320,Apartamento   Padrão,Conjunto Habitacional Silvio Passalacqua,Zona Oeste,2,1,1,41.0,134900.0,3290.24390243902,3620.71440927175,4568.83198282477
213704,Apartamento de 42m² com 02 quartos à venda   Jardim Heitor Rigon,Jardim Heitor Rigon,Zona Norte,2,1,1,42.0,125000.0,2976.19047619048,3530.62855692946,4316.94719953754
245309,Apartamento de 45m² com 02 quartos à venda   Jardim João Rossi,Jardim Joao Rossi,Zona Sul,2,1,1,45.0,135000.0,3000.0,2950.48145403395,7019.92781217448
242528,Apartamento de 42m² com 02 quartos à venda   Ribeirão Verde,Ribeirao Verde,Zona Norte,2,1,1,42.0,135000.0,3214.28571428571,3480.98330241187,4316.94719953754
231083,Apartamento de 42m² com 02 quartos à venda   Jardim Heitor Rigon,Jardim Heitor Rigon,Zona Norte,2,2,1,42.0,135000.0,3214.28571428571,3530.62855692946,4316.94719953754
230117,Apartamento de 43m² com 02 quartos à venda   Reserva Macaúba,Reserva Macauba,Zona Norte,2,1,1,43.0,135000.0,3139.53488372093,4441.08952445151,4316.94719953754
229082,Apartamento/Padrão   Residencial   No bairro Recanto das Palmeiras   Condomínio Lar Itália,Recanto das Palmeiras,Zona Leste,2,1,1,42.0,135000.0,3214.28571428571,3686.50793650794,4646.24632076016
228518,Apartamento de 48m² com 02 quartos à venda   Quintino Facci II,Quintino Facci II,Zona Norte,2,1,1,48.0,135000.0,2812.5,3658.03558245004,4316.94719953754
226682,Apartamento de 41m² com 02 quartos à venda   Jardim João Rossi,Jardim Joao Rossi,Zona Sul,2,1,1,41.0,135000.0,3292.68292682927,2950.48145403395,7019.92781217448
226076,Apartamento de 48m² com 02 quartos à venda   Quintino Facci II,Quintino Facci II,Zona Norte,2,1,1,48.0,135000.0,2812.5,3658.03558245004,4316.94719953754
225068,Apartamento de 43m² com 02 quartos á venda   Vitta Heitor Rigon III,Jardim Heitor Rigon,Zona Norte,2,1,1,43.0,135000.0,3139.53488372093,3530.62855692946,4316.94719953754
221930,Apartamento de 41m² com 02 quartos à venda   Ipiranga,Ipiranga,Zona Oeste,2,1,1,41.0,135000.0,3292.68292682927,4227.19529650629,4568.83198282477
198863,Apartamento de 41m² com 02 quartos para locação e venda   Conjunto Habitacional Sílvio Passalacqua,Conjunto Habitacional Silvio Passalacqua,Zona Oeste,2,1,1,41.0,135000.0,3292.68292682927,3620.71440927175,4568.83198282477
197078,APARTAMENTO NO PARQUE DOS PINUS,Parque dos Pinus,Zona Norte,2,1,1,40.0,135000.0,3375.0,4176.00482723577,4316.94719953754
193376,APARTAMENTO PRÓXIMO À RODOVIA ANHANGUERA,Quintino Facci II,Zona Norte,2,1,1,48.0,135000.0,2812.5,3658.03558245004,4316.94719953754
179885,LINDO APARTAMENTO NO RESIDENCIAL DAS AMERICAS,Residencial das Americas,Zona Norte,1,1,1,48.0,135000.0,2812.5,3341.29895223855,4316.94719953754
179177,Apartamento de 48m² com 02 quartos à venda   Ipiranga,Ipiranga,Zona Oeste,2,1,1,48.0,135000.0,2812.5,4227.19529650629,4568.83198282477
163787,APARTAMENTO NO JARDIM HELENA,Reserva Real,Zona Sul,2,1,1,40.0,135000.0,3375.0,4252.08579993765,7019.92781217448
33935,APARTAMENTO PRÓXIMO À AVENIDA CARAMURU,Centro,Centro,1,1,1,42.0,135000.0,3214.28571428571,3969.0889863009,4114.37759196461
142373,APARTAMENTO PRÓXIMO À AVENIDA JOÃO BATISTA DUARTE,Jardim Heitor Rigon,Zona Norte,2,1,1,48.0,136000.0,2833.33333333333,3530.62855692946,4316.94719953754
183785,APARTAMENTO PRÓXIMO Á RODOVIA ANHANGUERA,Vila Abranches,Zona Norte,2,1,1,46.0,137000.0,2978.26086956522,3656.70906043577,4316.94719953754
206732,Apartamento de 42m² com 2 quartos à venda   Campos Elíseos,Campos Eliseos,Zona Norte,2,1,1,42.0,137800.0,3280.95238095238,4308.89631323999,4316.94719953754
179267,APARTAMENTO NO RESIDENCIAL DAS AMÉRICAS,Residencial das Americas,Zona Norte,2,1,1,39.0,137800.0,3533.33333333333,3341.29895223855,4316.94719953754
125093,Apartamento de 02 quartos para locação   Heitor Rigon,Jardim Heitor Rigon,Zona Norte,2,1,1,42.0,125000.0,2976.19047619048,3530.62855692946,4316.94719953754
215108,Apartamento de 43m² com 02 quartos à venda   Jardim Heitor Rigon,Jardim Heitor Rigon,Zona Norte,2,1,1,43.0,129000.0,3000.0,3530.62855692946,4316.94719953754
129473,Apartamento   Padrão,Parque Sao Sebastiao,Zona Leste,2,1,1,46.0,132000.0,2869.5652173913,4018.24997986766,4646.24632076016
175973,APARTAMENTO NO RESIDENCIAL DAS AMÉRICAS,Residencial das Americas,Zona Norte,2,1,1,44.0,138000.0,3136.36363636364,3341.29895223855,4316.94719953754
147956,Apartamento de 41m² com 02 quartos   Jardim João Rossi,Jardim Joao Rossi,Zona Sul,2,1,1,41.0,138000.0,3365.85365853659,2950.48145403395,7019.92781217448
147110,APARTAMENTO PRÓXIMO AO SUPERMERCADO BIG COMPRAS,Conjunto Habitacional Jardim das Palmeiras,Zona Norte,2,1,1,46.0,138000.0,3000.0,3512.02019163783,4316.94719953754
147083,APARTAMENTO PRÓXIMO À RODOVIA ANHANGUERA,Quintino Facci II,Zona Norte,2,1,1,48.0,138000.0,2875.0,3658.03558245004,4316.94719953754
137801,APARTAMENTO NO VILA VIRGINÍA,Vila Virginia,Zona Oeste,2,1,1,55.0,138000.0,2509.09090909091,4199.44386633332,4568.83198282477
123983,APARTAMENTO NO JARDIM MARCHESI,Condominio Uirapuru,Zona Oeste,2,1,1,43.0,138000.0,3209.3023255814,3230.85086747877,4568.83198282477
235421,Apartamento térreo 02 quartos com 42m² a venda   Quintino Facci II,Quintino Facci II,Zona Norte,2,1,1,42.0,129000.0,3071.42857142857,3658.03558245004,4316.94719953754
169865,APARTAMENTO NO PARQUE SÃO SEBASTIÃO,Parque Sao Sebastiao,Zona Leste,2,1,1,45.0,130000.0,2888.88888888889,4018.24997986766,4646.24632076016
244898,Apartamento de 37 m² com 01 quartos  Lagoinha,Ribeirania,Zona Leste,1,1,1,37.0,139000.0,3756.75675675676,6622.45012983218,4646.24632076016
244871,Apartamento de 43m² com 02 quartos à venda   Valentina Figueiredo,Valentina Figueiredo,Zona Norte,2,1,1,43.0,139000.0,3232.55813953488,3736.9036213197,4316.94719953754
235475,Apartamento de 43m² com 02 quartos à venda   Jardim Diva Tarla de Carvalho,Jardim Diva Tarla de Carvalho,Zona Norte,2,1,1,43.0,139000.0,3232.55813953488,3667.24240741883,4316.94719953754
228845,Apartamento de 42m² com 02 quartos para venda   Ipiranga,Ipiranga,Zona Oeste,2,1,1,42.0,139000.0,3309.52380952381,4227.19529650629,4568.83198282477
224645,Apartamento térreo de 42m² com 02 quartos à venda   Quintino Facci II,Valentina Figueiredo,Zona Norte,2,1,1,42.0,139000.0,3309.52380952381,3736.9036213197,4316.94719953754
183188,****ÓTIMO APARTAMENTO****,Parque Sao Sebastiao,Zona Leste,2,1,1,48.0,139000.0,2895.83333333333,4018.24997986766,4646.24632076016
169922,APARTAMENTO NO JARDIM JOÃO ROSSI,Jardim Joao Rossi,Zona Sul,2,1,1,42.0,139000.0,3309.52380952381,2950.48145403395,7019.92781217448
139487,APARTAMENTO NO PARQUE DOS LAGOS,Parque dos Lagos,Zona Leste,2,1,1,45.0,139000.0,3088.88888888889,4175.19186695209,4646.24632076016
128798,Apartamento   Padrão,Jardim Heitor Rigon,Zona Norte,2,1,1,53.0,139000.0,2622.64150943396,3530.62855692946,4316.94719953754
227600,Apartamento de 227m² com 04 suítes à venda   Jardim Ilhas do Sul,Jardim Ilhas do Sul,Zona Sul,4,6,4,227.0,1950000.0,8590.30837004405,8797.52735990227,7019.92781217448
234023,Apartamento de 254m² com 04 suítes para venda e locação   Jardim Olhos D`Água,Jardim Olhos DAgua,Zona Sul,4,6,4,254.0,2200000.0,8661.41732283465,9706.16858313729,7019.92781217448
225467,Apartamento   Padrão,Jardim Ilhas do Sul,Zona Sul,4,6,4,243.0,2000000.0,8230.45267489712,8797.52735990227,7019.92781217448
202016,APARTAMENTO NO GERALDO DE CARVALHO,Geraldo Correia de Carvalho,Zona Norte,2,1,1,48.0,120000.0,2500.0,3405.81955922865,4316.94719953754
127100,APARTAMENTO NOVO NO JARDIM HEITOR RIGON,Jardim Heitor Rigon,Zona Norte,2,1,1,42.0,129000.0,3071.42857142857,3530.62855692946,4316.94719953754
221429,Apartamento de 41m² com 02 quartos para locação e venda   Sílvio Passalacqua,Conjunto Habitacional Silvio Passalacqua,Zona Oeste,2,1,1,41.0,130000.0,3170.73170731707,3620.71440927175,4568.83198282477
82289,Apartamento   Padrão,Vila Virginia,Zona Oeste,2,1,1,55.0,130000.0,2363.63636363636,4199.44386633332,4568.83198282477
231086,Apartamento de 43m² com 02 quartos á venda   Jardim Heitor Rigon,Jardim Heitor Rigon,Zona Norte,2,2,1,43.0,135000.0,3139.53488372093,3530.62855692946,4316.94719953754
200147,UMA OTIMA OPORTUNIDADE,Valentina Figueiredo,Zona Norte,2,1,1,44.0,135000.0,3068.18181818182,3736.9036213197,4316.94719953754
192353,LINDO APARTAMENTO NO VITTA IPIRANGA PREÇO DE OPORTUNIDADE,Ipiranga,Zona Oeste,1,1,1,45.0,135000.0,3000.0,4227.19529650629,4568.83198282477
242540,Apartamento de 44m² com 02 quartos à venda   Jardim Itaú,Jardim Itau,Zona Norte,2,1,1,44.0,140000.0,3181.81818181818,4105.97173905832,4316.94719953754
239669,Apartamento de 42m² com 02 quartos à venda   Jardim Heitor Rigon,Jardim Heitor Rigon,Zona Norte,2,1,1,42.0,140000.0,3333.33333333333,3530.62855692946,4316.94719953754
239204,Apartamento de 42m² com 02 quartos à venda   Jardim João Rossi,Jardim Joao Rossi,Zona Sul,2,1,1,42.0,140000.0,3333.33333333333,2950.48145403395,7019.92781217448
239174,Apartamento de 41m² com 02 quartos para venda   Jardim Silvio Passalacqua,Conjunto Habitacional Silvio Passalacqua,Zona Oeste,2,1,1,41.0,140000.0,3414.63414634146,3620.71440927175,4568.83198282477
237797,Apartamento de 50m² com 02 quartos à venda   Heitor Rigon,Jardim Heitor Rigon,Zona Norte,2,1,1,50.0,140000.0,2800.0,3530.62855692946,4316.94719953754
237263,Apartamento de 40m² com 02 quartos para locação e venda   Reserva Real,Reserva Real,Zona Sul,2,1,1,40.0,140000.0,3500.0,4252.08579993765,7019.92781217448
236420,Apartamento de 42m² com 02 quartos à venda   Jardim Heitor Rigon,Jardim Heitor Rigon,Zona Norte,2,1,1,42.0,140000.0,3333.33333333333,3530.62855692946,4316.94719953754
235907,Apartamento térreo com quintal de 49m² com 02 quartos à venda   Jardim Marchesi,Jardim Marchesi,Zona Oeste,2,1,1,49.0,140000.0,2857.14285714286,3706.13254567216,4568.83198282477
233864,Apartamento de 42m² com 02 quartos para venda   Ribeirão Verde,Ribeirao Verde,Zona Norte,2,1,1,42.0,140000.0,3333.33333333333,3480.98330241187,4316.94719953754
232424,Apartamento de 42m² com 02 quartos à venda   Residencial Parque dos Servidores,Residencial Parque dos Servidores,Zona Leste,2,1,1,42.0,140000.0,3333.33333333333,4474.21131539829,4646.24632076016
229754,Apartamento de 42m² com 02 quartos   Heitor Rigon,Jardim Heitor Rigon,Zona Norte,2,1,1,42.0,140000.0,3333.33333333333,3530.62855692946,4316.94719953754
229505,Apartamento de 40m² com 02 quartos à venda   Parque dos Pinus,Parque dos Pinus,Zona Norte,2,1,1,40.0,140000.0,3500.0,4176.00482723577,4316.94719953754
228608,Apartamento de 47m² com 02 quartos à venda   Jardim José Figueira,Jardim Jose Figueira,Zona Norte,2,1,1,47.0,140000.0,2978.72340425532,3693.30137947159,4316.94719953754
227138,Apartamento de 42m² com 02 quartos para venda   Ipiranga,Ipiranga,Zona Oeste,2,1,1,42.0,140000.0,3333.33333333333,4227.19529650629,4568.83198282477
224588,Apartamento de 42m² com 02 quartos à venda   Ipiranga,Ipiranga,Zona Oeste,2,1,1,42.0,140000.0,3333.33333333333,4227.19529650629,4568.83198282477
216680,Apartamento de 43m² com 02 quartos à venda   Jardim Diva Tarlá de Carvalho,Jardim Diva Tarla de Carvalho,Zona Norte,2,1,1,43.0,140000.0,3255.81395348837,3667.24240741883,4316.94719953754
190784,Apartamento de 42 m² com 02 quartos   Vila Pompeia,Ipiranga,Zona Oeste,2,1,1,42.0,140000.0,3333.33333333333,4227.19529650629,4568.83198282477
178775,LINDO APARTAMENTO NO DUTRA 2,Jardim Presidente Dutra II,Zona Norte,2,1,1,55.0,140000.0,2545.45454545455,2545.45454545455,4316.94719953754
162665,Apartamento   Padrão,Jardim Diva Tarla de Carvalho,Zona Norte,2,1,1,43.0,140000.0,3255.81395348837,3667.24240741883,4316.94719953754
161699,APARTAMENTO PRÓXIMO À RODOVIA ANHANGUERA,Residencial Greenville,Zona Norte,2,1,1,44.0,140000.0,3181.81818181818,4670.88804474239,4316.94719953754
159653,APARTAMENTO PRÓXIMO À RODOVIA ANHANGUERA,Residencial e Comercial Palmares,Zona Leste,1,1,1,40.0,140000.0,3500.0,3830.73455662616,4646.24632076016
158024,APARTAMENTO PRÓXIMO À RUA CORONEL AMÉRICO BATISTA,Jardim Javari,Zona Oeste,2,1,1,42.0,140000.0,3333.33333333333,2828.57142857143,4568.83198282477
157856,Apartamento de 49m² com 02 quartos para venda   Jardim José Wilson Toni,Jardim Jose Wilson Toni,Zona Norte,2,1,1,49.0,140000.0,2857.14285714286,3558.22945254947,4316.94719953754
148994,APARTAMENTO PRÓXIMO À RODOVIA ALEXANDRE BALBO,Jardim Heitor Rigon,Zona Norte,2,1,1,42.0,140000.0,3333.33333333333,3530.62855692946,4316.94719953754
148433,Apartamento na Vila Virginia próximo ao Centro,Vila Virginia,Zona Oeste,2,1,1,56.0,140000.0,2500.0,4199.44386633332,4568.83198282477
147413,APARTAMENTO PRÓXIMO À AVENIDA TREZE DE MAIO,Jardim Castelo Branco,Zona Leste,1,1,1,41.0,140000.0,3414.63414634146,4046.86527169807,4646.24632076016
146777,Apartamento de 02 quartos para venda   Jardim Vilico Cantarelli,Jardim Vilico Cantarelli,Zona Norte,2,1,1,45.0,140000.0,3111.11111111111,3615.36281179138,4316.94719953754
146240,Apartamento de 48m² com 02 quartos à venda   Ipiranga,Ipiranga,Zona Oeste,2,1,1,48.0,140000.0,2916.66666666667,4227.19529650629,4568.83198282477
144869,Apartamento de 42m² com 02 quartos para venda e locação   Valentina Figueiredo,Valentina Figueiredo,Zona Norte,2,1,1,42.0,140000.0,3333.33333333333,3736.9036213197,4316.94719953754
141398,Apartamento de 43m² com 02 quartos para locação   Valentina Figueiredo,Valentina Figueiredo,Zona Norte,2,1,1,43.0,140000.0,3255.81395348837,3736.9036213197,4316.94719953754
135302,LINDO APARTAMENTO,Jardim das Palmeiras,Zona Norte,2,1,1,47.0,140000.0,2978.72340425532,3249.37764351271,4316.94719953754
127865,KIT PRÓXIMO À AVENIDA INDEPENDÊNCIA,Vila Seixas,Centro,1,1,1,32.0,140000.0,4375.0,4862.36131633665,4114.37759196461
125375,Apartamento   Padrão,Ipiranga,Zona Oeste,2,1,1,48.0,140000.0,2916.66666666667,4227.19529650629,4568.83198282477
123971,Apartamento   Padrão,Parque Sao Sebastiao,Zona Leste,2,1,1,45.0,140000.0,3111.11111111111,4018.24997986766,4646.24632076016
121670,"KIT NO CENTRO, PRÓXIMO AO COC",Centro,Centro,1,1,1,34.0,140000.0,4117.64705882353,3969.0889863009,4114.37759196461
115061,Apartamento de 42m² com 02 quartos para venda   Jardim Zara,Jardim Zara,Zona Leste,2,1,1,42.0,140000.0,3333.33333333333,3994.52759311292,4646.24632076016
100088,Kitnet de 34m² com 01 quarto   Centro,Centro,Centro,1,1,1,34.0,140000.0,4117.64705882353,3969.0889863009,4114.37759196461
70310,EXCELENTE APARTAMENTO PRÓXIMO À USP,Vila Monte Alegre,Zona Oeste,1,1,1,32.0,140000.0,4375.0,5171.67916226382,4568.83198282477
173528,APARTAMENTO NO PARQUE RIBEIRÃO,Condominio Uirapuru,Zona Oeste,2,1,1,43.0,141000.0,3279.06976744186,3230.85086747877,4568.83198282477
243164,Apartamento térreo de 42m² com 02 quartos para venda   Vitta Heitor Rigon II,Valentina Figueiredo,Zona Norte,2,1,1,42.0,136000.0,3238.09523809524,3736.9036213197,4316.94719953754
232616,Apartamento de 42m² com 02 quartos à venda   Jardim José Wilson Toni,Jardim Jose Wilson Toni,Zona Norte,2,1,1,42.0,142000.0,3380.95238095238,3558.22945254947,4316.94719953754
239534,Apartamento de 41m² com 02 quartos à venda   Reserva Real,Reserva Real,Zona Sul,2,1,1,41.0,144000.0,3512.19512195122,4252.08579993765,7019.92781217448
225929,Apartamento de 48m² com 02 quartos à venda   Parque São Sebastião,Parque Sao Sebastiao,Zona Leste,2,1,2,48.0,144000.0,3000.0,4018.24997986766,4646.24632076016
175244,APARTAMENTO TÉRREO NO QUINTINO FACCI II,Quintino Facci II,Zona Norte,2,1,1,42.0,144000.0,3428.57142857143,3658.03558245004,4316.94719953754
120023,Apartamento   Padrão,Jardim Marchesi,Zona Oeste,2,1,1,61.0,144000.0,2360.65573770492,3706.13254567216,4568.83198282477
99227,APARTAMENTO NO JOSÉ SAMPAIO,Jardim Jose Sampaio Junior,Zona Norte,2,1,1,48.0,144000.0,3000.0,4089.5276809911,4316.94719953754
228716,Apartamento de 42m² com 02 quartos à venda   Heitor Rigon,Jardim Heitor Rigon,Zona Norte,2,1,1,42.0,119000.0,2833.33333333333,3530.62855692946,4316.94719953754
221609,Apartamento de 43m² com 02 quartos à venda   Condomínio Uirapuru,Condominio Uirapuru,Zona Oeste,2,1,1,43.0,140000.0,3255.81395348837,3230.85086747877,4568.83198282477
245621,Apartamento 2 quartos a venda Jardim João Rossi,Jardim Joao Rossi,Zona Sul,2,1,1,42.0,145000.0,3452.38095238095,2950.48145403395,7019.92781217448
244109,Apartamento de 41m² com 02 quartos à venda   Reserva Real,Reserva Real,Zona Sul,2,1,1,41.0,145000.0,3536.58536585366,4252.08579993765,7019.92781217448
243317,Apartamento de 43m² com 02 quartos à venda   Valentina Figueiredo,Valentina Figueiredo,Zona Norte,2,1,1,43.0,145000.0,3372.09302325581,3736.9036213197,4316.94719953754
239126,Apartamento de 42m² com 02 quartos à venda   Ipiranga,Ipiranga,Zona Oeste,2,1,1,42.0,145000.0,3452.38095238095,4227.19529650629,4568.83198282477
237293,Apartamento de 40m² com 02 quartos à venda   Reserva Real,Reserva Real,Zona Sul,2,1,1,40.0,145000.0,3625.0,4252.08579993765,7019.92781217448
236216,Apartamento de 43m² com 02 quartos à venda   Jardim Heitor Rigon,Jardim Heitor Rigon,Zona Norte,2,1,1,43.0,145000.0,3372.09302325581,3530.62855692946,4316.94719953754
235799,Apartamento de 43m² Térreo com 02 quartos á venda   Jardim Diva Tarla de Carvalho,Jardim Diva Tarla de Carvalho,Zona Norte,2,1,1,43.0,145000.0,3372.09302325581,3667.24240741883,4316.94719953754
233396,Apartamento de 43m² com 02 quartos para Venda   Jardim Diva Tarlá de Carvalho,Jardim Diva Tarla de Carvalho,Zona Norte,2,1,1,43.0,145000.0,3372.09302325581,3667.24240741883,4316.94719953754
233096,Apartamento térreo de 37m² com 01 quarto   Alto do Ipiranga,Alto do Ipiranga,Zona Oeste,1,1,1,37.0,145000.0,3918.91891891892,4537.91893063963,4568.83198282477
222617,Apartamento de 40m² com 02 quartos à venda   Parque dos Pinus,Parque dos Pinus,Zona Norte,2,1,1,40.0,145000.0,3625.0,4176.00482723577,4316.94719953754
212219,Apartamento de 43m² com 02 quartos à venda   Jardim Diva Tarlá de Carvalho,Jardim Diva Tarla de Carvalho,Zona Norte,2,1,1,43.0,145000.0,3372.09302325581,3667.24240741883,4316.94719953754
207578,Apartamento de 41.85m² com 2 quartos à venda   Bairro Reserva Real,Reserva Real,Zona Sul,2,1,1,85.0,145000.0,1705.88235294118,4252.08579993765,7019.92781217448
207365,Apartamento de 41m² com 02 quartos à venda   Conjunto Habitacional Sílvio Passalacqua,Conjunto Habitacional Silvio Passalacqua,Zona Oeste,2,1,1,41.0,145000.0,3536.58536585366,3620.71440927175,4568.83198282477
199151,APARTAMENTO NO PAULO GOMES,Jardim Jose Wilson Toni,Zona Norte,2,1,1,42.0,145000.0,3452.38095238095,3558.22945254947,4316.94719953754
189365,OPORTUNIDADE VITTA VILA VIRGINIA I,Vila Virginia,Zona Oeste,2,1,1,49.0,145000.0,2959.18367346939,4199.44386633332,4568.83198282477
186296,EXCELENTE APARTAMENTO NO JARDIM JOSÉ SAMPAIO JUNIOR,Jardim Jose Sampaio Junior,Zona Norte,2,1,1,42.0,145000.0,3452.38095238095,4089.5276809911,4316.94719953754
183074,APARTAMENTO PRÓXIMO À UNIVERSIDADE BARÃO DE MAUÁ,Jardim Palma Travassos,Zona Leste,2,1,1,52.0,145000.0,2788.46153846154,4725.02380139251,4646.24632076016
170834,APARTAMENTO NO JARDIM VILICO CANTARELLI,Jardim Vilico Cantarelli,Zona Norte,2,1,1,40.0,145000.0,3625.0,3615.36281179138,4316.94719953754
159545,Apartamento   Padrão,Jardim Vilico Cantarelli,Zona Norte,2,1,1,42.0,145000.0,3452.38095238095,3615.36281179138,4316.94719953754
148451,APARTAMENTO PRÓXIMO À RODOVIA ANHANGUERA,Ribeirao Verde,Zona Norte,2,1,1,42.0,145000.0,3452.38095238095,3480.98330241187,4316.94719953754
146255,ÓTIMA OPORTUNIDADE!!!,Condominio Uirapuru,Zona Oeste,2,1,1,56.0,145000.0,2589.28571428571,3230.85086747877,4568.83198282477
141053,Apartamento de 42m² com 02 quartos à venda   Ipiranga,Ipiranga,Zona Oeste,2,1,1,42.0,145000.0,3452.38095238095,4227.19529650629,4568.83198282477
112163,Apartamento de 47 m² com 02 quartos   Jardim Paulistano,Jardim Paulistano,Zona Leste,2,1,1,47.0,130000.0,2765.95744680851,4354.41245373771,4646.24632076016
185951,APARTAMENTO NO BAIRRO RIBEIRÃO VERDE,Ribeirao Verde,Zona Norte,2,1,1,42.0,146000.0,3476.19047619048,3480.98330241187,4316.94719953754
233765,Apartamento de 41m² com 02 quartos á venda   Jardim José Sampaio Júnior,Jardim Jose Sampaio Junior,Zona Norte,2,1,1,41.0,140000.0,3414.63414634146,4089.5276809911,4316.94719953754
244532,Apartamento de 40m² com 2 quartos à venda   Palácio de Versalhes,Reserva Real,Zona Sul,2,1,1,40.0,147000.0,3675.0,4252.08579993765,7019.92781217448
234368,Apartamento de 42m² com 02 quartos à venda   Planalto Verde,Jardim Jose Wilson Toni,Zona Norte,2,1,1,42.0,147000.0,3500.0,3558.22945254947,4316.94719953754
220316,Apartamento de 43m² com 02 quartos à venda   Jardim Heitor Rigon lll,Jardim Heitor Rigon,Zona Norte,2,1,1,43.0,130000.0,3023.25581395349,3530.62855692946,4316.94719953754
231314,Apartamento de 43m² com 02 quartos à venda   Jardim Heitor Rigon,Jardim Heitor Rigon,Zona Norte,2,1,1,43.0,148000.0,3441.86046511628,3530.62855692946,4316.94719953754
203855,APARTAMENTO TÉRREO À VENDA NO BAIRRO VALENTINA FIGUEIREDO,Valentina Figueiredo,Zona Norte,2,1,1,42.0,148000.0,3523.80952380952,3736.9036213197,4316.94719953754
125096,Apartamento de 02 quartos para locação   Heitor Rigon,Jardim Heitor Rigon,Zona Norte,2,1,1,42.0,130000.0,3095.2380952381,3530.62855692946,4316.94719953754
245471,Apartamento de 43m² com 02 quartos à venda   Valentina Figueiredo,Valentina Figueiredo,Zona Norte,2,1,1,43.0,149000.0,3465.11627906977,3736.9036213197,4316.94719953754
223892,Apartamento de 42m² com 02 quartos à venda   Jardim José Wilson Toni,Jardim Jose Wilson Toni,Zona Norte,2,1,1,42.0,149000.0,3547.61904761905,3558.22945254947,4316.94719953754
223829,Apartamento de 42m² com 02 quartos à venda   Valentina Figueiredo,Valentina Figueiredo,Zona Norte,2,1,1,42.0,149000.0,3547.61904761905,3736.9036213197,4316.94719953754
219449,Apartamento de 41m² com 02 quartos à venda   Ipiranga,Ipiranga,Zona Oeste,2,1,1,41.0,149000.0,3634.14634146342,4227.19529650629,4568.83198282477
167549,Apartamento de 48m² com 02 quartos à venda   Jardim Heitor Rigon,Jardim Heitor Rigon,Zona Norte,2,1,1,48.0,149000.0,3104.16666666667,3530.62855692946,4316.94719953754
165956,APARTAMENTO NO CENTRO,Centro,Centro,1,1,1,40.0,149000.0,3725.0,3969.0889863009,4114.37759196461
151424,APARTAMENTO PRÓXIMO À RODOVIA ANHANGUERA,Jardim Florestan Fernandes,Zona Norte,2,1,1,42.0,149000.0,3547.61904761905,4173.34114617131,4316.94719953754
149369,APARTAMENTO PRÓXIMO À RODOVIA ANHANGUERA,Jardim Florestan Fernandes,Zona Norte,2,1,1,42.0,149000.0,3547.61904761905,4173.34114617131,4316.94719953754
236417,Apartamento de 40m² com 02 quartos à venda   Reserva Real,Reserva Real,Zona Sul,2,1,1,40.0,149900.0,3747.5,4252.08579993765,7019.92781217448
182480,Apartamento Porteira fechada de 170m² com 03 suítes à venda   Vila do Golfe,Vila do Golf,Zona Sul,3,5,3,170.0,1950000.0,11470.5882352941,9872.36315439169,7019.92781217448
212750,Apartamento de 298m² com 04 suítes à venda   Jardim Olhos D`Água,Jardim Olhos DAgua,Zona Sul,4,7,4,298.0,2490000.0,8355.70469798658,9706.16858313729,7019.92781217448
231308,Apartamento mobiliado de 278m² com 05 quartos para locação   Ribeirânia,Ribeirania,Zona Leste,5,8,4,278.0,2600000.0,9352.51798561151,6622.45012983218,4646.24632076016
234722,Apartamento de alto padrão de 292 m² com 03 suítes para locação e venda   Jardim Botânico.,Jardim Botanico,Zona Sul,3,7,4,292.0,2800000.0,9589.04109589041,7403.36272123417,7019.92781217448
223040,Apartamento de 42m² com 02 quartos à venda   Ipiranga,Ipiranga,Zona Oeste,2,1,1,42.0,129000.0,3071.42857142857,4227.19529650629,4568.83198282477
173258,APARTAMENTO NO PARQUE RIBEIRÃO,Parque Ribeirao Preto,Zona Oeste,2,1,1,60.0,130000.0,2166.66666666667,2579.87390485548,4568.83198282477
186368,Apartamento de 40m² com 02 quartos   Jardim Helena,Reserva Real,Zona Sul,2,1,1,40.0,138000.0,3450.0,4252.08579993765,7019.92781217448
125903,Apartamento de 49m² com 02 quartos à venda   Vila Abranches,Vila Abranches,Zona Norte,2,1,1,49.0,138000.0,2816.32653061225,3656.70906043577,4316.94719953754
212540,Apartamento com 48m² com 2 quartos  No Bairro Ipiranga.,Ipiranga,Zona Oeste,2,1,1,48.0,140000.0,2916.66666666667,4227.19529650629,4568.83198282477
122201,APARTAMENTO PRÓXIMO À RODOVIA ANHANGUERA,Ribeirao Verde,Zona Norte,2,1,1,42.0,140000.0,3333.33333333333,3480.98330241187,4316.94719953754
121835,APARTAMENTO NO CENTRO,Centro,Centro,1,1,1,34.0,140000.0,4117.64705882353,3969.0889863009,4114.37759196461
192146,LINDO APARTAMENTO NO JARDIM HEITOR RIGON,Jardim Heitor Rigon,Zona Norte,2,1,1,43.0,145000.0,3372.09302325581,3530.62855692946,4316.94719953754
183395,Exclusividade   Apartamento de 02 dormitórios para locação   Residencial das Américas,Residencial das Americas,Zona Norte,2,1,1,46.0,145000.0,3152.17391304348,3341.29895223855,4316.94719953754
244703,Apartamento de 41m² com 02 quartos para venda e locação   Conjunto Habitacional Sílvio Passalacqua,Conjunto Habitacional Silvio Passalacqua,Zona Oeste,2,1,1,41.0,150000.0,3658.53658536585,3620.71440927175,4568.83198282477
244079,Apartamento de 02 quartos para locação   Lar Itália,Jardim Vilico Cantarelli,Zona Norte,2,1,1,45.0,150000.0,3333.33333333333,3615.36281179138,4316.94719953754
243158,Apartamento de 41m² com 01 quarto à venda   Nova Aliança,Nova Alianca,Zona Sul,1,1,1,41.0,150000.0,3658.53658536585,7235.27815404702,7019.92781217448
241511,Apartamento de 42m² com 02 quartos à venda   Planalto Verde,Planalto Verde,Zona Oeste,2,1,1,42.0,150000.0,3571.42857142857,4021.97926976394,4568.83198282477
240707,Apartamento de 43m² com 02 quartos à venda   Reserva Macaúba,Reserva Macauba,Zona Norte,2,1,1,43.0,150000.0,3488.37209302326,4441.08952445151,4316.94719953754
240683,Apartamento de 52m² com 02 quartos à venda   Jardim Palma Travassos,Jardim Palma Travassos,Zona Leste,2,1,1,52.0,150000.0,2884.61538461539,4725.02380139251,4646.24632076016
238103,Apartamento de 42m² com 02 quartos à venda   Planalto Verde,Planalto Verde,Zona Oeste,2,1,1,42.0,150000.0,3571.42857142857,4021.97926976394,4568.83198282477
237560,"Apartamento todo reformado, 2 dormitórios completo com armários, banheiro social com box e espelho, sala de TV, cozinha rica em armários, 1 vaga de garagem. Vista eterna para praça. 2° e último andar Elevador 1 vaga car",Recreio Anhanguera,Zona Leste,2,1,1,48.0,150000.0,3125.0,3703.72991676345,4646.24632076016
235622,Apartamento de 41m² com 02 quartos à venda   Jardim João Rossi,Jardim Joao Rossi,Zona Sul,2,1,1,41.0,150000.0,3658.53658536585,2950.48145403395,7019.92781217448
235337,Apartamento com 41m² com 02 quartos à venda   Reserva Real,Reserva Real,Zona Sul,2,1,1,41.0,150000.0,3658.53658536585,4252.08579993765,7019.92781217448
235121,Apartamento com 41m² com 02 quartos à venda   Reserva Real,Reserva Real,Zona Sul,2,1,1,41.0,150000.0,3658.53658536585,4252.08579993765,7019.92781217448
234941,APARTAMENTO PRÓXIMO À RODOVIA ANHANGUERA,Jardim Florestan Fernandes,Zona Norte,2,1,1,42.0,150000.0,3571.42857142857,4173.34114617131,4316.94719953754
233882,Apartamento de 48m² com 02 quartos à venda   Quintino Facci II,Quintino Facci II,Zona Norte,2,1,1,48.0,150000.0,3125.0,3658.03558245004,4316.94719953754
232940,Apartamento completo em Planejados,Parque Sao Sebastiao,Zona Leste,2,1,1,45.0,150000.0,3333.33333333333,4018.24997986766,4646.24632076016
231017,Apartamento de 40m² com 02 quartos à venda   Jardim Itaú,Jardim Itau,Zona Norte,2,1,1,40.0,150000.0,3750.0,4105.97173905832,4316.94719953754
230594,Apartamento de 50m² com 02 quartos à venda   Heitor Rigon,Jardim Heitor Rigon,Zona Norte,2,1,1,50.0,150000.0,3000.0,3530.62855692946,4316.94719953754
225122,Apartamento com 41m² com 02 quartos à venda   Reserva Real,Reserva Real,Zona Sul,2,1,1,41.0,150000.0,3658.53658536585,4252.08579993765,7019.92781217448
223220,Apartamento de 46m² com 02 quartos à venda   Jardim Heitor Rigon,Jardim Heitor Rigon,Zona Norte,2,1,1,46.0,150000.0,3260.86956521739,3530.62855692946,4316.94719953754
223160,Apartamento de 42m² com 02 quartos à venda   Valentina Figueiredo,Valentina Figueiredo,Zona Norte,2,1,1,42.0,150000.0,3571.42857142857,3736.9036213197,4316.94719953754
222128,Apartamento de 42m² com 02 quartos para locação   Jardim Florestan Fernandes,Adao do Carmo Leonel,Zona Oeste,2,1,1,42.0,150000.0,3571.42857142857,3571.42857142857,4568.83198282477
220370,Apartamento de 45m² com 02 quartos à venda   Jardim Anhanguera,Jardim Zara,Zona Leste,2,1,1,45.0,150000.0,3333.33333333333,3994.52759311292,4646.24632076016
220325,Apartamento de 42m² com 02 quartos para locação e venda   Jardim José Wilson Toni,Jardim Jose Wilson Toni,Zona Norte,2,1,1,42.0,150000.0,3571.42857142857,3558.22945254947,4316.94719953754
217958,Apartamento de 43m² com 02 quartos à venda   Jardim Diva Tarlá de Carvalho,Jardim Diva Tarla de Carvalho,Zona Norte,2,1,1,43.0,150000.0,3488.37209302326,3667.24240741883,4316.94719953754
216647,Apartamento de 41m² com 02 quartos para locação   Reserva Real,Reserva Real,Zona Sul,2,1,1,41.0,150000.0,3658.53658536585,4252.08579993765,7019.92781217448
215741,Apartamento de 40m² com 02 quartos à venda   Jardim Ouro Branco,Jardim Ouro Branco,Zona Leste,2,1,1,40.0,150000.0,3750.0,4456.14834639336,4646.24632076016
212618,Apartamento 46m² com 02 quartos à venda   Ipiranga,Ipiranga,Zona Oeste,2,1,1,46.0,150000.0,3260.86956521739,4227.19529650629,4568.83198282477
206204,Apartamento de 42m² com 02 quartos à venda   Quintino Facci II,Quintino Facci II,Zona Norte,2,1,1,42.0,150000.0,3571.42857142857,3658.03558245004,4316.94719953754
205442,Apartamento de 39m² com 02 quartos à venda   Residencial das Américas,Residencial das Americas,Zona Norte,2,1,1,39.0,150000.0,3846.15384615385,3341.29895223855,4316.94719953754
200360,APARTAMENTO NO JOÃO ROSSI,Jardim Joao Rossi,Zona Sul,2,1,1,42.0,150000.0,3571.42857142857,2950.48145403395,7019.92781217448
199847,APARTAMENTO JARDIM MARCHESI,Jardim Marchesi,Zona Oeste,2,1,1,47.0,150000.0,3191.48936170213,3706.13254567216,4568.83198282477
197807,APARTAMENTO 1º ANDAR PARQUE ROMANO,Sumarezinho,Zona Oeste,1,1,1,52.0,150000.0,2884.61538461539,4702.46841942496,4568.83198282477
193718,Apartamento   Padrão,Nova Alianca,Zona Sul,2,1,1,42.0,150000.0,3571.42857142857,7235.27815404702,7019.92781217448
191246,APARTAMENTO NO JARDIM PAULISTA,Jardim Paulista,Zona Leste,1,1,1,38.0,150000.0,3947.36842105263,4839.65243893052,4646.24632076016
184004,APARTAMENTO NO RIBEIRÃO VERDE,Jardim Pedra Branca,Zona Norte,2,1,1,42.0,150000.0,3571.42857142857,3820.60755336617,4316.94719953754
183449,APARTAMENTO PRÓXIMO À AVENIDA JOÃO BATISTA DUARTE,Valentina Figueiredo,Zona Norte,2,1,1,43.0,150000.0,3488.37209302326,3736.9036213197,4316.94719953754
183446,APARTAMENTO PRÓXIMO À AVENIDA JOÃO BATISTA DUARTE,Valentina Figueiredo,Zona Norte,2,1,1,43.0,150000.0,3488.37209302326,3736.9036213197,4316.94719953754
183443,APARTAMENTO PRÓXIMO À AVENIDA JOÃO BATISTA DUARTE,Valentina Figueiredo,Zona Norte,2,1,1,43.0,150000.0,3488.37209302326,3736.9036213197,4316.94719953754
183440,APARTAMENTO PRÓXIMO À AVENIDA JOÃO BATISTA DUARTE,Valentina Figueiredo,Zona Norte,2,1,1,43.0,150000.0,3488.37209302326,3736.9036213197,4316.94719953754
183437,APARTAMENTO PRÓXIMO À AVENIDA JOÃO BATISTA DUARTE,Valentina Figueiredo,Zona Norte,2,1,1,43.0,150000.0,3488.37209302326,3736.9036213197,4316.94719953754
183428,APARTAMENTO PRÓXIMO À AVENIDA JOÃO BATISTA DUARTE,Valentina Figueiredo,Zona Norte,2,1,1,43.0,150000.0,3488.37209302326,3736.9036213197,4316.94719953754
183425,APARTAMENTO PRÓXIMO À AVENIDA JOÃO BATISTA DUARTE,Valentina Figueiredo,Zona Norte,2,1,1,43.0,150000.0,3488.37209302326,3736.9036213197,4316.94719953754
183401,APARTAMENTO PRÓXIMO À AVENIDA MARECHAL COSTA E SILVA,Campos Eliseos,Zona Norte,2,1,1,42.0,150000.0,3571.42857142857,4308.89631323999,4316.94719953754
181778,Apartamento de 42m² com 02 quartos à venda   Jardim Vilico Cantarelli,Jardim Vilico Cantarelli,Zona Norte,2,1,1,42.0,150000.0,3571.42857142857,3615.36281179138,4316.94719953754
180932,APARTAMENTO NO IPIRANGA,Ipiranga,Zona Oeste,2,1,1,49.0,150000.0,3061.22448979592,4227.19529650629,4568.83198282477
180053,Apartamento de 55m² com 02 quartos à venda   Vila Virgínia,Vila Virginia,Zona Oeste,2,1,1,55.0,150000.0,2727.27272727273,4199.44386633332,4568.83198282477
176894,APARTAMENTO NO JARDIM DIVA TARLÁ DE CARVALHO,Jardim Diva Tarla de Carvalho,Zona Norte,2,1,1,43.0,150000.0,3488.37209302326,3667.24240741883,4316.94719953754
176057,APARTAMENTO NO JARDIM DAS PALMEIRAS,Jardim das Palmeiras,Zona Norte,2,1,1,43.0,150000.0,3488.37209302326,3249.37764351271,4316.94719953754
174878,APARTAMENTO NO JARDIM DIVA TARLÁ DE CARVALHO,Jardim Diva Tarla de Carvalho,Zona Norte,2,1,1,43.0,150000.0,3488.37209302326,3667.24240741883,4316.94719953754
171656,APARTAMENTO PRÓXIMO À RODOVIA ANHANGUERA,Quintino Facci II,Zona Norte,2,1,1,48.0,150000.0,3125.0,3658.03558245004,4316.94719953754
168422,APARTAMENTO NO JARDIN ZARA,Jardim Zara,Zona Leste,2,1,1,48.0,150000.0,3125.0,3994.52759311292,4646.24632076016
167933,APARTAMENTO PRÓXIMO À RUA JAVARI,Residencial das Americas,Zona Norte,2,1,1,50.0,150000.0,3000.0,3341.29895223855,4316.94719953754
166100,****APARTAMENTO PRÓXIMO AO ATACADÃO****,Quintino Facci II,Zona Norte,2,1,1,43.0,150000.0,3488.37209302326,3658.03558245004,4316.94719953754
165971,Kitnet de 34m² com 01 quarto para locação   Centro,Centro,Centro,1,1,1,34.0,150000.0,4411.76470588235,3969.0889863009,4114.37759196461
159743,APARTAMENTO PRÓXIMO À VIA NORTE,Vila Albertina,Zona Norte,2,1,1,43.0,150000.0,3488.37209302326,3488.37209302326,4316.94719953754
159731,APARTAMENTO NO HEITOR RIGON,Jardim Heitor Rigon,Zona Norte,2,1,1,46.0,150000.0,3260.86956521739,3530.62855692946,4316.94719953754
158540,"Apartamento de 42,50m² com 02 quartos para locação   Jardim José Wilson Toni",Jardim Jose Wilson Toni,Zona Norte,2,1,1,50.0,150000.0,3000.0,3558.22945254947,4316.94719953754
150566,APARTAMENTO PRÓXIMO Á ROD. ANHANGUERA,Jardim Zara,Zona Leste,2,1,1,42.0,150000.0,3571.42857142857,3994.52759311292,4646.24632076016
148055,Apartamento de 01 quarto para venda   Centro,Centro,Centro,1,1,1,39.0,150000.0,3846.15384615385,3969.0889863009,4114.37759196461
144995,APARTAMENTO PRÓXIMO AO SUPERMERCADO MIALICH,Jardim Diva Tarla de Carvalho,Zona Norte,2,1,1,43.0,150000.0,3488.37209302326,3667.24240741883,4316.94719953754
144647,APARTAMENTO PRÓXIMO A RODOVIA ANHANGUERA,Jardim Florestan Fernandes,Zona Norte,2,1,1,42.0,150000.0,3571.42857142857,4173.34114617131,4316.94719953754
141452,APARTAMENTO PRÓXIMO À AVENIDA LUIGI ROSIELO,Vila Monte Alegre,Zona Oeste,1,1,1,45.0,150000.0,3333.33333333333,5171.67916226382,4568.83198282477
136562,APARTAMENTO NO CENTRO,Centro,Centro,1,1,1,47.0,150000.0,3191.48936170213,3969.0889863009,4114.37759196461
133106,Apartamento de 63m² com 02 quartos para venda  Jardim Florestan Fernandes.,Jardim Florestan Fernandes,Zona Norte,2,1,1,63.0,150000.0,2380.95238095238,4173.34114617131,4316.94719953754
130736,Apartamento   Padrão,Jardim Heitor Rigon,Zona Norte,2,1,1,42.0,150000.0,3571.42857142857,3530.62855692946,4316.94719953754
130199,Apartamento   Padrão,Conjunto Habitacional Silvio Passalacqua,Zona Oeste,2,1,1,41.0,150000.0,3658.53658536585,3620.71440927175,4568.83198282477
125273,Apartamento   Padrão,Jardim Zara,Zona Leste,2,1,1,48.0,150000.0,3125.0,3994.52759311292,4646.24632076016
124259,APARTAMENTO NO MONTE ALEGRE,Vila Monte Alegre,Zona Oeste,1,1,1,32.0,150000.0,4687.5,5171.67916226382,4568.83198282477
119426,APARTAMENTO NO RESIDENCIAL DAS AMÉRICAS,Residencial das Americas,Zona Norte,2,1,1,43.0,150000.0,3488.37209302326,3341.29895223855,4316.94719953754
116726,APARTAMENTO NO JARDIM ITAÚ,Jardim Itau,Zona Norte,2,1,1,44.0,150000.0,3409.09090909091,4105.97173905832,4316.94719953754
116171,APARTAMENTO NO RIBEIRÃO VERDE,Ribeirao Verde,Zona Norte,2,1,1,60.0,150000.0,2500.0,3480.98330241187,4316.94719953754
115361,Apartamento de 42m² com 02 quartos à venda   Vila Virgínia,Vila Virginia,Zona Oeste,2,1,1,42.0,150000.0,3571.42857142857,4199.44386633332,4568.83198282477
113390,Apartamento   Padrão,Ribeirao Verde,Zona Norte,2,1,1,42.0,150000.0,3571.42857142857,3480.98330241187,4316.94719953754
104753,KITNET NO CAMPOS ELÍSEOS,Campos Eliseos,Zona Norte,1,1,1,32.0,150000.0,4687.5,4308.89631323999,4316.94719953754
89138,Apartamento de 48m² com com 02 quartos   Quintino Facci II,Quintino Facci II,Zona Norte,2,1,1,48.0,150000.0,3125.0,3658.03558245004,4316.94719953754
87446,Apartamento   Padrão,Vila Virginia,Zona Oeste,2,1,1,50.0,150000.0,3000.0,4199.44386633332,4568.83198282477
43100,Apartamento de 45m² com 01 quarto   Centro,Centro,Centro,1,1,1,45.0,150000.0,3333.33333333333,3969.0889863009,4114.37759196461
224927,Apartamento de 41m² com 02 quartos à venda   Ipiranga,Ipiranga,Zona Oeste,2,1,1,41.0,150000.0,3658.53658536585,4227.19529650629,4568.83198282477
142577,APARTAMENTO PRÓXIMO À AVENIDA VIRGILIO SOEIRA,Planalto Verde,Zona Oeste,2,1,1,42.0,142000.0,3380.95238095238,4021.97926976394,4568.83198282477
241478,Apartamento de 42m² com 02 quartos à venda   Campos Elíseos,Campos Eliseos,Zona Norte,2,1,1,42.0,152000.0,3619.04761904762,4308.89631323999,4316.94719953754
179252,APARTAMENTO NA VILA ABRANCHES,Vila Abranches,Zona Norte,2,1,1,46.0,152000.0,3304.34782608696,3656.70906043577,4316.94719953754
139337,APARTAMENTO NO RESERVA REAL,Reserva Real,Zona Sul,2,1,1,41.0,152000.0,3707.31707317073,4252.08579993765,7019.92781217448
215147,Apartamento térreo de 42m² com 02 quartos à venda  ,Valentina Figueiredo,Zona Norte,2,1,1,42.0,153000.0,3642.85714285714,3736.9036213197,4316.94719953754
154082,APARTAMENTO PRÓXIMO À AVENIDA JOSÉ ANTÔNIO FERRAREZI,Reserva Real,Zona Sul,2,1,1,41.0,153000.0,3731.70731707317,4252.08579993765,7019.92781217448
237332,Apartamento de 48m² com 2 quartos à venda   Geraldo Correa de Carvalho,Geraldo Correia de Carvalho,Zona Norte,2,1,1,48.0,154000.0,3208.33333333333,3405.81955922865,4316.94719953754
231095,Apartamento de 43m² com 02 quartos à venda   Reserva Macaúba,Reserva Macauba,Zona Norte,2,1,1,43.0,145000.0,3372.09302325581,4441.08952445151,4316.94719953754
205451,Apartamento de 45m² com 02 quartos à venda   Parque São Sebastião,Parque Sao Sebastiao,Zona Leste,2,1,1,45.0,145000.0,3222.22222222222,4018.24997986766,4646.24632076016
218240,Apartamento de 42m² com 02 quartos à venda   Chácaras Pedro Corrêa de Carvalho,Valentina Figueiredo,Zona Norte,2,1,1,42.0,150000.0,3571.42857142857,3736.9036213197,4316.94719953754
238586,Apartamento de 37m² com 01 quarto à venda   Parque Industrial Lagoinha,Parque Industrial Lagoinha,Zona Leste,1,1,1,37.0,155000.0,4189.18918918919,4502.88532269356,4646.24632076016
235778,Apartamento de 40m² com 02 quartos à venda   Reserva Real,Reserva Real,Zona Sul,2,1,1,40.0,155000.0,3875.0,4252.08579993765,7019.92781217448
232994,Apartamento de 52m² com 02 quartos à venda   Jardim Palma Travassos,Jardim Palma Travassos,Zona Leste,2,1,1,52.0,155000.0,2980.76923076923,4725.02380139251,4646.24632076016
226901,Apartamento de 42m² com 2 quartos à venda   Jardim João Rossi,Jardim Joao Rossi,Zona Sul,2,1,1,42.0,155000.0,3690.47619047619,2950.48145403395,7019.92781217448
225029,Apartamento de 43m² com 02 quartos à venda   Reserva Macaúba,Reserva Macauba,Zona Norte,2,1,1,43.0,155000.0,3604.6511627907,4441.08952445151,4316.94719953754
223988,Apartamento reformado de 41m² com 02 quartos à venda   Reserva Real,Reserva Real,Zona Sul,2,1,1,41.0,155000.0,3780.48780487805,4252.08579993765,7019.92781217448
218207,Apartamento de 46m² com 02 quartos à venda   Parque Ribeirão,Parque Ribeirao Preto,Zona Oeste,2,1,1,46.0,155000.0,3369.5652173913,2579.87390485548,4568.83198282477
210053,Apartamento de 41m² com 02 quartos à venda   Reserva Real,Reserva Real,Zona Sul,2,1,1,41.0,155000.0,3780.48780487805,4252.08579993765,7019.92781217448
206765,Apartamento de 42m² com 02 quartos à venda   Quintino Facci II,Quintino Facci II,Zona Norte,2,1,1,42.0,155000.0,3690.47619047619,3658.03558245004,4316.94719953754
189215,EXCELENTE APARTAMENTO PRÓXIMO À RUA JAVARI,Geraldo Correia de Carvalho,Zona Norte,2,1,1,48.0,155000.0,3229.16666666667,3405.81955922865,4316.94719953754
183410,APARTAMENTO PRÓXIMO À RODOVIA ALEXANDRE BABLBO,Jardim Heitor Rigon,Zona Norte,2,1,1,43.0,155000.0,3604.6511627907,3530.62855692946,4316.94719953754
183407,APARTAMENTO PRÓXIMO À RODOVIA ALEXANDRE BALBO,Jardim Heitor Rigon,Zona Norte,2,1,1,43.0,155000.0,3604.6511627907,3530.62855692946,4316.94719953754
183386,APARTAMENTO PRÓXIMO À AVENIDA JULIETA ENGRÁCIA,Jardim Diva Tarla de Carvalho,Zona Norte,2,1,1,43.0,155000.0,3604.6511627907,3667.24240741883,4316.94719953754
156758,APARTAMENTO PRÓXIMO À AVENIDA JOSÉ ANTÔNIO FERRAREZI,Reserva Real,Zona Sul,2,1,1,41.0,155000.0,3780.48780487805,4252.08579993765,7019.92781217448
147764,APARTAMENTO PRÓXIMO À RUA PORTO SEGURO,Jardim Jandaia,Zona Norte,2,1,1,47.0,155000.0,3297.87234042553,4103.36879432624,4316.94719953754
144266,APARTAMENTO PRÓXIMO À RODOVIA ANHANGUERA,Ribeirao Verde,Zona Norte,2,1,1,42.0,155000.0,3690.47619047619,3480.98330241187,4316.94719953754
136268,Apartamento de 40m² com 02 quartos para locação   Jardim Zara,Jardim Zara,Zona Leste,2,1,1,40.0,155000.0,3875.0,3994.52759311292,4646.24632076016
113705,Apartamento   Padrão,Reserva Real,Zona Sul,2,1,1,48.0,156928.0,3269.33333333333,4252.08579993765,7019.92781217448
122720,APARTAMENTO NO IPIRANGA,Ipiranga,Zona Oeste,2,1,1,40.0,157000.0,3925.0,4227.19529650629,4568.83198282477
230744,Apartamento de 41m² com 02 quartos   Reserva Imperial,Reserva Real,Zona Sul,2,1,1,41.0,158000.0,3853.65853658537,4252.08579993765,7019.92781217448
152702,Apartamento de 02 quartos para locação   Vila Virginia,Vila Virginia,Zona Oeste,2,1,1,42.0,158000.0,3761.90476190476,4199.44386633332,4568.83198282477
226643,Apartamento de 48m² com 02 quartos à venda   Jardim Manoel Penna,Jardim Manoel Penna,Zona Leste,2,1,1,48.0,149999.0,3124.97916666667,4812.40737129408,4646.24632076016
136991,APARTAMENTO PRÓXIMO À AVENIDA BARÃO DO BANANAL,Jardim Zara,Zona Leste,2,1,1,43.0,150000.0,3488.37209302326,3994.52759311292,4646.24632076016
244178,Apartamento de 41m² com 02 quartos à venda   Reserva Real,Reserva Real,Zona Sul,2,1,1,41.0,159000.0,3878.04878048781,4252.08579993765,7019.92781217448
243374,Apartamento de 31m² com 01 quarto à venda   Vila Virgínia,Vila Virginia,Zona Oeste,1,1,1,31.0,159000.0,5129.03225806452,4199.44386633332,4568.83198282477
242582,Apartamento de 43m² com 02 quartos para venda   Vitta Heitor Rigon III,Jardim Heitor Rigon,Zona Norte,2,1,1,43.0,159000.0,3697.67441860465,3530.62855692946,4316.94719953754
235223,Apartamento de 45m² com 02 quartos á venda   Parque dos Lagos,Parque dos Lagos,Zona Leste,2,1,1,45.0,159000.0,3533.33333333333,4175.19186695209,4646.24632076016
234914,Apartamento de 43m² com 02 quartos para Venda   Jardim Diva Tarlá de Carvalho,Jardim Diva Tarla de Carvalho,Zona Norte,2,1,1,43.0,159000.0,3697.67441860465,3667.24240741883,4316.94719953754
222812,Apartamento de 41m² com 02 quartos à venda   Reserva Real,Reserva Real,Zona Sul,2,1,1,41.0,159000.0,3878.04878048781,4252.08579993765,7019.92781217448
219620,Apartamento térreo de 40m² com 02 quartos à venda   Reserva Real,Reserva Real,Zona Sul,2,1,1,40.0,159000.0,3975.0,4252.08579993765,7019.92781217448
217919,Apartamento de 42m² com 02 quartos à venda   Recreio Anhanguera,Residencial Parque dos Servidores,Zona Leste,2,1,1,42.0,159000.0,3785.71428571429,4474.21131539829,4646.24632076016
180440,APARTAMENTO EM ÓTIMA LOCALIZAÇÃO,Conjunto Habitacional Silvio Passalacqua,Zona Oeste,2,1,1,41.0,159000.0,3878.04878048781,3620.71440927175,4568.83198282477
180368,APARTAMENTO NA VALENTINA FIGUEIREDO,Valentina Figueiredo,Zona Norte,2,1,1,43.0,159000.0,3697.67441860465,3736.9036213197,4316.94719953754
179180,APARTAMENTO NO PARQUE SÃO SEBASTIÃO,Parque Sao Sebastiao,Zona Leste,2,1,1,46.0,159000.0,3456.52173913044,4018.24997986766,4646.24632076016
146051,APARTAMENTO TÉRREO PRÓXIMO À RUA GENERAL CÂMARA,Ipiranga,Zona Oeste,2,1,1,41.0,159000.0,3878.04878048781,4227.19529650629,4568.83198282477
137234,Apartamento de 48m² com 02 quartos para locação   Parque São Sebastião,Parque Sao Sebastiao,Zona Leste,2,1,1,48.0,159000.0,3312.5,4018.24997986766,4646.24632076016
136559,Apartamento de 48m² com 02 quartos à venda   Ipiranga,Ipiranga,Zona Oeste,2,1,1,48.0,159000.0,3312.5,4227.19529650629,4568.83198282477
107363,Apartamento   Padrão,Jardim Zara,Zona Leste,2,1,1,49.0,159000.0,3244.89795918367,3994.52759311292,4646.24632076016
81545,Apartamento de 42m² colm 02 quartos à venda   Jardim Javari,Jardim Javari,Zona Oeste,2,1,1,42.0,159000.0,3785.71428571429,2828.57142857143,4568.83198282477
240677,Apartamento de 48m² com 02 quartos à venda   Ipiranga,Ipiranga,Zona Oeste,2,1,1,48.0,130000.0,2708.33333333333,4227.19529650629,4568.83198282477
209075,Apartamento de 50m² com 01 quartos à venda  No bairro Jardim Paulistano,Jardim Paulistano,Zona Leste,1,1,1,50.0,135000.0,2700.0,4354.41245373771,4646.24632076016
147521,Apartamento de 59m² com 02 quartos para venda   Independência,Independencia,Zona Norte,2,1,1,59.0,135000.0,2288.13559322034,3844.6605743041,4316.94719953754
97256,Apartamento de 1 quarto à venda  Parque Anhanguera,Parque Anhanguera,Zona Leste,1,1,1,32.0,135000.0,4218.75,4177.86557112983,4646.24632076016
202001,Apartamento de 46m² com 2 quartos à   Parque São Sebastião,Parque Sao Sebastiao,Zona Leste,2,1,1,46.0,140000.0,3043.47826086957,4018.24997986766,4646.24632076016
127160,Apartamento de 45m² com 01 quarto à venda   Centro,Centro,Centro,1,1,1,45.0,140000.0,3111.11111111111,3969.0889863009,4114.37759196461
181874,APARTAMENTO PRÓXIMO À AVENIDA ALFREDO RAVANELLI,Parque Sao Sebastiao,Zona Leste,2,1,1,46.0,145000.0,3152.17391304348,4018.24997986766,4646.24632076016
154538,Apartamento de 48m² com 02 quartos Jardim Manoel Penna,Jardim Manoel Penna,Zona Leste,2,1,1,48.0,145000.0,3020.83333333333,4812.40737129408,4646.24632076016
139334,APARTAMENTO NO RIBEIRÃO VERDE,Ribeirao Verde,Zona Norte,2,1,1,42.0,149000.0,3547.61904761905,3480.98330241187,4316.94719953754
214847,Apartamento de 40m² com 02 quartos para locação   Reserva Real,Reserva Real,Zona Sul,2,1,1,40.0,150000.0,3750.0,4252.08579993765,7019.92781217448
191066,Apartamento de 38m² com 01 quarto à venda   Jardim Paulistano,Jardim Paulista,Zona Leste,1,1,1,38.0,150000.0,3947.36842105263,4839.65243893052,4646.24632076016
149501,APARRTAMENTO PRÓXIMO À AVENIDA MEIRA JÚNIOR,Jardim Paulista,Zona Leste,1,1,1,38.0,150000.0,3947.36842105263,4839.65243893052,4646.24632076016
148241,Apartamento de 42m² com 02 quartos á venda   Jardim Heitor Rigon,Jardim Heitor Rigon,Zona Norte,2,1,1,42.0,150000.0,3571.42857142857,3530.62855692946,4316.94719953754
134291,Apartamento próximo ao Parque dos Lagos,Jardim Interlagos,Zona Leste,2,1,1,42.0,150000.0,3571.42857142857,4158.11293993337,4646.24632076016
118466,Apartamento de 02 quartos   Jd. Heitor Rigon,Jardim Heitor Rigon,Zona Norte,2,1,1,48.0,150000.0,3125.0,3530.62855692946,4316.94719953754
108875,Apartamento de 46 m² com 02 quartos   Parque São Sebastião,Parque Sao Sebastiao,Zona Leste,2,1,1,46.0,150000.0,3260.86956521739,4018.24997986766,4646.24632076016
225704,Apartamento de 43m² com 02 quartos à venda   Reserva Macaúba,Reserva Macauba,Zona Norte,2,1,1,43.0,154900.0,3602.32558139535,4441.08952445151,4316.94719953754
220640,Apartamento de 42m² com 02 quartos para locação e venda   Residencial Parque dos Servidores,Residencial Parque dos Servidores,Zona Leste,2,1,1,42.0,155000.0,3690.47619047619,4474.21131539829,4646.24632076016
244220,Apartamento de 42m² com 01 quarto à venda   Jardim Paulista,Jardim Paulista,Zona Leste,1,1,1,42.0,160000.0,3809.52380952381,4839.65243893052,4646.24632076016
243695,Apartamento de 43m² com 02 quartos à venda   Valentina Figueiredo,Valentina Figueiredo,Zona Norte,2,1,1,43.0,160000.0,3720.93023255814,3736.9036213197,4316.94719953754
243323,Apartamento de 34m² com 01 quarto à venda   Monte Alegre,Vila Monte Alegre,Zona Oeste,1,1,1,34.0,160000.0,4705.88235294118,5171.67916226382,4568.83198282477
243146,Apartamento de 48m² com 02 quartosà venda   Geraldo Correia de Carvalho,Geraldo Correia de Carvalho,Zona Norte,2,1,1,48.0,160000.0,3333.33333333333,3405.81955922865,4316.94719953754
242567,Apartamento de 41m² com 02 quartos à venda   Reserva Real,Reserva Real,Zona Sul,2,1,1,41.0,160000.0,3902.43902439024,4252.08579993765,7019.92781217448
242519,Apartamento de 42m² com 02 quartos à venda   Quintino Facci II,Quintino Facci II,Zona Norte,2,1,1,42.0,160000.0,3809.52380952381,3658.03558245004,4316.94719953754
241169,Apartamento de 40m² com 02 quartos para locação e venda   Reserva Real,Reserva Real,Zona Sul,2,1,1,40.0,160000.0,4000.0,4252.08579993765,7019.92781217448
240719,Apartamento de 42m² com 02 quartos à venda   Jardim José Wilson Toni,Jardim Jose Wilson Toni,Zona Norte,2,1,1,42.0,160000.0,3809.52380952381,3558.22945254947,4316.94719953754
240389,Apartamento de 42m² com 02 quartos para locação   Jardim José Wilson Toni,Jardim Jose Wilson Toni,Zona Norte,2,1,1,42.0,160000.0,3809.52380952381,3558.22945254947,4316.94719953754
238394,Apartamento de 40m² com 02 quartos à venda   Parque dos Pinus,Parque dos Pinus,Zona Norte,2,1,1,40.0,160000.0,4000.0,4176.00482723577,4316.94719953754
237935,Apartamento de 42m² com 02 quartos à venda   Vitta Via Norte I,Quintino Facci II,Zona Norte,2,1,1,42.0,160000.0,3809.52380952381,3658.03558245004,4316.94719953754
237287,Apartamento de 42m² com 02 quartos   Vila Abranches,Vila Abranches,Zona Norte,2,1,1,42.0,160000.0,3809.52380952381,3656.70906043577,4316.94719953754
237209,Apartamento térreo de 39m² com 02 quartos à venda   Ribeirão Verde,Jardim Florestan Fernandes,Zona Norte,2,1,1,39.0,160000.0,4102.5641025641,4173.34114617131,4316.94719953754
236645,Apartamento com 43m² com 02 quartos.,Condominio Uirapuru,Zona Oeste,2,1,1,43.0,160000.0,3720.93023255814,3230.85086747877,4568.83198282477
235730,Apartamento de 49m² com 02 quartos à venda   Parque São Sebastião,Parque Sao Sebastiao,Zona Leste,2,1,1,49.0,160000.0,3265.30612244898,4018.24997986766,4646.24632076016
234191,Apartamento de 43m² com 02 quartos para locação e venda   Valentina Figueiredo,Valentina Figueiredo,Zona Norte,2,1,1,43.0,160000.0,3720.93023255814,3736.9036213197,4316.94719953754
232823,Apartamento de 42m² com 02 quartos para venda   Jardim José Sampaio Júnior,Jardim Jose Sampaio Junior,Zona Norte,2,1,1,42.0,160000.0,3809.52380952381,4089.5276809911,4316.94719953754
230705,Apartamento de 41m² com 02 quartos   Reserva Real,Reserva Real,Zona Sul,2,1,1,41.0,160000.0,3902.43902439024,4252.08579993765,7019.92781217448
228707,Apartamento de 42m² com 02 quartos para locação e venda   Ipiranga,Quintino Facci II,Zona Norte,2,1,1,42.0,160000.0,3809.52380952381,3658.03558245004,4316.94719953754
227924,Apartamento de 47m² com 02 quartos para locação e venda   Conjunto Habitacional Jardim das Palmeiras,Conjunto Habitacional Jardim das Palmeiras,Zona Norte,2,1,1,47.0,160000.0,3404.25531914894,3512.02019163783,4316.94719953754
227366,Apartamento de 42m² com 02 quartos à venda   Quintino Facci II,Quintino Facci II,Zona Norte,2,1,1,42.0,160000.0,3809.52380952381,3658.03558245004,4316.94719953754
226538,Apartamento de 48m² com 02 quartos à venda   Jardim Heitor Rigon,Jardim Heitor Rigon,Zona Norte,2,1,1,48.0,160000.0,3333.33333333333,3530.62855692946,4316.94719953754
225848,Apartamento de 42m² com 02 quartos à venda   Quintino Facci II,Quintino Facci II,Zona Norte,2,1,1,42.0,160000.0,3809.52380952381,3658.03558245004,4316.94719953754
225215,Apartamento de 43m² com 02 quartos à venda   Chácaras Pedro Corrêa de Carvalho,Chacaras Pedro Correa de Carvalho,Zona Norte,2,1,1,43.0,160000.0,3720.93023255814,4124.52491399826,4316.94719953754
224570,Apartamento de 48m² com 02 quartos à venda   Quintino Facci II,Quintino Facci II,Zona Norte,2,1,1,48.0,160000.0,3333.33333333333,3658.03558245004,4316.94719953754
221891,Apartamento térreo de 43m² com 02 quartos à venda   Parque dos Lagos,Residencial Parque dos Servidores,Zona Leste,2,1,1,43.0,160000.0,3720.93023255814,4474.21131539829,4646.24632076016
221204,Apartamento de 43m² com 02 quartos para locação   Jardim Diva Tarlá de Carvalho,Jardim Diva Tarla de Carvalho,Zona Norte,2,1,1,43.0,160000.0,3720.93023255814,3667.24240741883,4316.94719953754
220613,Apartamento de 46m² com 02 quartos à venda   Jardim Itaú,Jardim Itau,Zona Norte,2,1,1,46.0,160000.0,3478.26086956522,4105.97173905832,4316.94719953754
219599,Apartamento de 41m² com 02 quartos para locação e venda   Reserva Real,Reserva Real,Zona Sul,2,1,1,41.0,160000.0,3902.43902439024,4252.08579993765,7019.92781217448
219362,Apartamento de 55m² com 02 quartos à venda   Vila Virgínia,Vila Virginia,Zona Oeste,2,1,1,55.0,160000.0,2909.09090909091,4199.44386633332,4568.83198282477
212864,Apartamento de 45m² com 02 quartos a venda   Parque Renascer,Jardim Manoel Penna,Zona Leste,2,1,1,45.0,160000.0,3555.55555555556,4812.40737129408,4646.24632076016
204101,Apartamento térreo de 42m² com 02 quartos para locação e venda   Reacanto das Palmeiras,Recanto das Palmeiras,Zona Leste,2,1,1,42.0,160000.0,3809.52380952381,3686.50793650794,4646.24632076016
203585,APARTAMENTO NO BAIRRO RECANTO DAS PALMEIRAS,Recanto das Palmeiras,Zona Leste,2,1,1,42.0,160000.0,3809.52380952381,3686.50793650794,4646.24632076016
203042,APARTAMENTO NO BAIRRO QUINTINO FACCI 2,Quintino Facci II,Zona Norte,2,1,1,42.0,160000.0,3809.52380952381,3658.03558245004,4316.94719953754
200309,*****OTIMO APARTAMENTO*****,Jardim Zara,Zona Leste,2,1,1,42.0,160000.0,3809.52380952381,3994.52759311292,4646.24632076016
196655,APARTAMENTO NO CAMPOS ELÍSEOS,Campos Eliseos,Zona Norte,2,1,1,42.0,160000.0,3809.52380952381,4308.89631323999,4316.94719953754
196601,OPORTUNIDADE NO CONDOMÍNIO VITTA VIA NORTE II,Valentina Figueiredo,Zona Norte,2,1,1,43.0,160000.0,3720.93023255814,3736.9036213197,4316.94719953754
195791,Apartamento de 46m² com 02 quartos à venda   Ribeirania,Ribeirania,Zona Leste,2,1,1,46.0,160000.0,3478.26086956522,6622.45012983218,4646.24632076016
195038,Apartamento de 75m² 02 quartos para locação   Parque Remanso do Bosque,Conjunto Habitacional Silvio Passalacqua,Zona Oeste,2,1,1,75.0,160000.0,2133.33333333333,3620.71440927175,4568.83198282477
194423,Apartamento Próximo ao Novo Shopping   Parque Romanetto,Residencial Jequitiba,Zona Norte,2,1,1,48.0,160000.0,3333.33333333333,4751.76900217579,4316.94719953754
191036,APARTAMENTO NO IPIRANGA,Residencial das Americas,Zona Norte,2,1,1,46.0,160000.0,3478.26086956522,3341.29895223855,4316.94719953754
190778,Ótimo apartamento com 2 dormitórios em condomínio com lazer,Residencial Greenville,Zona Norte,2,1,1,44.0,160000.0,3636.36363636364,4670.88804474239,4316.94719953754
189842,APARTAMENTO NO JARDIM OURO BRANCO,Jardim Ouro Branco,Zona Leste,2,1,1,40.0,160000.0,4000.0,4456.14834639336,4646.24632076016
187736,APARTAMENTO TÉRREO A VENDA NO PARQUE DOS SERVIDORES,Residencial Parque dos Servidores,Zona Leste,2,1,2,56.0,160000.0,2857.14285714286,4474.21131539829,4646.24632076016
187358,Apartamento de 52m² com 02 quartos à venda   Jardim Palma Travassos,Jardim Palma Travassos,Zona Leste,2,1,1,52.0,160000.0,3076.92307692308,4725.02380139251,4646.24632076016
187346,ÓTIMO APARTAMENTO NO JARDIM ZARA,Jardim Zara,Zona Leste,2,1,1,42.0,160000.0,3809.52380952381,3994.52759311292,4646.24632076016
185033,"Localizado próximo à Savegnago Supermercados, Spaço Ella   Salão de Beleza, Igreja Santa Madalena de Canossa e diversos comércios.",Vila Virginia,Zona Oeste,2,1,1,42.0,160000.0,3809.52380952381,4199.44386633332,4568.83198282477
184451,APARTAMENTO PRÓXIMO AO ATACADÃO,Valentina Figueiredo,Zona Norte,2,1,1,42.0,160000.0,3809.52380952381,3736.9036213197,4316.94719953754
178997,Apartamento de 01 quarto para locação   Vila Amélia,Vila Monte Alegre,Zona Oeste,1,1,1,34.0,160000.0,4705.88235294118,5171.67916226382,4568.83198282477
178259,ÓTIMO APARTAMENTO NO IPIRANGA,Residencial das Americas,Zona Norte,2,1,1,47.0,160000.0,3404.25531914894,3341.29895223855,4316.94719953754
178064,APARTAMENTO TÉRREO NO PARQUE ANHANGUERA,Parque Anhanguera,Zona Leste,1,1,1,32.0,160000.0,5000.0,4177.86557112983,4646.24632076016
176813,APARTAMENTO NO PARQUE INDUSTRIAL LAGOINHA,Parque Industrial Lagoinha,Zona Leste,1,2,1,32.0,160000.0,5000.0,4502.88532269356,4646.24632076016
174989,APARTAMENTO NO BAIRRO JARDIM PAULISTA,Jardim Paulista,Zona Leste,1,1,1,41.0,160000.0,3902.43902439024,4839.65243893052,4646.24632076016
174977,APARTAMENTO TÉRREO NO IPIRANGA,Ipiranga,Zona Oeste,2,1,1,46.0,160000.0,3478.26086956522,4227.19529650629,4568.83198282477
171905,APARTAMENTO NA VILA SEIXAS,Vila Seixas,Centro,1,1,1,34.0,160000.0,4705.88235294118,4862.36131633665,4114.37759196461
171179,APARTAMENTO NO JARDIM JOÃO ROSSI,Jardim Joao Rossi,Zona Sul,2,1,1,41.0,160000.0,3902.43902439024,2950.48145403395,7019.92781217448
169862,APARTAMENTO NO JARDIM INTERLAGOS,Jardim Interlagos,Zona Leste,2,1,1,43.0,160000.0,3720.93023255814,4158.11293993337,4646.24632076016
168989,APARTAMENTO NO JARDIM MACEDO,Jardim Macedo,Zona Leste,1,1,1,49.0,160000.0,3265.30612244898,4049.64935899923,4646.24632076016
166571,APARTAMENTO NO JARDIM INTERLAGOS,Jardim Interlagos,Zona Leste,2,1,1,43.0,160000.0,3720.93023255814,4158.11293993337,4646.24632076016
166106,APARTAMENTO NO JARDIM HEITOR RIGON,Jardim Heitor Rigon,Zona Norte,2,1,1,42.0,160000.0,3809.52380952381,3530.62855692946,4316.94719953754
165194,APARTAMENTO NO CAMPOS ELISEOS,Campos Eliseos,Zona Norte,2,1,1,42.0,160000.0,3809.52380952381,4308.89631323999,4316.94719953754
164783,Apartamento de 46m² com 02 quartos à venda   Ipiranga,Ipiranga,Zona Oeste,2,1,1,46.0,160000.0,3478.26086956522,4227.19529650629,4568.83198282477
163601,Apartamento de 43m² com 02 quartos à venda   Jardim Diva Tarla de Carvalho,Jardim Diva Tarla de Carvalho,Zona Norte,2,1,1,43.0,160000.0,3720.93023255814,3667.24240741883,4316.94719953754
161873,Apartamento de 46m² com 02 quartos à venda   Ipiranga,Ipiranga,Zona Oeste,2,1,1,46.0,160000.0,3478.26086956522,4227.19529650629,4568.83198282477
161252,LINDO APARTAMENTO NO INTERLAGOS,Jardim Interlagos,Zona Leste,2,1,1,43.0,160000.0,3720.93023255814,4158.11293993337,4646.24632076016
161102,Apartamento de 29m² com 01 quarto à venda   Jardim Paulista,Jardim Paulista,Zona Leste,1,1,1,29.0,160000.0,5517.24137931035,4839.65243893052,4646.24632076016
159608,Apartamento mobiliado de 41 m² com 1 quarto para locação   Nova Ribeirânia,Nova Ribeirania,Zona Leste,1,1,1,41.0,160000.0,3902.43902439024,6636.64015183677,4646.24632076016
159476,Apartamento de 46m² com 02 quartos para locação   Jardim Sumaré,Vila Tiberio,Zona Oeste,2,1,1,46.0,160000.0,3478.26086956522,5772.27801236641,4568.83198282477
156572,APARTAMENTO PRÓXIMO À RODOVIA ANHANGUERA,Jardim Interlagos,Zona Leste,2,1,1,43.0,160000.0,3720.93023255814,4158.11293993337,4646.24632076016
156560,Apartamento de 45m² com 02 quartos para venda   Parque dos Lagos,Parque dos Lagos,Zona Leste,2,1,1,45.0,160000.0,3555.55555555556,4175.19186695209,4646.24632076016
155348,Apartamento de 43m² com 02 quartos para venda   Jardim Diva Tarla de Carvalho,Jardim Diva Tarla de Carvalho,Zona Norte,2,1,1,43.0,160000.0,3720.93023255814,3667.24240741883,4316.94719953754
154955,APARTAMENTO PRÓXIMO À RUA JAVARI,Ipiranga,Zona Oeste,2,1,1,46.0,160000.0,3478.26086956522,4227.19529650629,4568.83198282477
152063,APARTAMENTO PRÓXIMO À AVENIDA PIO XII,Vila Virginia,Zona Oeste,2,1,1,55.0,160000.0,2909.09090909091,4199.44386633332,4568.83198282477
151991,APARTAMENTO PRÓXIMO À RODOVIA ANHANGUERA,Quintino Facci II,Zona Norte,2,1,1,48.0,160000.0,3333.33333333333,3658.03558245004,4316.94719953754
151214,Apartamento   Padrão,Jardim Diva Tarla de Carvalho,Zona Norte,2,1,1,43.0,160000.0,3720.93023255814,3667.24240741883,4316.94719953754
150719,APARTAMENTO ÓTIMA LOCALIZAÇÃO,Jardim Paulista,Zona Leste,1,1,1,51.0,160000.0,3137.25490196079,4839.65243893052,4646.24632076016
149912,***EXCELENTE APARTAMENTO***,Jardim Manoel Penna,Zona Leste,2,1,1,47.0,160000.0,3404.25531914894,4812.40737129408,4646.24632076016
149054,APARTAMENTO PRÓXIMO À VIA NORTE,Valentina Figueiredo,Zona Norte,2,1,1,43.0,160000.0,3720.93023255814,3736.9036213197,4316.94719953754
146522,APARTAMENTO PRÓXIMO Á RODOVIA ALEXANDRE BALBO,Parque dos Pinus,Zona Norte,2,1,1,40.0,160000.0,4000.0,4176.00482723577,4316.94719953754
146060,APARTAMENTO NO CONDOMÍNIO PARQUE RESIDENCE,Parque dos Lagos,Zona Leste,2,1,1,49.0,160000.0,3265.30612244898,4175.19186695209,4646.24632076016
144254,APARTAMENTO PRÓXIMO AO ATACADÃO,Quintino Facci II,Zona Norte,2,1,1,42.0,160000.0,3809.52380952381,3658.03558245004,4316.94719953754
141566,Apartamento de 52m² com 02 quartos à venda   Jardim Palma Travassos,Jardim Palma Travassos,Zona Leste,2,1,1,52.0,160000.0,3076.92307692308,4725.02380139251,4646.24632076016
141257,Apartamento de 42m² de 2 quartos à venda   Jardim Heitor Rigon,Jardim Heitor Rigon,Zona Norte,2,1,1,42.0,160000.0,3809.52380952381,3530.62855692946,4316.94719953754
140828,Lindo apartamento!,Conjunto Habitacional Jardim das Palmeiras,Zona Norte,2,1,1,45.0,160000.0,3555.55555555556,3512.02019163783,4316.94719953754
134117,APARTAMENTO NO PARQUE DOS LAGOS,Parque dos Lagos,Zona Leste,1,1,1,39.0,160000.0,4102.5641025641,4175.19186695209,4646.24632076016
132128,Apartamento   Padrão,Vila Virginia,Zona Oeste,2,1,1,55.0,160000.0,2909.09090909091,4199.44386633332,4568.83198282477
128459,KITNET NO CENTRO,Vila Seixas,Centro,1,1,1,32.0,160000.0,5000.0,4862.36131633665,4114.37759196461
128120,Apartamento de 02 quartos para locação   Campos Elíseos,Campos Eliseos,Zona Norte,2,1,1,42.0,160000.0,3809.52380952381,4308.89631323999,4316.94719953754
126035,Apartamento   Padrão,Parque dos Lagos,Zona Leste,2,1,1,45.0,160000.0,3555.55555555556,4175.19186695209,4646.24632076016
125987,Apartamento   Padrão,Ipiranga,Zona Oeste,1,1,1,41.0,160000.0,3902.43902439024,4227.19529650629,4568.83198282477
119246,Apartamento   Padrão,Jardim Heitor Rigon,Zona Norte,2,1,1,43.0,160000.0,3720.93023255814,3530.62855692946,4316.94719953754
113819,Apartamento   Padrão,Jardim Itau,Zona Norte,2,1,1,58.0,160000.0,2758.62068965517,4105.97173905832,4316.94719953754
108593,APARTAMENTO PRÓXIMO AO ATACADÃO,Chacaras Pedro Correa de Carvalho,Zona Norte,2,1,1,42.0,160000.0,3809.52380952381,4124.52491399826,4316.94719953754
105056,APARTAMENTO NO JARDIM PEDRA BRANCA,Jardim Pedra Branca,Zona Norte,2,1,1,58.0,160000.0,2758.62068965517,3820.60755336617,4316.94719953754
104504,Apartamento   Padrão,Conjunto Habitacional Silvio Passalacqua,Zona Oeste,2,1,1,48.0,160000.0,3333.33333333333,3620.71440927175,4568.83198282477
100796,APARTAMENTO NO PARQUE SÃO SEBASTIÃO,Parque Sao Sebastiao,Zona Leste,2,1,1,47.0,160000.0,3404.25531914894,4018.24997986766,4646.24632076016
95660,APARTAMENTO PARA LOCAÇÃO NO JARDIM PRESIDENTE DUTRA,Residencial das Americas,Zona Norte,2,1,1,43.0,160000.0,3720.93023255814,3341.29895223855,4316.94719953754
95084,Apartamento   Padrão,Centro,Centro,1,1,1,54.0,160000.0,2962.96296296296,3969.0889863009,4114.37759196461
90563,Apartamento de 56m² com 02 quartos para locação   Centro,Centro,Centro,2,1,1,56.0,160000.0,2857.14285714286,3969.0889863009,4114.37759196461
73241,Apartamento de 42m² com 02 quartos à venda   Ipiranga,Ipiranga,Zona Oeste,2,1,1,42.0,160000.0,3809.52380952381,4227.19529650629,4568.83198282477
172697,APARTAMENTO NO QUINTINO FACCI II,Quintino Facci II,Zona Norte,2,1,1,42.0,161000.0,3833.33333333333,3658.03558245004,4316.94719953754
160517,APARTAMENTO PRÓXIMO À AVENIDA JOSÉ ANTÔNIO FERRAREZI,Reserva Real,Zona Sul,2,1,1,40.0,162000.0,4050.0,4252.08579993765,7019.92781217448
150152,APARTAMENTO PRÓXIMO AO MIALICH,Jardim Diva Tarla de Carvalho,Zona Norte,2,1,1,43.0,162000.0,3767.44186046512,3667.24240741883,4316.94719953754
67226,Apartamento de 46m² com 02 quartos à venda   Ipiranga,Ipiranga,Zona Oeste,2,1,1,46.0,160000.0,3478.26086956522,4227.19529650629,4568.83198282477
145964,**LANÇAMENTO NO JARDIM ITAÚ**,Jardim Itau,Zona Norte,2,1,1,42.0,164000.0,3904.76190476191,4105.97173905832,4316.94719953754
122366,APARTAMENTO NO CONDOMÍNIO RESIDENCIAL PARQUE ROMANCE,Jardim das Palmeiras,Zona Norte,2,1,1,46.0,130000.0,2826.08695652174,3249.37764351271,4316.94719953754
224507,Apartamento de 43m² com 02 quartos à venda   Chácaras Pedro Corrêa de Carvalho,Chacaras Pedro Correa de Carvalho,Zona Norte,2,1,1,43.0,135000.0,3139.53488372093,4124.52491399826,4316.94719953754
173708,Apartamento de 63m² com 03 quartos à venda   Jardim Palma Travassos,Jardim Palma Travassos,Zona Leste,3,1,1,63.0,155000.0,2460.31746031746,4725.02380139251,4646.24632076016
189962,APARTAMENTO NOVO PRONTO PARA MORAR,Jardim Interlagos,Zona Leste,2,1,1,43.0,160000.0,3720.93023255814,4158.11293993337,4646.24632076016
137177,APARTAMENTO NOS CAMPOS ELÍSEOS,Campos Eliseos,Zona Norte,3,2,1,47.0,160000.0,3404.25531914894,4308.89631323999,4316.94719953754
241379,Apartamento de 41m² com 02 quartos à venda   Reserva Real,Reserva Real,Zona Sul,2,1,1,41.0,165000.0,4024.39024390244,4252.08579993765,7019.92781217448
239936,Apartamento de 42m² com 02 quartps à venda   Jardim Itaú,Jardim Itau,Zona Norte,2,1,1,42.0,165000.0,3928.57142857143,4105.97173905832,4316.94719953754
239210,Apartamento térreo de 43m² com 02 quartos à venda   Valentina Figueiredo,Valentina Figueiredo,Zona Norte,2,1,1,43.0,165000.0,3837.20930232558,3736.9036213197,4316.94719953754
235214,Apartamento reformado de 02 quartos à venda   Reserva Real,Reserva Real,Zona Sul,2,1,1,40.0,165000.0,4125.0,4252.08579993765,7019.92781217448
234917,Apartamento de 43m² com 02 quartos para Venda   Jardim Diva Tarlá de Carvalho,Jardim Diva Tarla de Carvalho,Zona Norte,2,1,1,43.0,165000.0,3837.20930232558,3667.24240741883,4316.94719953754
234767,Apartamento de 43m² com 02 quartos 01 banheiro 01 garagem à venda no Jd Anahanguera,Jardim Zara,Zona Leste,2,1,1,43.0,165000.0,3837.20930232558,3994.52759311292,4646.24632076016
234152,Apartamento de 55m² com 02 quartos à venda   Vila Virgínia,Vila Virginia,Zona Oeste,2,1,1,55.0,165000.0,3000.0,4199.44386633332,4568.83198282477
222395,Apartamento de 43m² com 02 quartos à venda   Parque São Sebastião,Parque Sao Sebastiao,Zona Leste,2,1,1,43.0,165000.0,3837.20930232558,4018.24997986766,4646.24632076016
212060,Apartamento de 42m² com 02 quartos à venda   Vila Virgínia,Vila Virginia,Zona Oeste,2,1,1,42.0,165000.0,3928.57142857143,4199.44386633332,4568.83198282477
205235,Apartamento de 41 m² com 02 quartos à venda   Reserva Real,Reserva Real,Zona Sul,2,1,1,41.0,165000.0,4024.39024390244,4252.08579993765,7019.92781217448
200573,APARTAMENTO NO CAMPOS ELÍSEOS,Campos Eliseos,Zona Norte,2,1,1,43.0,165000.0,3837.20930232558,4308.89631323999,4316.94719953754
199034,Apartamento de 46m² com 02 quartos à   Ipiranga,Ipiranga,Zona Oeste,2,1,1,46.0,165000.0,3586.95652173913,4227.19529650629,4568.83198282477
198470,LINDO APARTAMENTO PARQUE DAS ROSEIRAS NO IPIRANGA,Ipiranga,Zona Oeste,2,1,1,41.0,165000.0,4024.39024390244,4227.19529650629,4568.83198282477
195632,APARTAMENTO NO IPIRANGA,Ipiranga,Zona Oeste,2,1,1,48.0,165000.0,3437.5,4227.19529650629,4568.83198282477
193826,APARTAMENTO PARQUE SÃO SEBASTIÃO,Parque Sao Sebastiao,Zona Leste,2,1,1,47.0,165000.0,3510.63829787234,4018.24997986766,4646.24632076016
184493,Apartamento   Padrão,Residencial das Americas,Zona Norte,2,1,1,57.0,165000.0,2894.73684210526,3341.29895223855,4316.94719953754
175139,APARTAMENTO NA VILA VIRGINIA,Vila Virginia,Zona Oeste,2,1,1,55.0,165000.0,3000.0,4199.44386633332,4568.83198282477
175133,APARTAMENTO NA VILA VIRGINIA,Vila Virginia,Zona Oeste,2,1,1,55.0,165000.0,3000.0,4199.44386633332,4568.83198282477
174860,EXCELENTE APARTAMENTO RESIDENCIAL VITTA II   HEITOR RIGON,Jardim Heitor Rigon,Zona Norte,2,1,1,43.0,165000.0,3837.20930232558,3530.62855692946,4316.94719953754
164939,Apartamento   Padrão,Geraldo Correia de Carvalho,Zona Norte,2,1,1,48.0,165000.0,3437.5,3405.81955922865,4316.94719953754
157130,APARTAMENTO PRÓXIMO À VIA NORTE,Valentina Figueiredo,Zona Norte,2,1,1,43.0,165000.0,3837.20930232558,3736.9036213197,4316.94719953754
155330,Apartamento de 43m² com 02 quartos à venda   Jardim Marchesi,Jardim Marchesi,Zona Oeste,2,1,1,43.0,165000.0,3837.20930232558,3706.13254567216,4568.83198282477
142172,Apartamento de 42m² com 02 quartos à venda   Jardim Heitor Rigon,Jardim Heitor Rigon,Zona Norte,2,1,1,42.0,165000.0,3928.57142857143,3530.62855692946,4316.94719953754
132866,Apartamento de 48m² com 02 quartos para venda   Parque São Sebastião,Parque Sao Sebastiao,Zona Leste,2,1,1,48.0,165000.0,3437.5,4018.24997986766,4646.24632076016
115643,KIT PRÓXIMO À USP,Vila Tiberio,Zona Oeste,1,1,1,34.0,165000.0,4852.94117647059,5772.27801236641,4568.83198282477
112658,Apartamento de 42m² com 02 quartos á venda   Planalto Verde,Planalto Verde,Zona Oeste,2,1,1,42.0,165000.0,3928.57142857143,4021.97926976394,4568.83198282477
104789,FLAT MOBILIADO RESIDENCE PLAZA,Centro,Centro,1,1,1,45.0,165000.0,3666.66666666667,3969.0889863009,4114.37759196461
88868,Apartamento de 01 quarto para locação   Centro,Centro,Centro,1,1,1,46.0,165000.0,3586.95652173913,3969.0889863009,4114.37759196461
83465,APARTAMENTO NO JARDIM MANOEL PENNA,Jardim Manoel Penna,Zona Leste,2,1,1,47.0,165000.0,3510.63829787234,4812.40737129408,4646.24632076016
72299,APARTAMENTO DIFERENCIADO NO GERALDO CORREIA DE CARVALHO,Geraldo Correia de Carvalho,Zona Norte,2,1,1,60.0,165000.0,2750.0,3405.81955922865,4316.94719953754
134651,Apartamento de 02 quartos para venda   Heitor Rigon,Jardim Heitor Rigon,Zona Norte,2,1,1,42.0,165000.0,3928.57142857143,3530.62855692946,4316.94719953754
219827,Apartamento de 41m² com 02 quartos para locação e venda   Ipiranga,Ipiranga,Zona Oeste,2,1,1,41.0,160000.0,3902.43902439024,4227.19529650629,4568.83198282477
130523,Apartamento a Venda no Jardim Jandaia Ribeirão Preto,Jardim Jandaia,Zona Norte,2,2,1,47.0,165000.0,3510.63829787234,4103.36879432624,4316.94719953754
134774,Excelente Oportunidade,Reserva Real,Zona Sul,2,1,1,40.0,166500.0,4162.5,4252.08579993765,7019.92781217448
227102,Apartamento reformado de 41m² com 02 quartos à venda   Ipiranga,Ipiranga,Zona Oeste,2,1,1,41.0,155000.0,3780.48780487805,4227.19529650629,4568.83198282477
206282,Apartamento de 48m² com 02 quartos à venda   Quintino Facci II,Quintino Facci II,Zona Norte,2,1,1,48.0,167000.0,3479.16666666667,3658.03558245004,4316.94719953754
244451,Apartamento de 43m² com 02 quartos para venda   Jardim José Wilson Toni,Jardim Jose Wilson Toni,Zona Norte,2,1,1,43.0,168000.0,3906.97674418605,3558.22945254947,4316.94719953754
239099,Apartamento   Padrão,Jardim Santa Cecilia,Zona Norte,2,1,1,42.0,168000.0,4000.0,4420.63492063492,4316.94719953754
217019,Apartamento de 42m² com 02 quartos à venda   Jardim José Wilson Toni,Jardim Jose Wilson Toni,Zona Norte,2,1,1,42.0,168000.0,4000.0,3558.22945254947,4316.94719953754
59075,"Apartamento com 2 quartos com 53m² com 3 quartos à venda, Jardim Anhanguera",Jardim Anhanguera,Zona Leste,2,1,1,53.0,168500.0,3179.24528301887,4372.03682882804,4646.24632076016
48581,Apartamento de 38m² com 01 quarto à venda   Presidente Medice,Presidente Medici,Zona Leste,1,1,1,38.0,165000.0,4342.1052631579,4508.64185474962,4646.24632076016
243464,Apartamento de 43m² com 02 quartos para Venda   Adelino Simioni,Adelino Simioni,Zona Norte,2,1,1,43.0,169000.0,3930.23255813954,4181.39534883721,4316.94719953754
224606,Apartamento de 47m² com 02 quartos à venda   Residencial Greenville,Residencial Jequitiba,Zona Norte,2,1,1,47.0,169000.0,3595.74468085106,4751.76900217579,4316.94719953754
202325,EXCELENTE APARTAMENTO NO VALENTINA FIGUEIREDO,Valentina Figueiredo,Zona Norte,2,1,1,43.0,169000.0,3930.23255813954,3736.9036213197,4316.94719953754
156686,APARTAMENTO PRÓXIMO À RODOVIA ANHANGUERA,Jardim Florestan Fernandes,Zona Norte,2,1,1,42.0,169000.0,4023.80952380952,4173.34114617131,4316.94719953754
222368,Apartamento de 40m² com 02 quartos para locação e venda   Reserva Real,Reserva Real,Zona Sul,2,1,1,40.0,159000.0,3975.0,4252.08579993765,7019.92781217448
227525,Apartamento de 227m² com 04 suítes para locação   Ilhas do Sul,Jardim Ilhas do Sul,Zona Sul,4,6,4,227.0,2760000.0,12158.59030837,8797.52735990227,7019.92781217448
244460,Apartamento de 298m² com 04 suítes para locação e venda   Jardim Olhos D`Água,Jardim Olhos DAgua,Zona Sul,4,6,4,298.0,2490000.0,8355.70469798658,9706.16858313729,7019.92781217448
237380,Apartamento de 49m² com 01 quartos para locação   Centro,Centro,Centro,1,1,1,49.0,125000.0,2551.02040816327,3969.0889863009,4114.37759196461
244358,Apartamento de 41m² com 02 quartos para venda   Reserva Real,Reserva Real,Zona Sul,2,1,1,41.0,140000.0,3414.63414634146,4252.08579993765,7019.92781217448
207803,Apartamento com 02 quartos à venda   Recanto das Palmeiras,Recanto das Palmeiras,Zona Leste,2,1,1,42.0,145000.0,3452.38095238095,3686.50793650794,4646.24632076016
225974,Apartamento de 42m² com 02 quartos à venda   Valentina Figueiredo,Valentina Figueiredo,Zona Norte,2,1,1,42.0,150000.0,3571.42857142857,3736.9036213197,4316.94719953754
167576,APARTAMENTO NO JARDIM EUGÊNIO MENDES LOPES,Jardim Eugenio Mendes Lopes,Zona Oeste,2,1,1,44.0,150000.0,3409.09090909091,3240.00999000999,4568.83198282477
135344,APARTAMENTO MOBILIADO NO JARDIM FLORESTAN FERNANDES,Jardim Florestan Fernandes,Zona Norte,2,1,1,42.0,150000.0,3571.42857142857,4173.34114617131,4316.94719953754
224642,Apartamento de 42 m² com 02 quartos   Jardim Heitor Rigon,Jardim Heitor Rigon,Zona Norte,2,1,1,42.0,155000.0,3690.47619047619,3530.62855692946,4316.94719953754
161870,APARTAMENTO NO BAIRRO RIBEIRÃO VERDE,Jardim Florestan Fernandes,Zona Norte,2,1,1,42.0,159000.0,3785.71428571429,4173.34114617131,4316.94719953754
214118,Apartamento térreo de 41m² com 02 quartos à venda   Reserva Real,Reserva Real,Zona Sul,2,1,1,41.0,160000.0,3902.43902439024,4252.08579993765,7019.92781217448
192305,Apartamento de 46m² com 02 quartos e varanda no térreo à venda no Ipiranga.,Ipiranga,Zona Oeste,2,1,1,46.0,160000.0,3478.26086956522,4227.19529650629,4568.83198282477
161210,Apartamento de 42m² com 02 quartos à venda   Quintino Facci II,Quintino Facci II,Zona Norte,2,1,1,42.0,160000.0,3809.52380952381,3658.03558245004,4316.94719953754
106130,Apartamento   Padrão,Planalto Verde,Zona Oeste,2,1,1,54.0,160000.0,2962.96296296296,4021.97926976394,4568.83198282477
185984,Apartamento de 02 quartos á venda   Pq. São Sebastião,Parque Sao Sebastiao,Zona Leste,2,1,1,45.0,165000.0,3666.66666666667,4018.24997986766,4646.24632076016
161759,Apartamento de 42m² com 02 quartos à venda   Valentina Figueiredo,Valentina Figueiredo,Zona Norte,2,1,1,42.0,165000.0,3928.57142857143,3736.9036213197,4316.94719953754
245585,Apartamento de 40m² com 02 quartos à venda   Jardim Ouro Branco,Jardim Ouro Branco,Zona Leste,2,1,1,40.0,170000.0,4250.0,4456.14834639336,4646.24632076016
243359,Apartamento de 40m² com 02 quartos à venda   Jardim Ouro Branco,Jardim Ouro Branco,Zona Leste,2,1,1,40.0,170000.0,4250.0,4456.14834639336,4646.24632076016
242165,Apartamento de 50m² com 1 quarto á venda   Centro,Centro,Centro,1,1,1,50.0,170000.0,3400.0,3969.0889863009,4114.37759196461
240863,Apartamento   Padrão,Reserva Real,Zona Sul,2,1,1,41.0,170000.0,4146.34146341463,4252.08579993765,7019.92781217448
240326,Apartamento de 43m² com 02 quartos à venda   Chácaras Pedro Corrêa de Carvalho,Chacaras Pedro Correa de Carvalho,Zona Norte,2,1,1,43.0,170000.0,3953.48837209302,4124.52491399826,4316.94719953754
239939,Apartamento de 48m² com 02 quartos à venda   Parque dos Pinus,Parque dos Pinus,Zona Norte,2,1,1,48.0,170000.0,3541.66666666667,4176.00482723577,4316.94719953754
239789,Apartamento de 44m² com 2 quartos à venda   Residencial Greenville,Residencial Greenville,Zona Norte,2,1,1,44.0,170000.0,3863.63636363636,4670.88804474239,4316.94719953754
239732,Apartamento de 42m² com 02 quartos à venda   Planalto Verde,Planalto Verde,Zona Oeste,2,1,1,42.0,170000.0,4047.61904761905,4021.97926976394,4568.83198282477
239468,Apartamento de 42m² com 02 quartos à venda   Residencial Parque dos Servidores,Residencial Parque dos Servidores,Zona Leste,2,1,1,42.0,170000.0,4047.61904761905,4474.21131539829,4646.24632076016
239087,Apartamento de 43m² com 02 quartos à venda   Santa Marta em Bonfim Paulista,Loteamento Santa Marta,Zona Norte,2,1,1,43.0,170000.0,3953.48837209302,5386.60691471388,4316.94719953754
237323,Apartamento de 47m² com 02 quartos à venda   Jardim das Palmeiras,Conjunto Habitacional Jardim das Palmeiras,Zona Norte,2,1,1,47.0,170000.0,3617.02127659575,3512.02019163783,4316.94719953754
236006,Apartamento mobiliado de de 31m² para Locação e venda   Vila Virginia,Vila Virginia,Zona Oeste,1,1,1,31.0,170000.0,5483.87096774194,4199.44386633332,4568.83198282477
234221,Apartamento de 42m² com 02 quartos à venda   Recreio Anhanguera,Residencial Parque dos Servidores,Zona Leste,2,1,1,42.0,170000.0,4047.61904761905,4474.21131539829,4646.24632076016
234062,Apartamento de 43m² com 02 quartos á venda   Jardim Heitor Rigon,Jardim Heitor Rigon,Zona Norte,2,1,1,43.0,170000.0,3953.48837209302,3530.62855692946,4316.94719953754
230753,Apartamento de 42m² com 02 quartos para venda e locação   Planalto Verde,Planalto Verde,Zona Oeste,2,1,1,42.0,170000.0,4047.61904761905,4021.97926976394,4568.83198282477
229664,Apartamento de 45m² com 02 quartos à venda   Parque São Sebastião,Parque Sao Sebastiao,Zona Leste,2,1,1,45.0,170000.0,3777.77777777778,4018.24997986766,4646.24632076016
226067,Apartamento de 43m² com 02 quartos para locação e venda   Chácaras Pedro Corrêa de Carvalho,Chacaras Pedro Correa de Carvalho,Zona Norte,2,1,1,43.0,170000.0,3953.48837209302,4124.52491399826,4316.94719953754
224840,Apartamento de 42 m² com 02 quartos   Jardim Itaú,Jardim Itau,Zona Norte,2,1,1,42.0,170000.0,4047.61904761905,4105.97173905832,4316.94719953754
224720,Apartamento de 43m² com 1 quarto à venda   Centro,Centro,Centro,1,1,1,43.0,170000.0,3953.48837209302,3969.0889863009,4114.37759196461
223925,Apartamento de 41m² com 02 quartos à venda   Conjunto Habitacional Sílvio Passalacqua,Conjunto Habitacional Silvio Passalacqua,Zona Oeste,2,1,1,41.0,170000.0,4146.34146341463,3620.71440927175,4568.83198282477
223217,Apartamento térreo de 41m² com 02 quartos e quintal à venda   Reserva Real,Reserva Real,Zona Sul,2,1,1,41.0,170000.0,4146.34146341463,4252.08579993765,7019.92781217448
221885,Apartamento de 42m² com 02 quartos à venda   Quintino Facci II,Quintino Facci II,Zona Norte,2,1,1,42.0,170000.0,4047.61904761905,3658.03558245004,4316.94719953754
221198,Apartamento de 42m² com 02 quartos à venda e locação   Recreio Anhanguera,Residencial Parque dos Servidores,Zona Leste,2,1,1,42.0,170000.0,4047.61904761905,4474.21131539829,4646.24632076016
219914,Apartamento de 48m² com 02 quartos à venda   Quintino Facci II,Quintino Facci II,Zona Norte,2,1,1,48.0,170000.0,3541.66666666667,3658.03558245004,4316.94719953754
218801,Apartamento de 43m² com 02 quartos à venda   Jardim Interlagos,Jardim Interlagos,Zona Leste,2,1,1,43.0,170000.0,3953.48837209302,4158.11293993337,4646.24632076016
217637,Apartamento de 42m² com 02 quartos para locação   Jardim Florestan Fernandes,Jardim Florestan Fernandes,Zona Norte,2,1,1,42.0,170000.0,4047.61904761905,4173.34114617131,4316.94719953754
217427,Apartamento térreo de 43m² com 02 quartos à venda   Jardim Interlagos,Jardim Interlagos,Zona Leste,2,1,1,43.0,170000.0,3953.48837209302,4158.11293993337,4646.24632076016
216026,Apartamento de 40m² com 02 quartos à venda   Reserva Real,Reserva Real,Zona Sul,2,1,1,40.0,170000.0,4250.0,4252.08579993765,7019.92781217448
214913,Apartamento térreo de 42m² com 02 quartos à venda   Vila Abranches,Vila Abranches,Zona Norte,2,1,1,42.0,170000.0,4047.61904761905,3656.70906043577,4316.94719953754
212741,Apartamento de 35m² com 01 quarto à venda   Vila Amélia,Vila Amelia,Zona Oeste,1,1,1,35.0,170000.0,4857.14285714286,4740.17583820671,4568.83198282477
212738,Apartamento de 35m² com 01 quarto à venda   Vila Amélia,Vila Amelia,Zona Oeste,1,1,1,35.0,170000.0,4857.14285714286,4740.17583820671,4568.83198282477
212558,Apartamento de 41m² com 02 quartos para locação e venda   Reserva Real,Reserva Real,Zona Sul,2,1,1,41.0,170000.0,4146.34146341463,4252.08579993765,7019.92781217448
212075,Apartamento de 39m² com 02 quartos à venda,Jardim Zara,Zona Leste,2,1,1,39.0,170000.0,4358.97435897436,3994.52759311292,4646.24632076016
210317,Apartamento de 45m² com 02 quartos para locação   Quintino Facci II,Quintino Facci II,Zona Norte,2,1,1,45.0,170000.0,3777.77777777778,3658.03558245004,4316.94719953754
206948,Apartamento de 42m² com 02 quartos à venda   Ribeirão Verde,Jardim Florestan Fernandes,Zona Norte,2,1,1,42.0,170000.0,4047.61904761905,4173.34114617131,4316.94719953754
206618,Apartamento de 40m² com 02 quartos à venda   Jardim Heitor Rigon,Jardim Heitor Rigon,Zona Norte,2,1,1,40.0,170000.0,4250.0,3530.62855692946,4316.94719953754
203339,APARTAMENTO NO BAIRRO PARQUE SÃO SEBASTIÃO,Jardim Jose Figueira,Zona Norte,2,1,1,47.0,170000.0,3617.02127659575,3693.30137947159,4316.94719953754
201329,APARTAMENTO NO RESERVA REAL,Reserva Real,Zona Sul,2,1,1,41.0,170000.0,4146.34146341463,4252.08579993765,7019.92781217448
201245,Apartamento de 39m² com 01 suíte para locação   Jardim Paulista,Jardim Paulista,Zona Leste,1,1,1,39.0,170000.0,4358.97435897436,4839.65243893052,4646.24632076016
200636,APARTAMENTO NO RIBEIRÃO VERDE,Jardim Florestan Fernandes,Zona Norte,2,1,1,42.0,170000.0,4047.61904761905,4173.34114617131,4316.94719953754
200630,APARTAMENTO NA LAGOINHA,Ribeirania,Zona Leste,2,1,1,60.0,170000.0,2833.33333333333,6622.45012983218,4646.24632076016
200513,Apartamento de 42m² com 02 quartos para locação e venda   Planalto Verde,Planalto Verde,Zona Oeste,2,1,1,42.0,170000.0,4047.61904761905,4021.97926976394,4568.83198282477
199400,EXCELENTE APARTAMENTO TÉRREO PARA VENDA EM CONDOMÍNIO FECHADO,Reserva Real,Zona Sul,2,1,1,41.0,170000.0,4146.34146341463,4252.08579993765,7019.92781217448
198185,Apartamento de 01 quarto para locação   Centro,Centro,Centro,1,1,1,43.0,170000.0,3953.48837209302,3969.0889863009,4114.37759196461
197438,***OTIMO APARTAMENTO****,Planalto Verde,Zona Oeste,2,1,1,42.0,170000.0,4047.61904761905,4021.97926976394,4568.83198282477
197087,Apartamento de 50m² com 1 quarto á venda   Centro,Centro,Centro,1,1,1,50.0,170000.0,3400.0,3969.0889863009,4114.37759196461
195569,"APARTAMENTO PADRÃO, JARDIM FLORESTAN FERNANDES, RIBEIRÃO PRETO SP",Jardim Florestan Fernandes,Zona Norte,2,1,1,43.0,170000.0,3953.48837209302,4173.34114617131,4316.94719953754
194228,APARTAMENTO NO RESERVA REAL,Reserva Real,Zona Sul,2,1,1,40.0,170000.0,4250.0,4252.08579993765,7019.92781217448
192539,LINDO E ACONCHEGANTE APARTAMENTO VITTA HEITOR RIGON III,Jardim Heitor Rigon,Zona Norte,2,1,1,43.0,170000.0,3953.48837209302,3530.62855692946,4316.94719953754
192065,APARTAMENTO RESERVA SUL RESORT,Reserva Sul Condominio,Zona Sul,2,1,1,50.0,170000.0,3400.0,4662.25639219501,7019.92781217448
191894,APARTAMENTO PRÓXIMO À AVENIDA CASTELO BRANCO,Jardim Castelo Branco,Zona Leste,1,1,1,41.0,170000.0,4146.34146341463,4046.86527169807,4646.24632076016
191882,APARTAMENTO NO JARDIM CASTELO BRANCO,Jardim Castelo Branco,Zona Leste,1,1,1,41.0,170000.0,4146.34146341463,4046.86527169807,4646.24632076016
189413,Apartamento de 42m² com 02 quartos à venda   Jardim Santa Cecilia,Jardim Santa Cecilia,Zona Norte,2,1,1,42.0,170000.0,4047.61904761905,4420.63492063492,4316.94719953754
189110,IMÓVEL NO IPIRANGA,Ipiranga,Zona Oeste,2,1,1,48.0,170000.0,3541.66666666667,4227.19529650629,4568.83198282477
183647,APARTAMENTO PRÓXIMO À RUA JAVARI,Ipiranga,Zona Oeste,1,1,1,37.0,170000.0,4594.5945945946,4227.19529650629,4568.83198282477
182831,APARTAMENTO NO BAIRRO IPIRANGA,Ipiranga,Zona Oeste,2,1,1,46.0,170000.0,3695.65217391304,4227.19529650629,4568.83198282477
181460,APARTAMENTO NO JARDIM OURO BRANCO,Jardim Ouro Branco,Zona Leste,2,1,1,43.0,170000.0,3953.48837209302,4456.14834639336,4646.24632076016
179843,APARTAMENTO NO JOSÉ FIGUEIRA,Jardim Jose Figueira,Zona Norte,2,1,1,47.0,170000.0,3617.02127659575,3693.30137947159,4316.94719953754
178802,Apartamento de 46m² com 02 quartos   Condomínio Residencial Ipiranga,Ipiranga,Zona Oeste,2,1,1,46.0,170000.0,3695.65217391304,4227.19529650629,4568.83198282477
178769,APARTAMENTO NA RIBERÂNIA,Ribeirania,Zona Leste,2,1,1,45.0,170000.0,3777.77777777778,6622.45012983218,4646.24632076016
178754,APARTAMENTO NO IPIRANGA,Ipiranga,Zona Oeste,2,1,1,41.0,170000.0,4146.34146341463,4227.19529650629,4568.83198282477
176876,Apartamento de 02 quartos para venda   Reserva Real,Reserva Real,Zona Sul,2,1,1,62.0,170000.0,2741.93548387097,4252.08579993765,7019.92781217448
176150,APARTAMENTO NA VILA MONTE ALEGRE,Vila Monte Alegre,Zona Oeste,1,1,1,33.0,170000.0,5151.51515151515,5171.67916226382,4568.83198282477
176009,APARTAMENTO NO JARDIM ITAÚ,Jardim Itau,Zona Norte,2,1,1,42.0,170000.0,4047.61904761905,4105.97173905832,4316.94719953754
175661,APARTAMENTO NO RESIDENCIAL GREENVILLE,Residencial Greenville,Zona Norte,2,1,1,44.0,170000.0,3863.63636363636,4670.88804474239,4316.94719953754
174089,APARTAMENTO NO JARDIM FLORESTAN FERNANDES,Jardim Florestan Fernandes,Zona Norte,2,1,1,42.0,170000.0,4047.61904761905,4173.34114617131,4316.94719953754
169208,APARTAMENTO NO PARQUE SÃO SEBASTIÃO,Parque Sao Sebastiao,Zona Leste,2,1,1,48.0,170000.0,3541.66666666667,4018.24997986766,4646.24632076016
169070,Apartamento de 34m² com 01 quarto para locação   Centro,Centro,Centro,1,1,1,34.0,170000.0,5000.0,3969.0889863009,4114.37759196461
168887,APARTAMENTO NO HEITOR RIGON,Jardim Heitor Rigon,Zona Norte,2,1,1,42.0,170000.0,4047.61904761905,3530.62855692946,4316.94719953754
167462,Apartamento de 43m² com 02 quartos à venda   Jardim Interlagos,Jardim Interlagos,Zona Leste,2,1,1,43.0,170000.0,3953.48837209302,4158.11293993337,4646.24632076016
167429,APARTAMENTO NO PARQUE CÂNDIDO PORTINARI,Parque Residencial Candido Portinari,Zona Leste,2,1,1,44.0,170000.0,3863.63636363636,3863.63636363636,4646.24632076016
165650,Apartamento No Sumarezinho,Sumarezinho,Zona Oeste,2,1,1,46.0,170000.0,3695.65217391304,4702.46841942496,4568.83198282477
165278,APARTAMENTO TÉRREO PRÓXIMO AO ATACADÃO,Valentina Figueiredo,Zona Norte,2,1,1,42.0,170000.0,4047.61904761905,3736.9036213197,4316.94719953754
156113,APARTAMENTO PRÓXIMO À RODOVIA ANTÔNIO MACHADO SANTANNA,Reserva Sul Condominio,Zona Sul,2,1,1,47.0,170000.0,3617.02127659575,4662.25639219501,7019.92781217448
154940,APARTAMENTO PRÓXIMO À AVENIDA HENRI NESTLE,Residencial Parque dos Servidores,Zona Leste,2,2,1,43.0,170000.0,3953.48837209302,4474.21131539829,4646.24632076016
154835,Apartamento de 42m² com 02 quartos para venda   Ribeirão Verde,Ribeirao Verde,Zona Norte,2,1,1,42.0,170000.0,4047.61904761905,3480.98330241187,4316.94719953754
154622,APARTAMENTO PRÓXIMO À AVENIDA BARÃO DO BANANAL,Jardim Itapora,Zona Oeste,2,2,1,50.0,170000.0,3400.0,4357.67018779343,4568.83198282477
152942,Apartamento   Padrão,Jardim Santa Cecilia,Zona Norte,2,1,1,42.0,170000.0,4047.61904761905,4420.63492063492,4316.94719953754
150986,APARTAMENTO PARA ALUGAR NO RIBEIRÃO VERDE,Jardim Florestan Fernandes,Zona Norte,2,1,1,42.0,170000.0,4047.61904761905,4173.34114617131,4316.94719953754
150842,Apartamento térreo de 43m² com 02 quartos à venda   Vila Virgínia,Vila Virginia,Zona Oeste,2,1,1,43.0,170000.0,3953.48837209302,4199.44386633332,4568.83198282477
149696,APARTAMENTO PRÓXIMO À RODOVIA ANHANGUERA,Jardim Florestan Fernandes,Zona Norte,2,1,1,42.0,170000.0,4047.61904761905,4173.34114617131,4316.94719953754
148160,Apartamento de 43m² com 02 quartos à venda   Jardim Diva Tarla de Carvalho,Jardim Diva Tarla de Carvalho,Zona Norte,2,1,1,43.0,170000.0,3953.48837209302,3667.24240741883,4316.94719953754
147971,APARTAMENTO PRÓXIMO À AVENIDA ALFREDO RAVANELI,Parque Sao Sebastiao,Zona Leste,2,1,1,49.0,170000.0,3469.38775510204,4018.24997986766,4646.24632076016
147620,APARTAMENTO PRÓXIMO À RUA CORONEL AMÉRICO BATISTA,Ipiranga,Zona Oeste,2,1,1,42.0,170000.0,4047.61904761905,4227.19529650629,4568.83198282477
146567,Apartamento de 42m² com 02 quartos para locação   Jardim Santa Cecilia,Jardim Santa Cecilia,Zona Norte,2,1,1,42.0,170000.0,4047.61904761905,4420.63492063492,4316.94719953754
146564,Apartamento de 46m² com 02 quartos para venda e locação   Sumarezinho,Sumarezinho,Zona Oeste,2,1,1,46.0,170000.0,3695.65217391304,4702.46841942496,4568.83198282477
146231,APARTAMENTO PRÓXIMO À AVENIDA JOSÉ ANTÔNIO FERRAREZI,Conjunto Habitacional Jardim das Palmeiras,Zona Norte,2,1,1,46.0,170000.0,3695.65217391304,3512.02019163783,4316.94719953754
145835,Apartamento   Padrão,Jardim Palma Travassos,Zona Leste,2,1,1,52.0,170000.0,3269.23076923077,4725.02380139251,4646.24632076016
143660,Apartamento de 42m² com 02 quartos à venda   Quintino Facci II,Quintino Facci II,Zona Norte,2,1,1,42.0,170000.0,4047.61904761905,3658.03558245004,4316.94719953754
142754,Apartamento de 42m² com 02 quartos à venda   Jardim Vilico Cantarelli,Jardim Vilico Cantarelli,Zona Norte,2,1,1,42.0,170000.0,4047.61904761905,3615.36281179138,4316.94719953754
141779,APARTAMENTO TÉRREO PRÓXIMO Á RODOVIA ANHANGUERA,Ribeirao Verde,Zona Norte,2,1,1,42.0,170000.0,4047.61904761905,3480.98330241187,4316.94719953754
139358,Apartamento de 34 m² com 01 Quarto   Residencial Greenville,Residencial Greenville,Zona Norte,1,1,1,34.0,170000.0,5000.0,4670.88804474239,4316.94719953754
138668,APARTAMENTO NA REGIÃO CENTRAL,Centro,Centro,1,1,1,49.0,170000.0,3469.38775510204,3969.0889863009,4114.37759196461
138002,Apartamento de 02 quartos para venda   Vila Seixas,Vila Seixas,Centro,2,2,1,68.0,170000.0,2500.0,4862.36131633665,4114.37759196461
137903,APARTAMENTO DUPLEX NO CENTRO,Centro,Centro,1,1,1,49.0,170000.0,3469.38775510204,3969.0889863009,4114.37759196461
134483,Apartamento de 40m² com 02 quartos à venda   Ipiranga,Ipiranga,Zona Oeste,2,1,1,40.0,170000.0,4250.0,4227.19529650629,4568.83198282477
133400,Apartamento   Padrão,Jardim Eugenio Mendes Lopes,Zona Oeste,2,1,1,65.0,170000.0,2615.38461538462,3240.00999000999,4568.83198282477
133256,Apartamento   Padrão,Parque Sao Sebastiao,Zona Leste,2,1,1,49.0,170000.0,3469.38775510204,4018.24997986766,4646.24632076016
132521,Apartamento   Padrão,Sumarezinho,Zona Oeste,2,1,1,46.0,170000.0,3695.65217391304,4702.46841942496,4568.83198282477
129635,Apartamento de 52m² com 02 quartos para venda   Jardim Palma Travassos,Jardim Palma Travassos,Zona Leste,2,1,1,52.0,170000.0,3269.23076923077,4725.02380139251,4646.24632076016
129101,Apartamento de 42m² com 02 quartos à venda   Vila Pompéia,Ipiranga,Zona Oeste,2,1,1,42.0,170000.0,4047.61904761905,4227.19529650629,4568.83198282477
128381,Apartamento de 43m² com 02 quartos para venda   Residencial Parque dos Servidores,Residencial Parque dos Servidores,Zona Leste,2,1,1,43.0,170000.0,3953.48837209302,4474.21131539829,4646.24632076016
127184,APARTAMENTO NO PARQUE SÃO SEBASTIÃO,Parque Sao Sebastiao,Zona Leste,2,1,1,48.0,170000.0,3541.66666666667,4018.24997986766,4646.24632076016
124724,Ótimo Apartamento próximo à Avenida Bandeirantes,Jardim Itau,Zona Norte,2,1,1,42.0,170000.0,4047.61904761905,4105.97173905832,4316.94719953754
124202,APARTAMENTO PARA REFORMAR NO BAIRRO REPÚBLICA,Republica,Zona Oeste,2,1,1,57.0,170000.0,2982.45614035088,5849.08600873347,4568.83198282477
122213,Apartamento de 42 m² com 02 quartos para venda   Via Virginia,Vila Virginia,Zona Oeste,2,1,1,42.0,170000.0,4047.61904761905,4199.44386633332,4568.83198282477
121487,Apartamento   Padrão,Sumarezinho,Zona Oeste,2,1,1,66.0,170000.0,2575.75757575758,4702.46841942496,4568.83198282477
120197,APARTAMENTO PRÓXIMO À USP,Vila Amelia,Zona Oeste,1,1,1,35.0,170000.0,4857.14285714286,4740.17583820671,4568.83198282477
120092,Apartamento de 46m² com 02 quartos à venda   Parque São Sebastião,Parque Sao Sebastiao,Zona Leste,2,1,1,46.0,170000.0,3695.65217391304,4018.24997986766,4646.24632076016
119432,Apartamento   Padrão,Vila Virginia,Zona Oeste,2,1,1,42.0,170000.0,4047.61904761905,4199.44386633332,4568.83198282477
117113,APARTAMENTO NO GERALDO CORREIA DE CARVALHO,Geraldo Correia de Carvalho,Zona Norte,2,1,1,48.0,170000.0,3541.66666666667,3405.81955922865,4316.94719953754
111092,Apartamento   Padrão,Chacaras Pedro Correa de Carvalho,Zona Norte,2,1,1,52.0,170000.0,3269.23076923077,4124.52491399826,4316.94719953754
109451,APARTAMENTO NO BAIRRO VILA VIRGINIA,Vila Virginia,Zona Oeste,2,1,1,42.0,170000.0,4047.61904761905,4199.44386633332,4568.83198282477
107648,Apartamento   Padrão,Residencial e Comercial Palmares,Zona Leste,3,2,1,68.0,170000.0,2500.0,3830.73455662616,4646.24632076016
99659,Apartamento de 31m² com 01 quarto à venda   Vila Monte Alegre,Vila Monte Alegre,Zona Oeste,1,1,1,31.0,170000.0,5483.87096774194,5171.67916226382,4568.83198282477
95978,APARTAMENTO NA VILA VIRGINIA,Vila Virginia,Zona Oeste,1,1,1,31.0,170000.0,5483.87096774194,4199.44386633332,4568.83198282477
95558,APARTAMENTO TÉRREO PRÓXIMO A JAVARI,Ipiranga,Zona Oeste,2,1,2,61.0,170000.0,2786.88524590164,4227.19529650629,4568.83198282477
92108,Apartamento de 59m² com 02 quartos   Jardim Independência,Independencia,Zona Norte,2,1,1,59.0,170000.0,2881.35593220339,3844.6605743041,4316.94719953754
86414,APARTAMENTO NO LAGOINHA,Parque Industrial Lagoinha,Zona Leste,1,1,1,37.0,170000.0,4594.5945945946,4502.88532269356,4646.24632076016
83981,APARTAMENTO PRÓXIMO Á NOVE DE JULHO,Centro,Centro,1,1,1,50.0,170000.0,3400.0,3969.0889863009,4114.37759196461
72323,Apartamento de 47m² com 02 quartos à venda   Jardim Paulistano,Jardim Paulistano,Zona Leste,2,1,2,47.0,170000.0,3617.02127659575,4354.41245373771,4646.24632076016
64379,APARTAMENTO NO CENTRO,Centro,Centro,1,1,1,51.0,170000.0,3333.33333333333,3969.0889863009,4114.37759196461
30224,APARTAMENTO EM ÓTIMA LOCALIZAÇÃO,Jardim Macedo,Zona Leste,1,1,1,27.0,170000.0,6296.2962962963,4049.64935899923,4646.24632076016
25931,APARTAMENTO PRÓXIMO A AVENIDA CASTELO BRANCO,Parque Industrial Lagoinha,Zona Leste,1,1,1,35.0,170000.0,4857.14285714286,4502.88532269356,4646.24632076016
174965,EXCELENTE APARTAMENTO RESIDENCIAL ROYAL GARDEN,Parque Sao Sebastiao,Zona Leste,2,1,1,47.0,160000.0,3404.25531914894,4018.24997986766,4646.24632076016
191747,Apartamento/Padrão   Residencial   No bairro Jardim Heitor Rigon   Vitta Parque dos Pinus,Jardim Heitor Rigon,Zona Norte,2,1,1,43.0,160000.0,3720.93023255814,3530.62855692946,4316.94719953754
195932,APARTAMENTO NO PARQUE ROCHESTER,Sumarezinho,Zona Oeste,2,1,1,45.0,172000.0,3822.22222222222,4702.46841942496,4568.83198282477
164552,APARTAMENTO EM ÓTIMA LOCALIZAÇÃO PRÓXIMO AO ATACADÃO,Quintino Facci II,Zona Norte,2,1,1,42.0,170000.0,4047.61904761905,3658.03558245004,4316.94719953754
217106,Apartamento de 40m² com 01 quarto à venda   Parque dos Bandeirantes,Parque dos Bandeirantes,Zona Leste,1,1,1,40.0,174000.0,4350.0,4072.45658506483,4646.24632076016
94787,Apartamento de 45m² com 02 quartos   Parque dos Lagos,Parque dos Lagos,Zona Leste,2,1,1,45.0,159000.0,3533.33333333333,4175.19186695209,4646.24632076016
194624,Apartamento porteira fechada de 34m² com 01 quarto para locação e venda   Greenville,Residencial Greenville,Zona Norte,1,1,1,34.0,160000.0,4705.88235294118,4670.88804474239,4316.94719953754
235226,Apartamento/Padrão   Residencial   No bairro Campos Elíseos,Jardim Paulistano,Zona Leste,3,1,2,80.0,165000.0,2062.5,4354.41245373771,4646.24632076016
28727,APARTAMENTO PRÓXIMO À AVENIDA CARAMURU,Centro,Centro,2,1,1,62.0,165000.0,2661.29032258065,3969.0889863009,4114.37759196461
218243,Apartamento de 49m² com 02 quartos à venda   Ipiranga,Ipiranga,Zona Oeste,2,1,1,49.0,169000.0,3448.97959183673,4227.19529650629,4568.83198282477
182009,Apartamento de 45m² com 02 quartos à venda   Parque dos Lagos,Parque dos Lagos,Zona Leste,2,1,1,45.0,170000.0,3777.77777777778,4175.19186695209,4646.24632076016
156764,Apartamento de 43m² com 02 quartos para venda   Jardim Interlagos,Jardim Interlagos,Zona Leste,2,1,1,43.0,170000.0,3953.48837209302,4158.11293993337,4646.24632076016
132341,APARTAMENTO 2 DORMITÓRIOS NO BAIRRO LAGOINHA,Ribeirania,Zona Leste,2,1,1,46.0,170000.0,3695.65217391304,6622.45012983218,4646.24632076016
128867,*****LINDO APARTAMENTO******,Jardim Interlagos,Zona Leste,2,1,1,45.0,170000.0,3777.77777777778,4158.11293993337,4646.24632076016
241670,Apartamento de 42m² com 02 quartos à venda   Planalto Verde,Planalto Verde,Zona Oeste,2,1,1,42.0,175000.0,4166.66666666667,4021.97926976394,4568.83198282477
241550,Apartamento de 43m² com 02 quartos à venda   Adelino Simioni,Adelino Simioni,Zona Norte,2,1,1,43.0,175000.0,4069.76744186047,4181.39534883721,4316.94719953754
240560,Apartamento de 40m² com 02 quartos à venda   Jardim Ouro Branco,Jardim Ouro Branco,Zona Leste,2,1,1,40.0,175000.0,4375.0,4456.14834639336,4646.24632076016
239717,Apartamento de 42m² com 02 quartos à venda   Jardim Cybelli,Jardim Cybelli,Zona Oeste,2,1,1,42.0,175000.0,4166.66666666667,4860.47619047619,4568.83198282477
239147,Apartamento de 43m² com 02 quartos à venda   Jardim Interlagos,Jardim Interlagos,Zona Leste,2,1,1,43.0,175000.0,4069.76744186047,4158.11293993337,4646.24632076016
238922,Apartamento de 42m² com 02 quartos para locação e venda   Jardim Itaú,Jardim Itau,Zona Norte,2,1,1,42.0,175000.0,4166.66666666667,4105.97173905832,4316.94719953754
238763,Apartamento de 42m² com 02 quartos à venda   Planalto Verde,Planalto Verde,Zona Oeste,2,1,1,42.0,175000.0,4166.66666666667,4021.97926976394,4568.83198282477
220793,Apartamento de 47m² com 02 quartos à venda   Jardim Helena,Conjunto Habitacional Jardim das Palmeiras,Zona Norte,2,1,1,47.0,175000.0,3723.40425531915,3512.02019163783,4316.94719953754
219848,Apartamento térreo de 41m² com 02 quartos para venda e locação   Residencial Jequitibá,Residencial Jequitiba,Zona Norte,2,1,1,41.0,175000.0,4268.29268292683,4751.76900217579,4316.94719953754
216359,Apartamento de 48m² com 02 quartos para locação   Bonfim Paulista,Jardim Sao Fernando,Zona Oeste,2,1,1,48.0,175000.0,3645.83333333333,4718.15476190476,4568.83198282477
213914,Apartamento de 43m² com 02 quartos à venda   Jardim dos Flamboyants,Loteamento Santa Marta,Zona Norte,2,1,1,43.0,175000.0,4069.76744186047,5386.60691471388,4316.94719953754
210293,Apartamento de 40m² com 02 quartos à venda   Lar Canadá,Jardim Jandaia,Zona Norte,2,1,1,40.0,175000.0,4375.0,4103.36879432624,4316.94719953754
210272,Apartamento térreo de 40m² com 02 quartos à venda   Recreio Das Acácias,Recreio das Acacias,Zona Leste,2,1,1,40.0,175000.0,4375.0,5924.20433221203,4646.24632076016
204068,APARTAMENTO À VENDA NO BAIRRO PARQUE DOS SERVIDORES,Residencial Parque dos Servidores,Zona Leste,2,1,1,42.0,175000.0,4166.66666666667,4474.21131539829,4646.24632076016
196835,APARTAMENTO NO RESERVA MACAÙBA,Reserva Macauba,Zona Norte,2,1,1,43.0,175000.0,4069.76744186047,4441.08952445151,4316.94719953754
192812,Apartamento no Palacio Imperial,Recreio Anhanguera,Zona Leste,2,1,1,41.0,175000.0,4268.29268292683,3703.72991676345,4646.24632076016
192314,LINDO APARTAMENTO NO PALÁCIO DE WINDSOR,Reserva Real,Zona Sul,2,1,1,40.0,175000.0,4375.0,4252.08579993765,7019.92781217448
183419,APARTAMENTO PRÓXIMO À RODOVIA ANHANGUERA,Jardim Interlagos,Zona Leste,2,1,1,43.0,175000.0,4069.76744186047,4158.11293993337,4646.24632076016
183416,APARTAMENTO PRÓXIMO À RODOVIA ANHANGUERA,Jardim Interlagos,Zona Leste,2,1,1,43.0,175000.0,4069.76744186047,4158.11293993337,4646.24632076016
177653,APARTAMENTO DIFERENCIADO,Jardim Vilico Cantarelli,Zona Norte,2,1,1,42.0,175000.0,4166.66666666667,3615.36281179138,4316.94719953754
175529,APARTAMENTO NO JARDIM HEITOR RIGON,Jardim Heitor Rigon,Zona Norte,2,1,1,46.0,175000.0,3804.34782608696,3530.62855692946,4316.94719953754
172133,APARTAMENTO NO JARDIM ITAÚ,Jardim Itau,Zona Norte,2,1,1,46.0,175000.0,3804.34782608696,4105.97173905832,4316.94719953754
168746,APARTAMENTO MOBILIADO VITTA RIBEIRÃO VERDE,Jardim Florestan Fernandes,Zona Norte,2,1,1,42.0,175000.0,4166.66666666667,4173.34114617131,4316.94719953754
164201,APARTAMENTO NO CAMPOS ELÍSEOS,Campos Eliseos,Zona Norte,2,1,1,46.0,175000.0,3804.34782608696,4308.89631323999,4316.94719953754
154508,APARTAMENTO PRÓXIMO AO ATACADÃO DA AVENIDA EDUARDO ANDRÉIA MATARAZZO,Quintino Facci II,Zona Norte,2,1,1,42.0,175000.0,4166.66666666667,3658.03558245004,4316.94719953754
151955,APARTAMENTO NO IPIRANGA,Ipiranga,Zona Oeste,2,1,2,41.0,175000.0,4268.29268292683,4227.19529650629,4568.83198282477
149411,APARTAMENTO PRÓXIMO À AVENIDA ALFREDO RAVANELI,Parque Sao Sebastiao,Zona Leste,2,1,1,46.0,175000.0,3804.34782608696,4018.24997986766,4646.24632076016
145913,EXCELENTE APARTAMENTO NO VITTA VIA NORTE,Quintino Facci II,Zona Norte,2,1,1,42.0,175000.0,4166.66666666667,3658.03558245004,4316.94719953754
144494,APARTAMENTO PRÓXIMO À RODOVIA LUÍS PIZETA,Jardim Santa Cecilia,Zona Norte,2,1,1,49.0,175000.0,3571.42857142857,4420.63492063492,4316.94719953754
143678,APARTAMENTO PRÓXIMO À RUA JAVARI,Residencial das Americas,Zona Norte,2,1,1,39.0,175000.0,4487.17948717949,3341.29895223855,4316.94719953754
141605,APARTAMENTO PRÓXIMO A AV. HENRI NESTLE,Reserva Real,Zona Sul,2,1,1,41.0,175000.0,4268.29268292683,4252.08579993765,7019.92781217448
137087,***Ótimo Investimento***,Ipiranga,Zona Oeste,2,2,1,61.0,175000.0,2868.85245901639,4227.19529650629,4568.83198282477
134627,APARTAMENTO NO JARDIM ANTÁRTICA,Jardim Antartica,Zona Oeste,2,1,1,57.0,175000.0,3070.17543859649,4464.91601599781,4568.83198282477
122951,Apartamento de 02 quartos para venda e locação   Ipiranga,Ipiranga,Zona Oeste,2,1,1,44.0,175000.0,3977.27272727273,4227.19529650629,4568.83198282477
114329,Apartamento de 44m² com 02 quartos à venda   Vila Virgínia,Vila Virginia,Zona Oeste,2,1,1,44.0,175000.0,3977.27272727273,4199.44386633332,4568.83198282477
111077,Apartamento   Padrão,Ribeirania,Zona Leste,2,1,1,61.0,175000.0,2868.85245901639,6622.45012983218,4646.24632076016
107507,Apartamento   Padrão,Ipiranga,Zona Oeste,2,1,1,41.0,175000.0,4268.29268292683,4227.19529650629,4568.83198282477
104687,Apartamento   Padrão,Vila Monte Alegre,Zona Oeste,2,1,1,55.0,175000.0,3181.81818181818,5171.67916226382,4568.83198282477
102974,Apartamento   Padrão,Residencial Greenville,Zona Norte,2,1,1,44.0,175000.0,3977.27272727273,4670.88804474239,4316.94719953754
63977,Apartamento   Padrão,Vila Elisa,Zona Norte,2,2,1,70.0,175000.0,2500.0,2617.37089201878,4316.94719953754
44735,APARTAMENTO PRÓXIMO À AVENIDA LEÃO XIII,Parque Industrial Lagoinha,Zona Leste,1,1,1,48.0,175000.0,3645.83333333333,4502.88532269356,4646.24632076016
196829,APARTAMENTO NO RECANTO DAS PALMEIRAS,Jardim Pedra Branca,Zona Norte,2,1,1,42.0,176000.0,4190.47619047619,3820.60755336617,4316.94719953754
217802,Apartamento de 42m² com 02 quartos à venda   Recreio Anhanguera,Residencial Parque dos Servidores,Zona Leste,2,1,1,42.0,178000.0,4238.09523809524,4474.21131539829,4646.24632076016
27452,Apartamento   Padrão,Jardim Iraja,Zona Sul,1,1,1,36.0,178000.0,4944.44444444444,5843.60369977321,7019.92781217448
109370,PRÓXIMO À USP,Sumarezinho,Zona Oeste,2,1,1,46.0,169500.0,3684.78260869565,4702.46841942496,4568.83198282477
244862,Apartamento de 42m² com 02 quartos para venda   Vila Virgínia,Vila Virginia,Zona Oeste,2,1,1,42.0,179000.0,4261.90476190476,4199.44386633332,4568.83198282477
242810,Apartamento de 42m² com 02 quarto à venda   Avelino Alves Palma,Quintino Facci II,Zona Norte,2,1,1,42.0,179000.0,4261.90476190476,3658.03558245004,4316.94719953754
237551,Apartamento de 40m² com 02 quartos à venda   Recreio das Acácias,Recreio das Acacias,Zona Leste,2,1,1,40.0,179000.0,4475.0,5924.20433221203,4646.24632076016
237113,Apartamento de 41m² com 02 quartos à venda   Reserva Real,Reserva Real,Zona Sul,2,1,1,41.0,179000.0,4365.85365853659,4252.08579993765,7019.92781217448
224300,Apartamento de 42m² com 02 quartos para venda   Jardim Florestan Fernandes,Jardim Florestan Fernandes,Zona Norte,2,1,1,42.0,179000.0,4261.90476190476,4173.34114617131,4316.94719953754
221216,Apartamento de 41m² com 02 quartos para locação e venda   Reserva Real,Centro,Centro,2,1,1,41.0,179000.0,4365.85365853659,3969.0889863009,4114.37759196461
213398,Apartamento de 47m² com 02 quartos à venda   Chácaras Pedro Corrêa de Carvalho,Chacaras Pedro Correa de Carvalho,Zona Norte,2,1,1,47.0,179000.0,3808.51063829787,4124.52491399826,4316.94719953754
201974,APARTAMENTO TÉRREO JARDIM MANOEL PENNA,Jardim Manoel Penna,Zona Leste,2,1,1,47.0,179000.0,3808.51063829787,4812.40737129408,4646.24632076016
201869,APARTAMENTO PARA VENDA NO BAIRRO JARDIM PAULISTA,Jardim Paulista,Zona Leste,1,1,1,44.0,179000.0,4068.18181818182,4839.65243893052,4646.24632076016
242456,Apartamento de 51m² com 02 quartos à venda   Jardim Palma Travassos,Jardim Palma Travassos,Zona Leste,2,1,1,51.0,179500.0,3519.60784313726,4725.02380139251,4646.24632076016
232988,Apartamento mobiliado de 170m² com 03 suítes para locação e venda   Vila do Golfe,Vila do Golf,Zona Sul,3,4,3,170.0,1990000.0,11705.8823529412,9872.36315439169,7019.92781217448
163664,Apartamento de 45m² com 02 quartos à venda   Parque São Sebastião,Parque Sao Sebastiao,Zona Leste,2,1,1,45.0,135000.0,3000.0,4018.24997986766,4646.24632076016
221264,Apartamento de 42m² com 02 quartos à venda   Jardim José Sampaio Júnior,Jardim Jose Sampaio Junior,Zona Norte,2,1,1,42.0,150000.0,3571.42857142857,4089.5276809911,4316.94719953754
221252,Apartamento de 42m² com 02 quartos à venda   Jardim José Sampaio Júnior,Jardim Jose Sampaio Junior,Zona Norte,2,1,1,42.0,150000.0,3571.42857142857,4089.5276809911,4316.94719953754
198218,APARTAMENTO DIFERENCIADO NO SILVIO PASSALACQUA,Conjunto Habitacional Silvio Passalacqua,Zona Oeste,2,1,1,47.0,150000.0,3191.48936170213,3620.71440927175,4568.83198282477
211013,Apartamento com 42m²   2 quartos   Vila Abranches.,Vila Abranches,Zona Norte,2,1,1,42.0,154000.0,3666.66666666667,3656.70906043577,4316.94719953754
111884,APARTAMENTO NO IPIRANGA,Ipiranga,Zona Oeste,2,1,1,41.0,154000.0,3756.09756097561,4227.19529650629,4568.83198282477
122114,Apartamento   Padrão,Jardim Paulistano,Zona Leste,2,1,1,46.0,160000.0,3478.26086956522,4354.41245373771,4646.24632076016
202988,APARTAMENTO NO BAIRRO PARQUE SÃO SEBASTIÃO,Parque Sao Sebastiao,Zona Leste,2,1,1,47.0,163000.0,3468.08510638298,4018.24997986766,4646.24632076016
195173,Apartamento de 64m² com 02 quartos à venda   Planalto Verde,Planalto Verde,Zona Oeste,2,1,1,64.0,165000.0,2578.125,4021.97926976394,4568.83198282477
167387,Apartamento de 42m² com 02 quartos para venda   Jardim José Sampaio Júnior,Jardim Jose Sampaio Junior,Zona Norte,2,1,1,42.0,165000.0,3928.57142857143,4089.5276809911,4316.94719953754
223646,Apartamento térreo de 43m² com 02 quartos à venda   Chácaras Pedro Corrêa de Carvalho,Chacaras Pedro Correa de Carvalho,Zona Norte,2,1,1,43.0,169900.0,3951.16279069768,4124.52491399826,4316.94719953754
244478,Apartamento/Padrão   Residencial   No bairro Jardim das Palmeiras   Vitta Recanto da Mata,Jardim das Palmeiras,Zona Norte,2,1,1,49.0,170000.0,3469.38775510204,3249.37764351271,4316.94719953754
227735,Apartamento de 50m² com 01 quartos à venda   Parque Industrial Lagoinha,Parque Industrial Lagoinha,Zona Leste,1,1,1,50.0,170000.0,3400.0,4502.88532269356,4646.24632076016
221624,Apartamento de 48m² com 02 quartos à venda   Jardim Heitor Rigon,Jardim Heitor Rigon,Zona Norte,2,1,1,48.0,170000.0,3541.66666666667,3530.62855692946,4316.94719953754
132644,Apartamento de 43m² com 02 quartos para locação e venda   Sumarezinho,Sumarezinho,Zona Oeste,2,1,1,43.0,170000.0,3953.48837209302,4702.46841942496,4568.83198282477
121625,APARTAMENTO PRÓXIMO À AVENIDA ANHANGUERA MOBILIADO,Jardim Zara,Zona Leste,2,1,1,45.0,170000.0,3777.77777777778,3994.52759311292,4646.24632076016
117815,Apartamento de 71m² com 02 quartos à venda   Vila Elisa,Vila Elisa,Zona Norte,2,1,1,71.0,170000.0,2394.3661971831,2617.37089201878,4316.94719953754
105236,Apartamento de 41m² com 01 quarto para locação   Presidente Médici,Presidente Medici,Zona Leste,1,1,1,41.0,170000.0,4146.34146341463,4508.64185474962,4646.24632076016
202946,APARTAMENTO NO BAIRRO ADELINO SIMIONI,Adelino Simioni,Zona Norte,2,1,1,43.0,175000.0,4069.76744186047,4181.39534883721,4316.94719953754
154217,Apartamento térreo de 42m² com 02 quartos à venda   Planalto Verde,Planalto Verde,Zona Oeste,2,1,1,42.0,175000.0,4166.66666666667,4021.97926976394,4568.83198282477
129566,Apartamento de 31m² com 01 quarto para locação   Jardim Botânico,Jardim Botanico,Zona Sul,1,1,1,31.0,175000.0,5645.16129032258,7403.36272123417,7019.92781217448
245477,Apartamento térreo de 48m² com 02 quartos para venda   Parque dos Lagos,Parque dos Lagos,Zona Leste,2,1,1,48.0,180000.0,3750.0,4175.19186695209,4646.24632076016
245171,Apartamento de 43m² com 02 quartos à venda   Valentina Figueiredo,Valentina Figueiredo,Zona Norte,2,1,1,43.0,180000.0,4186.04651162791,3736.9036213197,4316.94719953754
244784,Apartamento de 43m² com 02 quartos à venda   Adelino Simioni,Adelino Simioni,Zona Norte,2,1,1,43.0,180000.0,4186.04651162791,4181.39534883721,4316.94719953754
243614,Apartamento de 55m² com 02 quartos à venda   Vila Virgínia,Vila Virginia,Zona Oeste,2,1,1,55.0,180000.0,3272.72727272727,4199.44386633332,4568.83198282477
243263,Apartamento de 47m² com 02 quartos à venda   Mirante Sul,Condominio Mirante Sul,Zona Sul,2,1,1,47.0,180000.0,3829.78723404255,5048.35903353727,7019.92781217448
243107,Apartamento de 42m² com 02 quartos à venda   Jardim Itaú,Jardim Itau,Zona Norte,2,1,1,42.0,180000.0,4285.71428571429,4105.97173905832,4316.94719953754
242699,Apartamento de 40m² com 02 quartos à venda   Jardim Cybelli,Jardim Cybelli,Zona Oeste,2,1,1,40.0,180000.0,4500.0,4860.47619047619,4568.83198282477
242231,Apartamento térreo de 48m² com 02 quartos para venda   Parque dos Lagos,Parque dos Lagos,Zona Leste,2,1,1,48.0,180000.0,3750.0,4175.19186695209,4646.24632076016
241271,Apartamento de 46m² com 2 quartos para locação e venda   Ipiranga,Ipiranga,Zona Oeste,2,1,1,46.0,180000.0,3913.04347826087,4227.19529650629,4568.83198282477
240653,Apartamento de 42m² com 02 quartos para locação   Valentina Figueiredo,Valentina Figueiredo,Zona Norte,2,1,1,42.0,180000.0,4285.71428571429,3736.9036213197,4316.94719953754
236720,Apartamento térreo de 40m² com 02 quartos para venda   Reserva Real,Reserva Real,Zona Sul,2,1,1,40.0,180000.0,4500.0,4252.08579993765,7019.92781217448
231167,Apartamento de 02 quartos para locação   Reserva Real,Reserva Real,Zona Sul,2,1,1,40.0,180000.0,4500.0,4252.08579993765,7019.92781217448
230849,Apartamento de 45m² com 02 quartos   Jardim Castelo Branco,Ribeirania,Zona Leste,2,1,1,45.0,180000.0,4000.0,6622.45012983218,4646.24632076016
230726,Apartamento de 48m² com 02 quartos à venda   Quintino Facci II,Quintino Facci II,Zona Norte,2,1,1,48.0,180000.0,3750.0,3658.03558245004,4316.94719953754
230708,Apartamento de 43m² com 02 quartos para venda e locação   Jardim Interlagos,Jardim Interlagos,Zona Leste,2,1,1,43.0,180000.0,4186.04651162791,4158.11293993337,4646.24632076016
226838,Apartamento reformado de 41m² com 02 quartos à venda   Bairro Reserva Real,Reserva Real,Zona Sul,2,1,1,41.0,180000.0,4390.24390243902,4252.08579993765,7019.92781217448
224933,Apartamento de 42m² com 2 quartos à venda   Parque dos Servidores,Residencial Parque dos Servidores,Zona Leste,2,1,1,42.0,180000.0,4285.71428571429,4474.21131539829,4646.24632076016
224741,Apartamento de 41m² com 02 quartos para venda   Reserva Real,Reserva Real,Zona Sul,2,1,1,41.0,180000.0,4390.24390243902,4252.08579993765,7019.92781217448
222365,Apartamento de 42m² com 02 quartos à venda   Vila Virgínia,Vila Virginia,Zona Oeste,2,1,1,42.0,180000.0,4285.71428571429,4199.44386633332,4568.83198282477
220922,Apartamento de 46m² com 02 quartos à venda   Ipiranga,Ipiranga,Zona Oeste,2,1,1,46.0,180000.0,3913.04347826087,4227.19529650629,4568.83198282477
220319,Apartamento de 42m² com 02 quartos para venda   Ipiranga,Ipiranga,Zona Oeste,2,1,1,42.0,180000.0,4285.71428571429,4227.19529650629,4568.83198282477
216557,Apartamento de 39m² com 02 quartos   Parque São Sebastião,Parque Sao Sebastiao,Zona Leste,2,1,1,39.0,180000.0,4615.38461538462,4018.24997986766,4646.24632076016
216503,Apartamento de 42m² com 02 quartos à venda   Recanto das Flores em Bonfim Paulista,Jardim Santa Cecilia,Zona Norte,2,1,1,42.0,180000.0,4285.71428571429,4420.63492063492,4316.94719953754
216068,Apartamento de 42m² com 02 quartos à venda   Ipiranga,Jardim Jandaia,Zona Norte,2,1,1,42.0,180000.0,4285.71428571429,4103.36879432624,4316.94719953754
213407,Apartamento térreo de 46m² com 02 quartos à venda   Vila Abranches,Vila Abranches,Zona Norte,2,1,1,46.0,180000.0,3913.04347826087,3656.70906043577,4316.94719953754
213266,Apartamento de 66m² com 02 quartos à venda   Vila Amélia,Vila Amelia,Zona Oeste,2,2,1,66.0,180000.0,2727.27272727273,4740.17583820671,4568.83198282477
208808,Apartamento de 60m² com 02 quartos para venda   Planalto Verde,Planalto Verde,Zona Oeste,2,1,1,60.0,180000.0,3000.0,4021.97926976394,4568.83198282477
207305,Apartamento de 48m² com 2 quartos   Quali NK Residencial,Jardim Sao Fernando,Zona Oeste,2,1,1,48.0,180000.0,3750.0,4718.15476190476,4568.83198282477
206360,Apartamento de 41m² com 02 quartos para locação e venda   Reserva Real,Reserva Real,Zona Sul,2,1,1,41.0,180000.0,4390.24390243902,4252.08579993765,7019.92781217448
204638,Apartamento de 60m² com 02 quartos para locação e venda   Planalto verde,Planalto Verde,Zona Oeste,2,1,1,60.0,180000.0,3000.0,4021.97926976394,4568.83198282477
203246,APARTAMENTO NO BAIRRO VILA ALBERTINA,Quintino Facci II,Zona Norte,2,1,1,42.0,180000.0,4285.71428571429,3658.03558245004,4316.94719953754
201980,APARTAMENTO NO RESIDENCIAL GREENVILLE,Residencial Greenville,Zona Norte,2,1,1,44.0,180000.0,4090.90909090909,4670.88804474239,4316.94719953754
201059,Apartamento mobiliado de 01 quarto para locação   Vila Amélia,Vila Monte Alegre,Zona Oeste,1,1,1,34.0,180000.0,5294.11764705882,5171.67916226382,4568.83198282477
199799,LINDO APARTAMENTO NA ZONA NORTE,Parque dos Pinus,Zona Norte,2,1,1,41.0,180000.0,4390.24390243902,4176.00482723577,4316.94719953754
199583,APARTAMENTO COM ELEVADOR NO VITTA PRAÇAS DO IPIRANGA,Ipiranga,Zona Oeste,2,1,1,46.0,180000.0,3913.04347826087,4227.19529650629,4568.83198282477
199544,EXCELENTE APARTAMENTO PARA VENDA NO BAIRRO RESERVA REAL,Reserva Real,Zona Sul,2,1,1,41.0,180000.0,4390.24390243902,4252.08579993765,7019.92781217448
199289,Apartamento de 41m² com 02 quartos à venda   Reserva Real,Reserva Real,Zona Sul,2,1,1,41.0,180000.0,4390.24390243902,4252.08579993765,7019.92781217448
198422,APARTAMENTO PRÓXIMO À Av. JOSÉ ANTÔNIO FERRAREZI,Reserva Real,Zona Sul,2,1,1,41.0,180000.0,4390.24390243902,4252.08579993765,7019.92781217448
198062,APARTAMENTO TÉRREO NO RESERVA REAL,Reserva Real,Zona Sul,2,1,1,41.0,180000.0,4390.24390243902,4252.08579993765,7019.92781217448
192740,"SOBRADO EM CONDOMÍNIO, PRÓXIMO À AVENIDA DOM PEDRO I .",Ipiranga,Zona Oeste,2,1,1,79.0,180000.0,2278.48101265823,4227.19529650629,4568.83198282477
192248,EXCELENTE APARTAMENTO No Manoel Pena,Jardim Manoel Penna,Zona Leste,2,1,1,46.0,180000.0,3913.04347826087,4812.40737129408,4646.24632076016
191540,APARTAMENTO PRÓXIMO A HENRI NESTLÉ,Reserva Real,Zona Sul,2,1,1,41.0,180000.0,4390.24390243902,4252.08579993765,7019.92781217448
190328,APARTAMENTO COM 2 DORMITÓRIOS NO PARQUE SÃO SEBASTIÃO,Parque Sao Sebastiao,Zona Leste,2,1,1,47.0,180000.0,3829.78723404255,4018.24997986766,4646.24632076016
189176,Apartamento de 02 quartos para locação   Chácaras Pedro Correa de Carvalho,Chacaras Pedro Correa de Carvalho,Zona Norte,2,1,1,43.0,180000.0,4186.04651162791,4124.52491399826,4316.94719953754
187775,Lindo apartamento próximo a usp de 1 dormitório com 1 vaga coberta.,Sumarezinho,Zona Oeste,1,1,1,38.0,180000.0,4736.84210526316,4702.46841942496,4568.83198282477
187355,APARTAMENTO NO BAIRRO SUMAREZINHO,Sumarezinho,Zona Oeste,2,1,1,46.0,180000.0,3913.04347826087,4702.46841942496,4568.83198282477
183830,Apartamento de 72m² com 03 quartos para locação e venda   Jardim Independência,Independencia,Zona Norte,3,2,2,72.0,180000.0,2500.0,3844.6605743041,4316.94719953754
182978,Apartamento de 02 quartos para venda   Lagoinha,Ribeirania,Zona Leste,2,1,1,46.0,180000.0,3913.04347826087,6622.45012983218,4646.24632076016
182186,APARTAMENTO PRÓXIMO À AVENIDA PROFESSORA EDUL RANGEL RABELLO,Residencial Greenville,Zona Norte,2,1,1,44.0,180000.0,4090.90909090909,4670.88804474239,4316.94719953754
181307,Apartamento de 47m² com 02 quartos para venda   Campos Elíseos,Campos Eliseos,Zona Norte,3,1,1,47.0,180000.0,3829.78723404255,4308.89631323999,4316.94719953754
179723,ÓTIMO APARTAMENTO NO BAIRRO CAMPOS ELÍSEOS,Campos Eliseos,Zona Norte,1,1,1,44.0,180000.0,4090.90909090909,4308.89631323999,4316.94719953754
178745,EXCELENTE APARTAMENTO PARA LOCAÇÃO E VENDA NO JARDIM MANOEL PENNA,Jardim Manoel Penna,Zona Leste,2,1,1,48.0,180000.0,3750.0,4812.40737129408,4646.24632076016
178406,APARTAMENTO EM BONFIM PAULISTA,Loteamento Santa Marta,Zona Norte,2,1,1,43.0,180000.0,4186.04651162791,5386.60691471388,4316.94719953754
177746,Apartamento de 42m² com 02 quartos   Jardim José Sampaio Júnior,Jardim Jose Sampaio Junior,Zona Norte,2,1,1,42.0,180000.0,4285.71428571429,4089.5276809911,4316.94719953754
177194,APARTAMENTO TÉRREO NA RIBERÂNIA,Ribeirania,Zona Leste,2,1,1,45.0,180000.0,4000.0,6622.45012983218,4646.24632076016
175937,APARTAMENTO 2 DORMITÓRIOS,Jardim Heitor Rigon,Zona Norte,2,1,1,43.0,180000.0,4186.04651162791,3530.62855692946,4316.94719953754
175694,EXCELENTE APARTAMENTO REFORMADO NO HEITOR RIGON,Jardim Heitor Rigon,Zona Norte,2,1,1,42.0,180000.0,4285.71428571429,3530.62855692946,4316.94719953754
174698,APARTAMENTO NO IPIRANGA,Ipiranga,Zona Oeste,2,1,1,40.0,180000.0,4500.0,4227.19529650629,4568.83198282477
173801,APARTAMENTO TÉRREO NO JARDIM PALMA TRAVASSOS,Jardim Palma Travassos,Zona Leste,2,1,1,52.0,180000.0,3461.53846153846,4725.02380139251,4646.24632076016
173261,LINDO APARTAMENTO VILA VIRGINIA,Vila Virginia,Zona Oeste,2,1,1,62.0,180000.0,2903.22580645161,4199.44386633332,4568.83198282477
167285,APARTAMENTO TÉRREO NO JARDIM DIVA TARLÁ DE CARVALHO,Jardim Diva Tarla de Carvalho,Zona Norte,2,1,1,43.0,180000.0,4186.04651162791,3667.24240741883,4316.94719953754
164150,APARTAMENTO TÉRREO NO PARQUE DOS LAGOS,Parque dos Lagos,Zona Leste,2,1,1,47.0,180000.0,3829.78723404255,4175.19186695209,4646.24632076016
159887,APARTAMENTO PRÓXIMO À AVENIDA TREZE DE MAIO,Jardim Paulista,Zona Leste,1,1,1,32.0,180000.0,5625.0,4839.65243893052,4646.24632076016
159113,APARTAMENTO PRÓXIMO À RUA NITERÓI,Ribeirania,Zona Leste,2,1,1,46.0,180000.0,3913.04347826087,6622.45012983218,4646.24632076016
157199,Apartamento de 55m² com 02 quartos à venda   Vila Virgínia,Vila Virginia,Zona Oeste,2,1,1,55.0,180000.0,3272.72727272727,4199.44386633332,4568.83198282477
157142,Apartamento de 37m² com 01 quarto para venda   Parque Industrial Lagoinha,Parque Industrial Lagoinha,Zona Leste,1,1,1,37.0,180000.0,4864.86486486487,4502.88532269356,4646.24632076016
156428,APARTAMENTO PRÓXIMO À AVENIDA DOM PEDRO I,Ipiranga,Zona Oeste,2,2,1,49.0,180000.0,3673.4693877551,4227.19529650629,4568.83198282477
155078,Apartamento de 59m² com 03 quartos para venda   Campos Elíseos,Campos Eliseos,Zona Norte,3,2,1,59.0,180000.0,3050.84745762712,4308.89631323999,4316.94719953754
153779,Apartamento de 40m² com 02 quartos à venda   Jardim Helena,Reserva Real,Zona Sul,2,1,1,40.0,180000.0,4500.0,4252.08579993765,7019.92781217448
152960,**ÓTIMO APARTAMENTO NO JARDIM INTERLAGOS**,Jardim Interlagos,Zona Leste,3,1,1,58.0,180000.0,3103.44827586207,4158.11293993337,4646.24632076016
152624,Apartamento de 44 m² e 2 quartos   Parque São Sebastião,Parque Sao Sebastiao,Zona Leste,2,1,1,44.0,180000.0,4090.90909090909,4018.24997986766,4646.24632076016
151937,Apartamento de 41m² com 02 quartos à venda   Reserva Real,Reserva Real,Zona Sul,2,1,1,41.0,180000.0,4390.24390243902,4252.08579993765,7019.92781217448
150650,APARTAMENTO PRÓXIMO À RUA JAVARI,Ipiranga,Zona Oeste,2,1,1,40.0,180000.0,4500.0,4227.19529650629,4568.83198282477
150029,APARTAMENTO COM LAZER COMPLETO,Vila Virginia,Zona Oeste,2,1,1,46.0,180000.0,3913.04347826087,4199.44386633332,4568.83198282477
149996,APARTAMENTO NO BAIRRO JARDIM PALMA TRAVASSOS,Jardim Palma Travassos,Zona Leste,2,1,2,49.0,180000.0,3673.4693877551,4725.02380139251,4646.24632076016
147176,APARTAMENTO PRÓXIMO À AVENIDA EDUL RANGEL RABELLO,Residencial Greenville,Zona Norte,2,1,1,44.0,180000.0,4090.90909090909,4670.88804474239,4316.94719953754
146450,APARTAMENTO PRÓXIMO À AVENIDA BANDEIRANTES,Jardim Itau,Zona Norte,2,1,1,42.0,180000.0,4285.71428571429,4105.97173905832,4316.94719953754
140840,APARTAMENTO TÉRREO JARDIM MANOEL PENNA,Jardim Manoel Penna,Zona Leste,2,1,1,47.0,180000.0,3829.78723404255,4812.40737129408,4646.24632076016
140702,Apartamento para venda de 55m² de 02 quartos   Vila Virginia,Vila Virginia,Zona Oeste,2,1,1,55.0,180000.0,3272.72727272727,4199.44386633332,4568.83198282477
139604,APARTAMENTO NO PARQUE DOS SERVIDORES,Residencial Parque dos Servidores,Zona Leste,2,1,2,56.0,180000.0,3214.28571428571,4474.21131539829,4646.24632076016
138503,Apartamento de 01 quarto para locação   Jardim Paulista,Jardim Paulista,Zona Leste,1,1,1,51.0,180000.0,3529.41176470588,4839.65243893052,4646.24632076016
138218,Apartamento de 46m² com 02 quartos para venda   Jardim João Rossi,Jardim Joao Rossi,Zona Sul,2,1,1,46.0,180000.0,3913.04347826087,2950.48145403395,7019.92781217448
138074,Apartamento de 01 quarto para locação   Jd. Pres. Médici,Presidente Medici,Zona Leste,1,1,1,38.0,180000.0,4736.84210526316,4508.64185474962,4646.24632076016
131111,****ÓTIMO APARTAMENTO*****,Valentina Figueiredo,Zona Norte,2,1,1,46.0,180000.0,3913.04347826087,3736.9036213197,4316.94719953754
129989,Apartamento   Padrão,Jardim Palma Travassos,Zona Leste,2,1,1,49.0,180000.0,3673.4693877551,4725.02380139251,4646.24632076016
128660,Apartamento de 02 quartos para locação   Lagoinha,Ribeirania,Zona Leste,2,1,1,46.0,180000.0,3913.04347826087,6622.45012983218,4646.24632076016
128471,APARTAMENTO NO IPIRANGA,Ipiranga,Zona Oeste,2,1,1,46.0,180000.0,3913.04347826087,4227.19529650629,4568.83198282477
127733,Apartamento   Padrão,Republica,Zona Oeste,2,1,1,45.0,180000.0,4000.0,5849.08600873347,4568.83198282477
127355,Apartamento   Padrão,Jardim Manoel Penna,Zona Leste,2,1,1,42.0,180000.0,4285.71428571429,4812.40737129408,4646.24632076016
126818,Apartamento de 57m² com 01 quarto à venda   Jardim Paulista,Jardim Paulista,Zona Leste,1,1,1,57.0,180000.0,3157.89473684211,4839.65243893052,4646.24632076016
126611,APARTAMENTO NO JARDIM SANTA CECILIA,Jardim Santa Cecilia,Zona Norte,2,1,1,49.0,180000.0,3673.4693877551,4420.63492063492,4316.94719953754
123926,Apartamento   Padrão,Jardim Heitor Rigon,Zona Norte,2,1,1,45.0,180000.0,4000.0,3530.62855692946,4316.94719953754
121352,APARTAMENTO NO MONTE ALEGRE,Vila Monte Alegre,Zona Oeste,1,1,1,45.0,180000.0,4000.0,5171.67916226382,4568.83198282477
120269,Apartamento de 47m² com 01 suíte á venda   Jardim Macedo,Jardim Macedo,Zona Leste,1,2,1,47.0,180000.0,3829.78723404255,4049.64935899923,4646.24632076016
118085,Apartamento de 48m² com 02 quartos à venda   Residencial Jequitibá,Residencial Jequitiba,Zona Norte,2,1,1,48.0,180000.0,3750.0,4751.76900217579,4316.94719953754
109955,Apartamento de 46m² com 02 quartos para locação   Vila Abranches,Vila Abranches,Zona Norte,2,1,1,46.0,180000.0,3913.04347826087,3656.70906043577,4316.94719953754
107099,Apartamento de 46 m² com 1 quarto à venda   Centro,Centro,Centro,1,1,1,46.0,180000.0,3913.04347826087,3969.0889863009,4114.37759196461
103841,Apartamento   Padrão,Residencial Greenville,Zona Norte,2,1,1,44.0,180000.0,4090.90909090909,4670.88804474239,4316.94719953754
103706,APARTAMENTO PRÓXIMO Á USP,Vila Amelia,Zona Oeste,2,1,1,60.0,180000.0,3000.0,4740.17583820671,4568.83198282477
98123,Apartamento   Padrão,Vila Virginia,Zona Oeste,2,1,1,48.0,180000.0,3750.0,4199.44386633332,4568.83198282477
97214,Apartamento de 45m² com 02 quartos para locação   República,Republica,Zona Oeste,2,1,1,45.0,180000.0,4000.0,5849.08600873347,4568.83198282477
97085,APARTAMENTO PRÓXIMO À AVENIDA LUIGI ROSIELO,Alto do Ipiranga,Zona Oeste,2,1,1,48.0,180000.0,3750.0,4537.91893063963,4568.83198282477
92888,Apartamento   Padrão,Jardim Iraja,Zona Sul,1,1,1,43.0,180000.0,4186.04651162791,5843.60369977321,7019.92781217448
91694,Apartamento de 44m² com 02 quartos à venda   Residencial Greenville,Residencial Greenville,Zona Norte,2,1,1,44.0,180000.0,4090.90909090909,4670.88804474239,4316.94719953754
91439,Apartamento   Padrão,Jardim Paulista,Zona Leste,1,1,1,20.0,180000.0,9000.0,4839.65243893052,4646.24632076016
87194,EXCELENTE APARTAMENTO PARA LOCAÇÃO E VENDA NO CAMPOS ELÍSEOS,Campos Eliseos,Zona Norte,2,1,1,46.0,180000.0,3913.04347826087,4308.89631323999,4316.94719953754
82595,APARTAMENTO NA VILA VIRGINIA,Vila Virginia,Zona Oeste,2,1,1,50.0,180000.0,3600.0,4199.44386633332,4568.83198282477
78215,Apartamento de 58m² com 02 quartps   Jardim Zara,Jardim Zara,Zona Leste,2,1,1,58.0,180000.0,3103.44827586207,3994.52759311292,4646.24632076016
77144,Apartamento de 47m² com 02 quartos para locação e venda   Parque dos Lagos,Parque dos Lagos,Zona Leste,2,1,1,47.0,180000.0,3829.78723404255,4175.19186695209,4646.24632076016
73721,Apartamento de 38m² com 01 quarto para locação   Presidente Medici,Presidente Medici,Zona Leste,1,1,1,38.0,180000.0,4736.84210526316,4508.64185474962,4646.24632076016
64700,Apartamento de 35m² com 01 quarto para venda   Jardim Califórnia,Jardim California,Zona Sul,1,1,1,35.0,180000.0,5142.85714285714,7048.58207831218,7019.92781217448
51857,APARTAMENTO PRÓXIMO AO RIBEIRÃO SHOPPING,Vila Ana Maria,Zona Sul,1,1,1,31.0,180000.0,5806.45161290323,6534.36599324832,7019.92781217448
50723,APARTAMENTO PRÓXIMO À UNAERP,Jardim Palma Travassos,Zona Leste,1,1,1,35.0,180000.0,5142.85714285714,4725.02380139251,4646.24632076016
44471,APARTAMENTO PRÓXIMO À AVENIDA CASTELO BRANCO,Parque Industrial Lagoinha,Zona Leste,1,1,1,36.0,180000.0,5000.0,4502.88532269356,4646.24632076016
27248,APARTAMENTO NO PARQUE INDUSTRIAL LAGOINHA,Parque Industrial Lagoinha,Zona Leste,1,1,1,25.0,180000.0,7200.0,4502.88532269356,4646.24632076016
25481,Apartamento de 46m² com 01 quarto à venda   Parque Industrial Lagoinha,Parque Industrial Lagoinha,Zona Leste,1,1,1,46.0,180000.0,3913.04347826087,4502.88532269356,4646.24632076016
15500,Apartamento Térreo de 67m² com 02 quartos à venda   Jardim Anhanguera,Jardim Anhanguera,Zona Leste,2,2,1,67.0,180000.0,2686.56716417911,4372.03682882804,4646.24632076016
236204,Apartamento de 43m² com 02 quartos para locação   Vitta Heitor Rigon III,Jardim Heitor Rigon,Zona Norte,2,1,1,43.0,180200.0,4190.69767441861,3530.62855692946,4316.94719953754
229817,Apartamento de 45m² com 02 quartos para Locação   Reserva Macaúba,Reserva Macauba,Zona Norte,2,1,1,45.0,180200.0,4004.44444444444,4441.08952445151,4316.94719953754
146018,APARTAMENTO TÉRREO PRÓXIMO À RODOVIA ALEXANDRE BALBO,Jardim Heitor Rigon,Zona Norte,2,1,1,46.0,180200.0,3917.39130434783,3530.62855692946,4316.94719953754
67175,APARTAMENTO NA LAGOINHA,Parque Industrial Lagoinha,Zona Leste,1,1,1,38.0,175000.0,4605.26315789474,4502.88532269356,4646.24632076016
145682,Apartamento de 49m² com 02 quartos à venda   Jardim Macedo,Jardim Macedo,Zona Leste,2,1,1,49.0,176000.0,3591.83673469388,4049.64935899923,4646.24632076016
244133,Apartamento de 46m² com 02 quartos para venda   Ribeirânia,Ribeirania,Zona Leste,2,1,1,46.0,181000.0,3934.78260869565,6622.45012983218,4646.24632076016
240959,Apartamento de 42m² com 02 quartos à venda   Jardim Maria Goretti,Jardim Maria Goretti,Zona Norte,2,1,1,42.0,181000.0,4309.52380952381,4801.35263407689,4316.94719953754
236783,Apartamento de 40m² com 02 quartos à venda   Jardim Itaú,Jardim Itau,Zona Norte,2,1,1,40.0,181000.0,4525.0,4105.97173905832,4316.94719953754
227009,Apartamento de 41m² com 02 quartos à venda   Jardim Reserva Real,Reserva Real,Zona Sul,2,1,1,41.0,181000.0,4414.63414634146,4252.08579993765,7019.92781217448
189044,Apartamento térreo de 48m² à venda   Condomínio Parque Renascer,Jardim Manoel Penna,Zona Leste,2,1,1,48.0,181000.0,3770.83333333333,4812.40737129408,4646.24632076016
181796,APARTAMENTO NO PLANALTO VERDE,Planalto Verde,Zona Oeste,2,1,1,42.0,181000.0,4309.52380952381,4021.97926976394,4568.83198282477
180326,APARTAMENTO NO JARDIM JOSÉ WILSON TONI,Jardim Jose Wilson Toni,Zona Norte,2,1,1,42.0,181000.0,4309.52380952381,3558.22945254947,4316.94719953754
166259,Apartamento de 43m²   Parque dos Servidores,Residencial Parque dos Servidores,Zona Leste,2,1,1,43.0,181000.0,4209.3023255814,4474.21131539829,4646.24632076016
158516,Apartamento   Padrão,Residencial Jequitiba,Zona Norte,2,1,1,41.0,181000.0,4414.63414634146,4751.76900217579,4316.94719953754
155891,APARTAMENTO PRÓXIMO À AVENIDA MARECHAL COSTA E SILVA,Campos Eliseos,Zona Norte,2,1,1,42.0,181000.0,4309.52380952381,4308.89631323999,4316.94719953754
144614,APARTAMENTO PRÓXIMO À RUA NITERÓI,Ribeirania,Zona Leste,2,1,1,46.0,181000.0,3934.78260869565,6622.45012983218,4646.24632076016
142547,APARTAMENTO PRÓXIMO À AVENIDA ALFREDO RAVANELI,Jardim Interlagos,Zona Leste,2,1,1,43.0,181000.0,4209.3023255814,4158.11293993337,4646.24632076016
140732,APARTAMENTO EM ÓTIMA LOCALIZAÇÃO PRÓXIMO A AV. JOSÉ ANTÔNIO FERRAREZI,Reserva Real,Zona Sul,2,1,1,41.0,181000.0,4414.63414634146,4252.08579993765,7019.92781217448
113186,APARTAMENTO PRÓXIMO À USP,Jardim Antartica,Zona Oeste,2,1,1,59.0,181000.0,3067.79661016949,4464.91601599781,4568.83198282477
88445,Apartamento de 46m² com 02 quartos para locação e venda   Vila Abranches,Vila Abranches,Zona Norte,2,1,1,46.0,181000.0,3934.78260869565,3656.70906043577,4316.94719953754
88430,APARTAMENTO RIBEIRÃO PRETO,Jardim Marchesi,Zona Oeste,1,1,1,46.0,181000.0,3934.78260869565,3706.13254567216,4568.83198282477
222698,Apartamento de 49m² com 02 quartos à venda   Jequitibá,Residencial Jequitiba,Zona Norte,2,1,1,49.0,182000.0,3714.28571428571,4751.76900217579,4316.94719953754
201929,Apartamento térreo de 48 m² com 2 quartos à venda   Reserva Real,Reserva Real,Zona Sul,2,1,1,48.0,182000.0,3791.66666666667,4252.08579993765,7019.92781217448
181856,APARTAMENTO PRÓXIMO À AVENIDA EDUARDO GOMES DE SOUZA,City Ribeirao,Zona Sul,1,1,1,37.0,182000.0,4918.91891891892,5481.73996829135,7019.92781217448
175379,Apartamento de 46m² com 02 quartos   Ribeirânia,Ribeirania,Zona Leste,2,1,1,46.0,182000.0,3956.52173913044,6622.45012983218,4646.24632076016
159725,APARTAMENTO PRÓXIMO À RUA CORONEL AMÉRICO BATISTA,Ipiranga,Zona Oeste,2,1,1,42.0,182000.0,4333.33333333333,4227.19529650629,4568.83198282477
161858,Apartamento de 47m² com 02 quartos à venda   Parque São Sebastião,Parque Sao Sebastiao,Zona Leste,2,1,1,47.0,170000.0,3617.02127659575,4018.24997986766,4646.24632076016
178841,Apartamento de 52m² com 02 quartos à venda   Jardim José Figueira,Jardim Jose Figueira,Zona Norte,2,1,1,52.0,155000.0,2980.76923076923,3693.30137947159,4316.94719953754
172958,Apartamento de 46m² com 02 quartos à venda   Sumarezinho,Sumarezinho,Zona Oeste,2,1,1,46.0,160000.0,3478.26086956522,4702.46841942496,4568.83198282477
225692,Apartamento de 40m² com 02 quartos à venda   Jardim Ouro Branco,Jardim Ouro Branco,Zona Leste,2,1,2,40.0,170000.0,4250.0,4456.14834639336,4646.24632076016
130106,FLAT NO CENTRO MOBILIADO,Jardim Sumare,Zona Sul,1,1,1,52.0,170000.0,3269.23076923077,6366.17718327786,7019.92781217448
132419,APARTAMENTO PRÓXIMO AO CAMPOS ELÍSEOS,Campos Eliseos,Zona Norte,3,1,1,74.0,180000.0,2432.43243243243,4308.89631323999,4316.94719953754
229883,Apartamento de 49m² com 02 quartos para venda   Jardim Palma Travassos,Jardim Palma Travassos,Zona Leste,2,1,1,49.0,185000.0,3775.51020408163,4725.02380139251,4646.24632076016
225893,Apartamento novo de 42 m² com 02 quartos à venda   Quintino Facci II,Quintino Facci II,Zona Norte,2,1,1,42.0,185000.0,4404.76190476191,3658.03558245004,4316.94719953754
224999,Apartamento térreo de 40m² com 02 quartos à venda   Jardim Cybelli,Jardim Cybelli,Zona Oeste,2,1,1,40.0,185000.0,4625.0,4860.47619047619,4568.83198282477
224684,Apartamento reformado de 40² com 02 quartos para venda   Parque dos Pinus,Parque dos Pinus,Zona Norte,2,1,1,40.0,185000.0,4625.0,4176.00482723577,4316.94719953754
221432,Apartamento de 47m² com 02 quartos à venda   Residencial Jequitibá,Residencial Jequitiba,Zona Norte,2,1,1,47.0,185000.0,3936.17021276596,4751.76900217579,4316.94719953754
205847,Apartamento de 44m² com 02 quartos à venda   Parque Reino da Escócia,Residencial Greenville,Zona Norte,2,1,1,44.0,185000.0,4204.54545454546,4670.88804474239,4316.94719953754
204158,Apartamento de 45m² com 02 quartos à venda   Parque dos Lagos,Parque dos Lagos,Zona Leste,2,1,1,45.0,185000.0,4111.11111111111,4175.19186695209,4646.24632076016
190622,Apartamento com quintal em condomínio com lazer completo,Reserva Real,Zona Sul,2,1,1,40.0,185000.0,4625.0,4252.08579993765,7019.92781217448
190082,LINDO APARTAMENTO LAR ESPANHA PREÇO DE OPORTUNIDADE,Jardim Maria Goretti,Zona Norte,2,1,1,43.0,185000.0,4302.32558139535,4801.35263407689,4316.94719953754
187001,APARTAMENTO A VENDA NO PARQUE DOS SERVIDORES,Residencial Parque dos Servidores,Zona Leste,2,1,1,42.0,185000.0,4404.76190476191,4474.21131539829,4646.24632076016
184475,****OTIMO APARTAMENTO****,Parque dos Bandeirantes,Zona Leste,1,1,1,40.0,185000.0,4625.0,4072.45658506483,4646.24632076016
183041,APARTAMENTO PRÓXIMO À USP,Vila Amelia,Zona Oeste,2,1,1,60.0,185000.0,3083.33333333333,4740.17583820671,4568.83198282477
182936,APARTAMENTO EM BONFIM PAULISTA,Jardim Santa Cecilia,Zona Norte,2,1,1,42.0,185000.0,4404.76190476191,4420.63492063492,4316.94719953754
182771,APARTAMENTO PRÓXIMO À RUA JAVARI,Conjunto Habitacional Silvio Passalacqua,Zona Oeste,2,1,1,41.0,185000.0,4512.19512195122,3620.71440927175,4568.83198282477
179039,LINDO APARTAMENTO NO JOSÉ FIGUEIRA,Jardim Jose Figueira,Zona Norte,2,1,1,47.0,185000.0,3936.17021276596,3693.30137947159,4316.94719953754
172082,APARTAMENTO NA LAGOINHA,Ribeirania,Zona Leste,2,1,1,46.0,185000.0,4021.73913043478,6622.45012983218,4646.24632076016
165836,Apartamento térreo de 42m² com 02 quartos à venda   Residencial Parque dos Servidores,Residencial Parque dos Servidores,Zona Leste,2,1,1,42.0,185000.0,4404.76190476191,4474.21131539829,4646.24632076016
147938,APARTAMENTO PRÓXIMO À AVENIDA PROFESSORA EDUL RANGEL RABELLO,Residencial Greenville,Zona Norte,2,1,1,44.0,185000.0,4204.54545454546,4670.88804474239,4316.94719953754
146093,** LINDO APARTAMENTO **,Vila Virginia,Zona Oeste,3,1,1,55.0,185000.0,3363.63636363636,4199.44386633332,4568.83198282477
141674,Apartamento de 51m² térreo com 02 quartos à venda   Residencial Greenville,Residencial Greenville,Zona Norte,2,1,1,51.0,185000.0,3627.45098039216,4670.88804474239,4316.94719953754
139880,***ÓTIMO APARTAMENTO****,Ipiranga,Zona Oeste,2,1,1,40.0,185000.0,4625.0,4227.19529650629,4568.83198282477
105317,APARTAMENTO NO BAIRRO IPIRANGA,Ipiranga,Zona Oeste,2,1,1,68.0,185000.0,2720.58823529412,4227.19529650629,4568.83198282477
103022,Apartamento de 42m² com 02 quartos à venda   Campos Elíseos,Campos Eliseos,Zona Norte,2,1,1,42.0,185000.0,4404.76190476191,4308.89631323999,4316.94719953754
100811,APARTAMENTO NO SUMAREZINHO,Sumarezinho,Zona Oeste,2,1,1,46.0,185000.0,4021.73913043478,4702.46841942496,4568.83198282477
96218,Apartamento de 48m² com 01 suíte para locação   Jardim Irajá,Jardim Iraja,Zona Sul,1,2,1,48.0,185000.0,3854.16666666667,5843.60369977321,7019.92781217448
89096,Apartamento de 38m² com 01 quarto para locação   Vila Ana Maria,Vila Ana Maria,Zona Sul,1,1,1,38.0,185000.0,4868.42105263158,6534.36599324832,7019.92781217448
87701,Apartamento   Padrão,Ipiranga,Zona Oeste,2,1,1,47.0,185000.0,3936.17021276596,4227.19529650629,4568.83198282477
84191,Apartamento   Padrão,Jardim Zara,Zona Leste,2,2,1,55.0,185000.0,3363.63636363636,3994.52759311292,4646.24632076016
77744,APARTAMENTO PRÓXIMO À UNIP,Nova Alianca,Zona Sul,1,1,1,4151.0,185000.0,44.5675740785353,7235.27815404702,7019.92781217448
162146,APARTAMENTO PRÓXIMO À AVENIDA DOM PEDRO I,Ipiranga,Zona Oeste,1,1,1,32.0,185500.0,5796.875,4227.19529650629,4568.83198282477
151097,APARTAMENTO PRÓXIMO À AVENIDA BARÃO DO BANANAL,Parque Industrial Lagoinha,Zona Leste,2,1,1,42.0,185500.0,4416.66666666667,4502.88532269356,4646.24632076016
177446,APARTAMENTO NA AVENIDA CARAMURU,Republica,Zona Oeste,2,1,1,57.0,186000.0,3263.15789473684,5849.08600873347,4568.83198282477
175679,APARTAMENTO NO JARDIM IRAJÁ,Jardim Iraja,Zona Sul,1,1,1,37.0,186000.0,5027.02702702703,5843.60369977321,7019.92781217448
175676,APARTAMENTO NO JARDIM IRAJÁ,Jardim Iraja,Zona Sul,1,1,1,37.0,186000.0,5027.02702702703,5843.60369977321,7019.92781217448
171122,APARTAMENTO NP JARDIM PALMA TRAVASSOS,Jardim Palma Travassos,Zona Leste,2,1,1,52.0,186000.0,3576.92307692308,4725.02380139251,4646.24632076016
167666,APARTAMENTO DIFERENCIADO NO GERALDO DE CARVALHO,Geraldo Correia de Carvalho,Zona Norte,2,1,1,48.0,186000.0,3875.0,3405.81955922865,4316.94719953754
149825,APARTAMENTO PRÓXIMO AO ATACADÃO,Jardim Interlagos,Zona Leste,2,1,1,43.0,186000.0,4325.58139534884,4158.11293993337,4646.24632076016
138536,APARTAMENTO NO JARDIM MARCHESI,Condominio Uirapuru,Zona Oeste,2,1,1,43.0,186000.0,4325.58139534884,3230.85086747877,4568.83198282477
135989,APARTAMENTO NO GREENVILE,Residencial Greenville,Zona Norte,2,1,1,44.0,186000.0,4227.27272727273,4670.88804474239,4316.94719953754
132716,Apartamento   Padrão,Parque dos Pinus,Zona Norte,2,1,1,40.0,186000.0,4650.0,4176.00482723577,4316.94719953754
127490,APARTAMENTO NO JARDIM SANTA CELILIA,Jardim Santa Cecilia,Zona Norte,2,1,1,42.0,186000.0,4428.57142857143,4420.63492063492,4316.94719953754
179411,APARTAMENTO NO CHÁCARAS PEDRO CORREA DE CARVALHO,Valentina Figueiredo,Zona Norte,2,1,1,42.0,186000.0,4428.57142857143,3736.9036213197,4316.94719953754
115661,Apartamento térreo de 43m² com 02 quartos à venda   Sumarezinho,Sumarezinho,Zona Oeste,2,1,1,43.0,185000.0,4302.32558139535,4702.46841942496,4568.83198282477
243257,Apartamento de 40 m²  com 2 quartos a venda   Palácio de Versalhes,Reserva Real,Zona Sul,2,1,1,40.0,187000.0,4675.0,4252.08579993765,7019.92781217448
216740,Apartamento de 47m² com 02 quartos para locação   Campos Elíseos,Campos Eliseos,Zona Norte,2,1,1,47.0,187000.0,3978.72340425532,4308.89631323999,4316.94719953754
139196,Apartamento de 02 dormitórios   Ipiranga,Ipiranga,Zona Oeste,2,1,1,52.0,187000.0,3596.15384615385,4227.19529650629,4568.83198282477
26963,Apartamento de 39m² com 01 suíte para venda   Vila Seixas,Vila Seixas,Centro,1,1,1,39.0,185000.0,4743.58974358974,4862.36131633665,4114.37759196461
224288,Apartamento de 46m² com 02 quartos à venda   City Ribeirão,City Ribeirao,Zona Sul,2,1,1,46.0,189000.0,4108.69565217391,5481.73996829135,7019.92781217448
222221,Apartamento de 41m² com 02 quartos para venda   Residencial Jequitibá,Residencial Jequitiba,Zona Norte,2,1,1,41.0,189000.0,4609.75609756098,4751.76900217579,4316.94719953754
176780,Apartamento de 42m² com 02 quartos à venda   Planalto Verde,Planalto Verde,Zona Oeste,2,1,1,42.0,189000.0,4500.0,4021.97926976394,4568.83198282477
121745,APARTAMENTO NOVO EM CONDOMINIO FECHADO,Chacaras Pedro Correa de Carvalho,Zona Norte,2,1,1,56.0,189000.0,3375.0,4124.52491399826,4316.94719953754
24080,Apartamento mobiliado de 49m² com 01 à venda   Centro,Centro,Centro,1,1,1,49.0,189000.0,3857.14285714286,3969.0889863009,4114.37759196461
186602,APARTAMENTO NO JARDIM HEITOR RIGON,Jardim Heitor Rigon,Zona Norte,2,1,1,43.0,189900.0,4416.27906976744,3530.62855692946,4316.94719953754
131066,Apartamento de 41m² com 02 quartos para venda e locação   Jardim Silvio Passalacqua,Conjunto Habitacional Silvio Passalacqua,Zona Oeste,2,1,1,41.0,150000.0,3658.53658536585,3620.71440927175,4568.83198282477
224771,Apartamento de 40m² com 02 quartos para venda   Jardim Itaú,Jardim Itau,Zona Norte,2,1,1,40.0,155000.0,3875.0,4105.97173905832,4316.94719953754
153971,Apartamento de 58m² com 02 quartos à venda   Planalto Verde,Planalto Verde,Zona Oeste,2,1,1,58.0,160000.0,2758.62068965517,4021.97926976394,4568.83198282477
129491,** Excelente Apartamento **,Ribeirao Verde,Zona Norte,2,1,1,66.0,160000.0,2424.24242424242,3480.98330241187,4316.94719953754
140333,APARTAMENTO NOVO PRÓXIMO A AVENIDA PATRIARCA,Vila Virginia,Zona Oeste,2,1,1,44.0,165000.0,3750.0,4199.44386633332,4568.83198282477
207590,Apartamento térreo de 56m² com 02 quartos à venda   Jardim Ouro Branco,Jardim Ouro Branco,Zona Leste,2,1,1,56.0,169000.0,3017.85714285714,4456.14834639336,4646.24632076016
241892,Apartamento de 43m² à venda   Reserva Macaúba,Reserva Macauba,Zona Norte,2,1,1,43.0,170000.0,3953.48837209302,4441.08952445151,4316.94719953754
197249,APARTAMENTO PRÓXIMO À AVENIDA MONTEIRO LOBATO,Vila Virginia,Zona Oeste,2,1,1,42.0,170000.0,4047.61904761905,4199.44386633332,4568.83198282477
144218,Apartamento de 41m² com 02 quartos à venda   Reserva Real,Reserva Real,Zona Sul,2,1,1,41.0,170000.0,4146.34146341463,4252.08579993765,7019.92781217448
154964,APARTAMENTO PRÓXIMO À AVENIDA MARECHAL COSTA E SILVA,Campos Eliseos,Zona Norte,2,1,1,42.0,175000.0,4166.66666666667,4308.89631323999,4316.94719953754
125774,Apartamento   Padrão,Vila Ana Maria,Zona Sul,1,1,1,31.0,178000.0,5741.93548387097,6534.36599324832,7019.92781217448
143459,Apartamento de 42m² com 02 quartos à venda   Quintino Facci II,Quintino Facci II,Zona Norte,2,1,1,42.0,180000.0,4285.71428571429,3658.03558245004,4316.94719953754
227858,Apartamento de 46m² com 01 quarto à venda   Centro,Centro,Centro,1,1,1,46.0,185000.0,4021.73913043478,3969.0889863009,4114.37759196461
220127,Apartamento de 56m² com 02 quartos à venda   Chácaras Pedro Corrêa de Carvalho,Chacaras Pedro Correa de Carvalho,Zona Norte,2,2,1,56.0,185000.0,3303.57142857143,4124.52491399826,4316.94719953754
205811,Apartamento de 41m² com 02 quartos à venda   Reserva Real,Reserva Real,Zona Sul,2,1,1,41.0,185000.0,4512.19512195122,4252.08579993765,7019.92781217448
62360,Apartamento de 39m² com 01 quarto à venda   Vila Ana Maria,Vila Ana Maria,Zona Sul,1,1,2,39.0,188000.0,4820.51282051282,6534.36599324832,7019.92781217448
245507,Apartamento de 40m² com 02 quartos à venda   Recreio das Acácias,Jardim Cybelli,Zona Oeste,2,1,1,40.0,190000.0,4750.0,4860.47619047619,4568.83198282477
242795,Apartamento terreo de 42m² com 02 quartos à venda   Jardim Santa Cecilia,Jardim Santa Cecilia,Zona Norte,2,1,1,42.0,190000.0,4523.80952380952,4420.63492063492,4316.94719953754
242597,Apartamento de 40m² com 02 quartos à venda   Reserva Real,Reserva Real,Zona Sul,2,1,1,40.0,190000.0,4750.0,4252.08579993765,7019.92781217448
241928,Apartamento 58m² com 02 quartos   Jardim Paulistano,Jardim Paulistano,Zona Leste,2,2,1,58.0,190000.0,3275.86206896552,4354.41245373771,4646.24632076016
241442,Apartamento de 42m² com 02 quartos para venda e locação   Jardim Heitor Rigon,Jardim Heitor Rigon,Zona Norte,2,1,1,42.0,190000.0,4523.80952380952,3530.62855692946,4316.94719953754
239465,Apartamento de 40m² com 02 quartos à venda   Parque dos Pinus,Parque dos Pinus,Zona Norte,2,1,1,40.0,190000.0,4750.0,4176.00482723577,4316.94719953754
237809,Apartamento de 48 m² 2 quartos   a venda no Ipiranga,Ipiranga,Zona Oeste,2,1,1,48.0,190000.0,3958.33333333333,4227.19529650629,4568.83198282477
234512,Apartamento de 43m² com 02 quartos para venda e locação   Jardim Interlagos,Jardim Interlagos,Zona Leste,2,1,1,43.0,190000.0,4418.60465116279,4158.11293993337,4646.24632076016
233225,Apartamento de 48m² com 02 quartos à venda   Ipiranga,Ipiranga,Zona Oeste,2,1,1,48.0,190000.0,3958.33333333333,4227.19529650629,4568.83198282477
227306,Apartamento de 58m² com 03 quartos à venda   Campos Eliseos,Campos Eliseos,Zona Norte,3,1,1,58.0,190000.0,3275.86206896552,4308.89631323999,4316.94719953754
226478,Apartamento de 43m² com 02 quartos à venda   Jardim Diva Tarla de Carvalho,Jardim Diva Tarla de Carvalho,Zona Norte,2,1,1,43.0,190000.0,4418.60465116279,3667.24240741883,4316.94719953754
225737,Apartamento de 48m² com 2 quartos à venda   Parque dos Lagos,Parque dos Lagos,Zona Leste,2,1,1,48.0,190000.0,3958.33333333333,4175.19186695209,4646.24632076016
225056,Apartamento de 44m² com 02 quartos à venda   Residencial Greenville,Residencial Greenville,Zona Norte,2,1,1,44.0,190000.0,4318.18181818182,4670.88804474239,4316.94719953754
223772,Apartamento de 67m² com 02 quartos sendo 01 suíte à venda   Ipiranga,Alto do Ipiranga,Zona Oeste,2,2,1,67.0,190000.0,2835.82089552239,4537.91893063963,4568.83198282477
223643,Apartamento de 43m² com 02 quartos à venda   Bonfim Paulista,Loteamento Santa Marta,Zona Norte,2,1,1,43.0,190000.0,4418.60465116279,5386.60691471388,4316.94719953754
223118,Apartamento de 43m² com 02 quartos à venda   Reserva Macaúba,Reserva Macauba,Zona Norte,2,1,1,43.0,190000.0,4418.60465116279,4441.08952445151,4316.94719953754
221510,Apartamento de 43m² com 02 quartos à venda   Vila Mariana,Alto do Ipiranga,Zona Oeste,2,1,1,43.0,190000.0,4418.60465116279,4537.91893063963,4568.83198282477
217988,Apartamento de 46m² com 02 quartos à venda   Ipiranga,Ipiranga,Zona Oeste,2,1,1,46.0,190000.0,4130.4347826087,4227.19529650629,4568.83198282477
217115,Apartamento de 49m² com 02 quartos à venda   Jardim Palma Travassos,Jardim Palma Travassos,Zona Leste,2,1,1,49.0,190000.0,3877.55102040816,4725.02380139251,4646.24632076016
206984,Apartamento de 42m² com 02 quartos   Jardim Santa Cecília,Jardim Santa Cecilia,Zona Norte,2,1,1,42.0,190000.0,4523.80952380952,4420.63492063492,4316.94719953754
203267,ÓTIMO APARTAMENTO NO BAIRRO PARQUE DOS PINUS,Parque dos Pinus,Zona Norte,2,1,1,40.0,190000.0,4750.0,4176.00482723577,4316.94719953754
200729,Apartamento de 48m² com 02 quartos   Vila Monte Alegre,Vila Amelia,Zona Oeste,2,2,1,48.0,190000.0,3958.33333333333,4740.17583820671,4568.83198282477
199052,Apartamento de 35m² com 01 quarto para locação e venda   Vila Amélia,Vila Monte Alegre,Zona Oeste,1,1,1,35.0,190000.0,5428.57142857143,5171.67916226382,4568.83198282477
197783,Apartamento de 47m² com 02 quartos   Chácaras Pedro Corrêa de Carvalho,Ipiranga,Zona Oeste,2,1,1,47.0,190000.0,4042.55319148936,4227.19529650629,4568.83198282477
197093,Apartamento de 42m² com 02 quartos à venda   Recreio Anhanguera,Residencial Parque dos Servidores,Zona Leste,2,1,1,42.0,190000.0,4523.80952380952,4474.21131539829,4646.24632076016
195653,APARTAMENTO PRÓXIMO À AVENIDA INDEPENDÊNCIA,Jardim California,Zona Sul,1,1,1,38.0,190000.0,5000.0,7048.58207831218,7019.92781217448
184715,APARTAMENTO NO JARDIM CALIFÓRNIA,Vila Ana Maria,Zona Sul,1,1,1,39.0,190000.0,4871.79487179487,6534.36599324832,7019.92781217448
182714,Apartamento de 46m² com 02 quartos à venda e locação   Ipiranga,Ipiranga,Zona Oeste,2,1,1,46.0,190000.0,4130.4347826087,4227.19529650629,4568.83198282477
179606,APARTAMENTO EM BONFIM PAULISTA,Jardim Santa Cecilia,Zona Norte,2,1,1,42.0,190000.0,4523.80952380952,4420.63492063492,4316.94719953754
178895,Apartamento de 53m² com 02 quartos no Paulistano,Jardim Paulistano,Zona Leste,3,1,1,53.0,190000.0,3584.90566037736,4354.41245373771,4646.24632076016
178496,Apartamento   Padrão,Jardim Jose Wilson Toni,Zona Norte,2,1,1,42.0,190000.0,4523.80952380952,3558.22945254947,4316.94719953754
173834,APARTAMENTO NA VILA MONTE ALEGRE,Vila Monte Alegre,Zona Oeste,3,1,1,66.0,190000.0,2878.78787878788,5171.67916226382,4568.83198282477
173036,Apartamento de 39m² com 01 quarto à venda   Jardim Paulista,Jardim Paulista,Zona Leste,1,1,1,39.0,190000.0,4871.79487179487,4839.65243893052,4646.24632076016
170882,APARTAMENTO NA VILA VIRGINIA,Vila Virginia,Zona Oeste,2,1,1,55.0,190000.0,3454.54545454546,4199.44386633332,4568.83198282477
167354,APARTAMENTO NA VILA SEIXAS,Vila Seixas,Centro,1,1,1,35.0,190000.0,5428.57142857143,4862.36131633665,4114.37759196461
165995,Apartamento duplex   Centro,Centro,Centro,1,1,1,41.0,190000.0,4634.14634146342,3969.0889863009,4114.37759196461
165965,Apartamento de 42m² com 02 dormitórios para locação e venda   Parque São Sebastião,Parque Sao Sebastiao,Zona Leste,2,1,1,42.0,190000.0,4523.80952380952,4018.24997986766,4646.24632076016
165161,EXCELENTE APARTAMENTO PARA LOCAÇÃO NO PARQUE DOS PINUS,Parque dos Pinus,Zona Norte,2,1,1,40.0,190000.0,4750.0,4176.00482723577,4316.94719953754
161900,APARTAMENTO PRÓXIMO À AVENIDA ANTÔNIO E HELENA ZERRENER,Sumarezinho,Zona Oeste,2,1,1,46.0,190000.0,4130.4347826087,4702.46841942496,4568.83198282477
159455,APARTAMENTO NOVO PRÓXIMO HENRI NESTLÉ,Residencial Parque dos Servidores,Zona Leste,2,1,1,45.0,190000.0,4222.22222222222,4474.21131539829,4646.24632076016
154487,Apartamento de 42m² com 02 quartos à venda   Ipiranga,Ipiranga,Zona Oeste,2,1,1,42.0,190000.0,4523.80952380952,4227.19529650629,4568.83198282477
154280,Apartamento semi mobiliado de 45m² com 02 quartos para locação e venda   Parque dos Lagos,Parque dos Lagos,Zona Leste,2,1,1,45.0,190000.0,4222.22222222222,4175.19186695209,4646.24632076016
154268,Apartamento de 42m² com 02 quartos à venda   Jardim Florestan Fernandes,Jardim Florestan Fernandes,Zona Norte,2,1,1,42.0,190000.0,4523.80952380952,4173.34114617131,4316.94719953754
150854,APARTAMENTO NA LAGOINHA,Parque Industrial Lagoinha,Zona Leste,1,1,1,37.0,190000.0,5135.13513513514,4502.88532269356,4646.24632076016
141104,****LINDO APARTAMENTO NO IPIRANGA****,Ipiranga,Zona Oeste,2,1,1,46.0,190000.0,4130.4347826087,4227.19529650629,4568.83198282477
140639,Apartamento térreo de 49m² com 02 quarto à venda   Residencial Jequitibá,Residencial Jequitiba,Zona Norte,2,1,1,49.0,190000.0,3877.55102040816,4751.76900217579,4316.94719953754
132746,Apartamento para venda de 03 quartos   Ipiranga,Ipiranga,Zona Oeste,3,2,1,63.0,190000.0,3015.87301587302,4227.19529650629,4568.83198282477
130079,Apartamento de 01 quarto para locação   Lagoinha,Parque Industrial Lagoinha,Zona Leste,1,1,1,36.0,190000.0,5277.77777777778,4502.88532269356,4646.24632076016
130055,Apartamento de 40m² com 01 quartos à venda   Jardim Califórnia,Jardim California,Zona Sul,1,1,1,40.0,190000.0,4750.0,7048.58207831218,7019.92781217448
125639,**Lindo Apartamento**,Residencial das Americas,Zona Norte,2,1,1,46.0,190000.0,4130.4347826087,3341.29895223855,4316.94719953754
123641,APARTAMENTO PRÓXIMO À RUA JOÃO BIM,Jardim Paulistano,Zona Leste,3,1,1,53.0,190000.0,3584.90566037736,4354.41245373771,4646.24632076016
108608,Apartamento   Padrão,Vila Ana Maria,Zona Sul,1,1,1,27.0,190000.0,7037.03703703704,6534.36599324832,7019.92781217448
105878,EXCELENTE APARTAMENTO CENTRO 1 DORMITÓRIO,Vila Seixas,Centro,1,1,1,37.0,190000.0,5135.13513513514,4862.36131633665,4114.37759196461
103052,Apartamento de 38m² com 01 quarto para locação   Presidente Medici,Presidente Medici,Zona Leste,1,1,1,38.0,190000.0,5000.0,4508.64185474962,4646.24632076016
97271,Apartamento de 01 quarto para locação   Jd. Palma Travassos,Jardim Palma Travassos,Zona Leste,1,1,1,43.0,190000.0,4418.60465116279,4725.02380139251,4646.24632076016
94295,Apartamento de 37m² com 01 suíte à venda   Jardim Irajá,Jardim Sao Luiz,Zona Sul,1,1,1,37.0,190000.0,5135.13513513514,5775.49648772587,7019.92781217448
93527,Apartamento   Padrão,Vila Virginia,Zona Oeste,2,1,1,55.0,190000.0,3454.54545454546,4199.44386633332,4568.83198282477
90533,Apartamento de 01 quarto para locação   Centro,Centro,Centro,1,1,1,51.0,190000.0,3725.49019607843,3969.0889863009,4114.37759196461
90077,APARTAMENTO PARA LOCAÇÃO NO BAIRRO JARDIM IRAJÁ,Jardim Iraja,Zona Sul,1,1,1,38.0,190000.0,5000.0,5843.60369977321,7019.92781217448
87230,Apartamento de 37m² com 01 suíte à venda   Jardim Irajá,Jardim Sao Luiz,Zona Sul,1,1,1,37.0,190000.0,5135.13513513514,5775.49648772587,7019.92781217448
76805,Apartamento de 40m² com 01 quarto para venda   Vila Seixas,Vila Seixas,Centro,1,2,1,40.0,190000.0,4750.0,4862.36131633665,4114.37759196461
60524,Apartamento de 71m² com 02 quartos à venda   Jardim Zara,Jardim Zara,Zona Leste,2,2,1,71.0,190000.0,2676.05633802817,3994.52759311292,4646.24632076016
58529,APARTAMENTO NA LAGOINHA,Parque Industrial Lagoinha,Zona Leste,1,1,1,45.0,190000.0,4222.22222222222,4502.88532269356,4646.24632076016
51137,Apartamento de 01 quarto para locação   Lagoinha,Parque Industrial Lagoinha,Zona Leste,1,1,1,45.0,190000.0,4222.22222222222,4502.88532269356,4646.24632076016
34592,APARTAMENTO PRÓXIMO À AVENIDA LEÃO XIII,Iguatemi,Zona Norte,2,1,1,50.0,190000.0,3800.0,4838.13811749042,4316.94719953754
31463,Apartamento de 01 quarto para venda   Jardim Irajá,Jardim Iraja,Zona Sul,1,1,1,38.0,190000.0,5000.0,5843.60369977321,7019.92781217448
30926,APARTAMENTO MOBILIADO PRÓXIMO À AVENIDA CASTELO BRANCO,Parque Industrial Lagoinha,Zona Leste,1,1,1,55.0,190000.0,3454.54545454546,4502.88532269356,4646.24632076016
18032,APARTAMENTO NO JARDIM PAULISTA,Jardim Paulista,Zona Leste,1,1,1,35.0,190000.0,5428.57142857143,4839.65243893052,4646.24632076016
241619,Apartamento de 40m² com 02 quartos à venda   Reserva São José,Reserva Sao Jose,Zona Norte,2,1,1,40.0,190800.0,4770.0,6267.81462822185,4316.94719953754
91409,Apartamento de 45m² com 01 quarto à venda   Jardim Antártica,Jardim Antartica,Zona Oeste,1,1,1,45.0,150000.0,3333.33333333333,4464.91601599781,4568.83198282477
149018,Apartamento de 02 quartos para locação   Alto da Boa Vista,Alto da Boa Vista,Zona Sul,2,1,1,48.0,180000.0,3750.0,5935.13838933655,7019.92781217448
131699,EXCELENTE APARTAMENTO PARA VENDA NA ZONA SUL DE RIBEIRÃO PRETO,Reserva Sul Condominio,Zona Sul,2,1,1,46.0,190000.0,4130.4347826087,4662.25639219501,7019.92781217448
188342,Apartamento de 42m² com 02 quartos para locação   Campos Elíseos,Campos Eliseos,Zona Norte,2,1,1,42.0,191000.0,4547.61904761905,4308.89631323999,4316.94719953754
183914,Apartamento térreo de 55m² com 02 quartos à venda   Vila Virginia,Vila Virginia,Zona Oeste,2,1,1,55.0,191000.0,3472.72727272727,4199.44386633332,4568.83198282477
177239,APARTAMENTO NO RESIDENCIAL GREENVILE,Residencial Greenville,Zona Norte,2,1,1,44.0,191000.0,4340.90909090909,4670.88804474239,4316.94719953754
176465,EXCELENTE APARTAMENTO TÉRREO PARA LOCAÇÃO NO BAIRRO VILA TAMANDARÉ,Vila Tamandare,Zona Norte,2,1,1,68.0,191000.0,2808.82352941177,3367.29624340591,4316.94719953754
176291,APARTAMENTO TÉRREO EM BONFIM PAULISTA,Bonfim Paulista,Zona Sul,2,1,1,43.0,191000.0,4441.86046511628,8197.59279884853,7019.92781217448
174044,APARTAMENTO NO RESIDENCIAL GREENVILLE,Residencial Greenville,Zona Norte,2,1,1,44.0,191000.0,4340.90909090909,4670.88804474239,4316.94719953754
173876,APARTAMENTO EM BONFIM PAULISTA,Loteamento Santa Marta,Zona Norte,2,1,1,48.0,191000.0,3979.16666666667,5386.60691471388,4316.94719953754
160622,Apartamento de 74m² com 03 quartos para Venda   Residencial e Comercial Palmares,Residencial e Comercial Palmares,Zona Leste,3,2,1,74.0,191000.0,2581.08108108108,3830.73455662616,4646.24632076016
144446,Apartamento de 42m² com 02 quartos à venda   Valentina Figueiredo,Valentina Figueiredo,Zona Norte,2,1,1,42.0,191000.0,4547.61904761905,3736.9036213197,4316.94719953754
142586,APARTAMENTO PRÓXIMO À RUA JOÃO TONIOLI,Jardim Diva Tarla de Carvalho,Zona Norte,2,1,1,43.0,191000.0,4441.86046511628,3667.24240741883,4316.94719953754
135086,Apartamento de 49m² com 02 quartos à venda   Ipiranga,Ipiranga,Zona Oeste,2,2,1,49.0,191000.0,3897.95918367347,4227.19529650629,4568.83198282477
129626,APARTAMENTO COM LOCALIZAÇÃO PRIVILEGIADA PRÓXIMO AO RIBEIRÃO SHOPPING,Vila Ana Maria,Zona Sul,1,1,1,41.0,191000.0,4658.53658536585,6534.36599324832,7019.92781217448
119498,APARTAMENTO NO PRESIDENTE MEDICI,Presidente Medici,Zona Leste,2,2,1,72.0,191000.0,2652.77777777778,4508.64185474962,4646.24632076016
117710,APARTAMENTO NO PARQUE DOS LAGOS,Parque dos Lagos,Zona Leste,2,1,1,48.0,191000.0,3979.16666666667,4175.19186695209,4646.24632076016
117032,APARTAMENTO PRÓX A AV DOM PEDRO,Ipiranga,Zona Oeste,2,1,1,57.0,191000.0,3350.87719298246,4227.19529650629,4568.83198282477
103856,Apartamento de 42m² 01 quarto para locação   Residencial Florida,Residencial Florida,Zona Sul,1,1,1,42.0,191000.0,4547.61904761905,4586.9287610429,7019.92781217448
83318,APARTAMENTO PRÓXIMO À RUA NITERÓI,Ribeirania,Zona Leste,2,1,1,46.0,191000.0,4152.17391304348,6622.45012983218,4646.24632076016
66170,Apartamento de 60m² com 02 quartos para venda   Planalto verde,Planalto Verde,Zona Oeste,2,1,1,60.0,191000.0,3183.33333333333,4021.97926976394,4568.83198282477
43412,APARTAMENTO PRÓXIMO À AVENIDA TREZE DE MAIO,Jardim Paulistano,Zona Leste,3,1,1,53.0,191000.0,3603.77358490566,4354.41245373771,4646.24632076016
27953,Apartamento   Padrão,Jardim Paulista,Zona Leste,1,1,1,23.0,191000.0,8304.34782608696,4839.65243893052,4646.24632076016
200600,Apartamento de 41m² com 02 quartos à venda   Reserva Imperial,Reserva Real,Zona Sul,2,1,1,41.0,165000.0,4024.39024390244,4252.08579993765,7019.92781217448
84188,OPORTUNIDADE APARTAMENTO TÉRREO PRÓXIMO A BANANAL,Jardim Zara,Zona Leste,2,3,1,55.0,185000.0,3363.63636363636,3994.52759311292,4646.24632076016
242924,Apartamento de 48m² com 02 quartos à venda   Residencial Jequitibá,Residencial Jequitiba,Zona Norte,2,1,1,48.0,192000.0,4000.0,4751.76900217579,4316.94719953754
234065,Apartamento de 48m² com 02 quartos á venda   Ipiranga,Ipiranga,Zona Oeste,2,1,1,48.0,192000.0,4000.0,4227.19529650629,4568.83198282477
222269,Apartamento de 40m² com 02 quartos para venda   Jardim Cybelli,Jardim Cybelli,Zona Oeste,2,1,1,40.0,192000.0,4800.0,4860.47619047619,4568.83198282477
220304,Apartamento de 51m² com 02 quartos para venda e locação   Presidente Médici,Presidente Medici,Zona Leste,2,1,1,51.0,192000.0,3764.70588235294,4508.64185474962,4646.24632076016
194666,EXCELENTE APARTAMENTO PARA VENDA NO BAIRRO RECANTO DA LAGOINHA,Ribeirania,Zona Leste,2,1,1,46.0,192000.0,4173.91304347826,6622.45012983218,4646.24632076016
184634,APARTAMENTO À VENDA NO PARQUE SÃO SEBASTIÃO,Parque Sao Sebastiao,Zona Leste,2,1,1,49.0,192000.0,3918.36734693878,4018.24997986766,4646.24632076016
184016,****OTIMO APARTAMENTO****,Parque dos Bandeirantes,Zona Leste,1,1,1,40.0,192000.0,4800.0,4072.45658506483,4646.24632076016
182063,APARTAMENTO PRÓXIMO À AVENIDA DOUTOR FRANCISCO JUNQUEIRA,Vila Seixas,Centro,1,1,1,42.0,192000.0,4571.42857142857,4862.36131633665,4114.37759196461
174791,EXCELENTE APARTAMENTO RESIDENCIAL 2 DORMITÓRIOS,Jardim Anhanguera,Zona Leste,2,2,2,62.0,192000.0,3096.77419354839,4372.03682882804,4646.24632076016
150491,Apartamento de 32m² 01 quarto para locação   Bonfim Paulista,Loteamento Santa Marta,Zona Norte,1,1,1,32.0,192000.0,6000.0,5386.60691471388,4316.94719953754
122717,EXCELENTE APARTAMENTO À VENDA NO BAIRRO VILA TIBÉRIO,Vila Amelia,Zona Oeste,2,1,1,66.0,192000.0,2909.09090909091,4740.17583820671,4568.83198282477
118373,Apartamento   Padrão,Jardim Zara,Zona Leste,2,2,1,55.0,192000.0,3490.90909090909,3994.52759311292,4646.24632076016
53294,Apartamento de 01 quarto para locação   Ana Maria,Vila Ana Maria,Zona Sul,1,1,1,31.0,192000.0,6193.54838709678,6534.36599324832,7019.92781217448
181208,LINDO APARTAMENTO NO PARQUE DOS LAGOS,Parque dos Lagos,Zona Leste,2,1,1,48.0,180000.0,3750.0,4175.19186695209,4646.24632076016
180833,APARTAMENTO NO GREENVILLE,Residencial Greenville,Zona Norte,2,1,1,44.0,180000.0,4090.90909090909,4670.88804474239,4316.94719953754
224216,Apartamento de 38m² com 01 quarto para venda   Parque Industrial Lagoinha,Parque Industrial Lagoinha,Zona Leste,1,1,1,38.0,181000.0,4763.15789473684,4502.88532269356,4646.24632076016
196991,Apartamento de 40m² com 02 quartos à venda   Jardim do Trêvo,Jardim do Trevo,Zona Oeste,2,1,1,40.0,185000.0,4625.0,4625.0,4568.83198282477
244901,Apartamento de 42m² com 02 quartos à venda   Jardim José Wilson Toni,Jardim Jose Wilson Toni,Zona Norte,2,1,1,42.0,195000.0,4642.85714285714,3558.22945254947,4316.94719953754
244520,Apartamento de 43m² com 02 quartos à venda   Valentina Figueiredo,Valentina Figueiredo,Zona Norte,2,1,1,43.0,195000.0,4534.88372093023,3736.9036213197,4316.94719953754
237335,Apartamento de 41m² com 02 quartos à venda   Conjunto Habitacional Sílvio Passalacqua,Conjunto Habitacional Silvio Passalacqua,Zona Oeste,2,1,1,41.0,195000.0,4756.09756097561,3620.71440927175,4568.83198282477
236303,Apartamento de 49m² com 01 dormitório à venda   Centro,Centro,Centro,1,1,1,49.0,195000.0,3979.59183673469,3969.0889863009,4114.37759196461
229613,Apartamento de 43m² com 02 quartos à venda   Chácaras Pedro Corrêa de Carvalho,Chacaras Pedro Correa de Carvalho,Zona Norte,2,1,1,43.0,195000.0,4534.88372093023,4124.52491399826,4316.94719953754
229103,Apartamento de 60m² com 02 quartos à venda   Planalto Verde,Planalto Verde,Zona Oeste,2,1,1,60.0,195000.0,3250.0,4021.97926976394,4568.83198282477
227969,Apartamento de 69m² com 02 quartos para locação e venda   Ipiranga,Ipiranga,Zona Oeste,2,1,1,69.0,195000.0,2826.08695652174,4227.19529650629,4568.83198282477
226268,Apartamento de 45m² com 02 quartos à venda   Jardim Manoel Penna,Jardim Manoel Penna,Zona Leste,2,1,1,45.0,195000.0,4333.33333333333,4812.40737129408,4646.24632076016
225695,Apartamento de 42m² com 02 quartos   Parque Industrial Lagoinha   Condomínio Lar México,Parque Residencial Lagoinha,Zona Leste,2,1,1,42.0,195000.0,4642.85714285714,3750.0,4646.24632076016
225617,Apartamento térreo de 40m² com 02 quartos à venda   Reserva Real,Reserva Real,Zona Sul,2,1,1,40.0,195000.0,4875.0,4252.08579993765,7019.92781217448
224924,Apartamento de 49m² com 01 quarto à venda   Centro,Centro,Centro,1,1,1,49.0,195000.0,3979.59183673469,3969.0889863009,4114.37759196461
217394,Apartamento de 42m² com 02 quartos à venda   Jardim José Wilson Toni,Jardim Jose Wilson Toni,Zona Norte,2,1,1,42.0,195000.0,4642.85714285714,3558.22945254947,4316.94719953754
213854,Apartamento térreo de 40m² com 02 quartos à venda   Jardim Cybelli,Jardim Cybelli,Zona Oeste,2,1,1,40.0,195000.0,4875.0,4860.47619047619,4568.83198282477
205148,Apartamento de 42m² mobiliado com 02 quartos para venda e locação   Vila Virgínia,Vila Virginia,Zona Oeste,2,1,1,42.0,195000.0,4642.85714285714,4199.44386633332,4568.83198282477
195308,***OTIMO APARTAMENTO****,Jardim Eugenio Mendes Lopes,Zona Oeste,3,1,1,44.0,195000.0,4431.81818181818,3240.00999000999,4568.83198282477
192653,EXCELENTE APARTAMENTO EM BONFIM PAULISTA,Jardim Santa Cecilia,Zona Norte,2,2,1,42.0,195000.0,4642.85714285714,4420.63492063492,4316.94719953754
191750,APARTAMENTO NO JARDIM CASTELO BRANCO,Jardim Castelo Branco,Zona Leste,1,1,1,41.0,195000.0,4756.09756097561,4046.86527169807,4646.24632076016
188423,Apartamento   Padrão,Ipiranga,Zona Oeste,2,1,1,69.0,195000.0,2826.08695652174,4227.19529650629,4568.83198282477
182564,APARTAMENTO PRÓXIMO À RODOVIA ALEXANDRE BALBO,Jardim Heitor Rigon,Zona Norte,2,1,1,43.0,195000.0,4534.88372093023,3530.62855692946,4316.94719953754
182210,Apartamento de 46m² com 01 quarto à venda  Jardim Paulista,Jardim Paulista,Zona Leste,1,1,1,46.0,195000.0,4239.13043478261,4839.65243893052,4646.24632076016
165755,Apartamento Vila Virginia,Jardim Maria Goretti,Zona Norte,2,1,1,45.0,195000.0,4333.33333333333,4801.35263407689,4316.94719953754
165653,Apartamento de 42m² com 02 quartos para venda   Bonfim Paulista,Jardim Santa Cecilia,Zona Norte,2,1,1,42.0,195000.0,4642.85714285714,4420.63492063492,4316.94719953754
162974,APARTAMENTO PRÓXIMO À AVENIDA PORTUGAL,City Ribeirao,Zona Sul,2,1,1,46.0,195000.0,4239.13043478261,5481.73996829135,7019.92781217448
162578,Apartamento de 01 quarto para venda   Jardim Irajá,Jardim Iraja,Zona Sul,1,1,1,37.0,195000.0,5270.27027027027,5843.60369977321,7019.92781217448
149711,APARTAMENTO PRÓXIMO À RODOVIA ANHANGUERA,Jardim Florestan Fernandes,Zona Norte,2,1,1,42.0,195000.0,4642.85714285714,4173.34114617131,4316.94719953754
147713,APARTAMENTO PRÓXIMO À RODOVIA ANTÔNIO MACHADO SANTANNA,Residencial Jequitiba,Zona Norte,2,1,1,41.0,195000.0,4756.09756097561,4751.76900217579,4316.94719953754
142007,Apartamento de 43m² com 02 quartos á venda   Jardim Interlagos,Jardim Interlagos,Zona Leste,2,1,1,43.0,195000.0,4534.88372093023,4158.11293993337,4646.24632076016
140429,Imóvel próximo ao Buffet Alphaville,Reserva Real,Zona Sul,2,1,1,41.0,195000.0,4756.09756097561,4252.08579993765,7019.92781217448
140309,APARTAMENTO PRÓXIMO AO PARQUE CARLOS RAYA,Condominio Itamaraty,Zona Oeste,1,1,1,35.0,195000.0,5571.42857142857,5336.72097624817,4568.83198282477
125066,Apartamento de 44m² de 01 quarto à venda   Jardim Paulistano,Jardim Paulistano,Zona Leste,1,1,1,44.0,195000.0,4431.81818181818,4354.41245373771,4646.24632076016
115805,APARTAMENTO PRÓXIMO À USP,Sumarezinho,Zona Oeste,2,1,1,46.0,195000.0,4239.13043478261,4702.46841942496,4568.83198282477
74894,Apartamento   Padrão,Parque Industrial Lagoinha,Zona Leste,2,1,1,48.0,195000.0,4062.5,4502.88532269356,4646.24632076016
68504,Apartamento de 01 quarto para locação   Nova Aliança,Nova Alianca,Zona Sul,1,1,1,40.0,195000.0,4875.0,7235.27815404702,7019.92781217448
67151,Apartamento de 41m² com 01 quarto à venda   Vila Amélia,Vila Amelia,Zona Oeste,1,1,1,41.0,195000.0,4756.09756097561,4740.17583820671,4568.83198282477
240923,Apartamento de 47m² com 02 quartos à venda   Jardim Helena;,Conjunto Habitacional Jardim das Palmeiras,Zona Norte,2,1,1,47.0,196000.0,4170.21276595745,3512.02019163783,4316.94719953754
136295,Apartamento de 31m² com 01 quarto para locação   Jardim Irajá,Jardim Iraja,Zona Sul,1,1,1,31.0,190000.0,6129.03225806452,5843.60369977321,7019.92781217448
217238,Apartamento de 48m² com 02 quartos à venda   Geraldo Correia de Carvalho,Geraldo Correia de Carvalho,Zona Norte,2,1,1,48.0,197000.0,4104.16666666667,3405.81955922865,4316.94719953754
183398,APARTAMENTO PARQUE DOS LAGOS,Parque dos Lagos,Zona Leste,2,1,1,45.0,197000.0,4377.77777777778,4175.19186695209,4646.24632076016
160187,Apartamento de 41m² com 02 quartos à venda   Residencial Jequitibá,Residencial Jequitiba,Zona Norte,2,1,1,41.0,197000.0,4804.87804878049,4751.76900217579,4316.94719953754
222743,Apartamento de 41m² com 01 quarto à venda   Parque São Sebastião,Parque Sao Sebastiao,Zona Leste,1,1,1,41.0,170000.0,4146.34146341463,4018.24997986766,4646.24632076016
241160,Apartamento de 40m com 01 quarto à venda   Parque dos Bandeirantes,Parque dos Bandeirantes,Zona Leste,1,1,1,40.0,187000.0,4675.0,4072.45658506483,4646.24632076016
233621,Apartamento/Padrão   Residencial   No bairro Jardim das Palmeiras   Vitta Recanto da Mata,Jardim das Palmeiras,Zona Norte,2,1,1,48.0,198000.0,4125.0,3249.37764351271,4316.94719953754
146126,"APARTAMENTO TÉRREO, PRÓXIMO À RODOVIA ANHANGUERA",Jardim Manoel Penna,Zona Leste,2,1,1,45.0,198000.0,4400.0,4812.40737129408,4646.24632076016
36374,APARTAMENTO NA VILA ANA MARIA,Vila Ana Maria,Zona Sul,1,1,1,20.0,198000.0,9900.0,6534.36599324832,7019.92781217448
145790,**LANÇAMENTO NO PARQUE DOS SERVIDORES**,Recreio Anhanguera,Zona Leste,2,1,1,63.0,198500.0,3150.79365079365,3703.72991676345,4646.24632076016
245294,Apartamento de 50 m² com 2 quartos e Piscina para venda no Jardim Anhanguera.,Jardim Anhanguera,Zona Leste,2,1,1,50.0,199000.0,3980.0,4372.03682882804,4646.24632076016
244193,Apartamento de 47m² com 02 quartos à venda   Jardim Paulistano,Jardim Paulistano,Zona Leste,2,1,1,47.0,199000.0,4234.04255319149,4354.41245373771,4646.24632076016
243215,Apartamento de 44m² com 01 quarto para venda   Nova Aliança,Nova Alianca,Zona Sul,1,1,1,44.0,199000.0,4522.72727272727,7235.27815404702,7019.92781217448
234293,Apartamento de 42m² com 01 quarto à venda   Nova Aliança,Nova Alianca,Zona Sul,1,1,1,42.0,199000.0,4738.09523809524,7235.27815404702,7019.92781217448
201257,Apartamento de 41m² com 01 quarto à venda   Nova Aliança,Nova Alianca,Zona Sul,1,1,1,41.0,199000.0,4853.65853658537,7235.27815404702,7019.92781217448
146999,Apartamento de 02 quartos para locação   Ipiranga,Ipiranga,Zona Oeste,2,1,1,55.0,199000.0,3618.18181818182,4227.19529650629,4568.83198282477
129689,Apartamento de 45m² com 02 quartos para venda   Sumarezinho,Sumarezinho,Zona Oeste,2,1,1,45.0,199000.0,4422.22222222222,4702.46841942496,4568.83198282477
235523,Apartamento de 40m² com 02 quartos à venda   Recreio das Acácias,Recreio das Acacias,Zona Leste,2,1,1,40.0,190000.0,4750.0,5924.20433221203,4646.24632076016
155336,Apartamento de 69m² com 01 quarto à venda   Centro,Centro,Centro,1,1,1,69.0,276000.0,4000.0,3969.0889863009,4114.37759196461
206840,Apartamento de 105m² com 02 suítes para locação e venda   Parque Industrial Lagoinha,Parque Residencial Lagoinha,Zona Leste,2,3,1,105.0,300000.0,2857.14285714286,3750.0,4646.24632076016
140525,Apartamento de 46m² com 02 quartos para locação   Nova Aliança,Nova Alianca,Zona Sul,2,1,1,46.0,373000.0,8108.69565217391,7235.27815404702,7019.92781217448
218657,Apartamento de 57m² com 02 quartos à venda   Planalto Verde,Planalto Verde,Zona Oeste,2,2,2,57.0,179000.0,3140.35087719298,4021.97926976394,4568.83198282477
73130,Apartamento de 61m² com 03 quartos para locação   Alto da Boa Vista,Alto da Boa Vista,Zona Sul,3,2,1,61.0,243800.0,3996.72131147541,5935.13838933655,7019.92781217448
221957,Apartamento de 66m² com 03 quartos sendo 01 suíte à venda   Parque Industrial Lagoinha,Parque Industrial Lagoinha,Zona Leste,3,2,1,66.0,245000.0,3712.12121212121,4502.88532269356,4646.24632076016
93758,Apartamento de 59m² com 01 quarto para a locação e venda   Centro,Centro,Centro,1,1,1,59.0,270000.0,4576.27118644068,3969.0889863009,4114.37759196461
16148,APARTAMENTO NO PARQUE INDUSTRIAL LAGOINHA,Parque Industrial Lagoinha,Zona Leste,3,2,1,66.0,300000.0,4545.45454545455,4502.88532269356,4646.24632076016
20330,Apartamento de 79m² com 03 quartos para locação e venda   Nova Ribeirânia,Nova Ribeirania,Zona Leste,3,1,1,79.0,319000.0,4037.9746835443,6636.64015183677,4646.24632076016
137399,Apartamento de 85m² com 02 quartos para locação e venda   Jardim Palma Travassos,Jardim Palma Travassos,Zona Leste,2,2,1,85.0,310000.0,3647.05882352941,4725.02380139251,4646.24632076016
198359,Apartamento de 63m² com 02 quartos para venda e locação   Campos Elíseos,Campos Eliseos,Zona Norte,2,1,1,63.0,350000.0,5555.55555555556,4308.89631323999,4316.94719953754
188396,Apartamento de 53m² com 02 quartos para locação e venda   Nova Aliança,Nova Alianca,Zona Sul,2,1,1,53.0,350000.0,6603.77358490566,7235.27815404702,7019.92781217448
237806,Apartamento de 33m² com 01 quarto para venda   Ribeirânia,Ribeirania,Zona Leste,1,1,1,33.0,370000.0,11212.1212121212,6622.45012983218,4646.24632076016
232793,Apartamento de 62m² com 02 quartos para locação e venda   Loteamento Santa Marta,Loteamento Santa Marta,Zona Norte,2,2,1,62.0,400000.0,6451.61290322581,5386.60691471388,4316.94719953754
188513,Apartamento de 140m² com 03 quartos para locação   Centro,Centro,Centro,3,3,1,140.0,550000.0,3928.57142857143,3969.0889863009,4114.37759196461
84929,Apartamento de 138 m² com 03 quartos   Jardim Sumaré.,Jardim Sumare,Zona Sul,3,3,2,138.0,560000.0,4057.97101449275,6366.17718327786,7019.92781217448
205376,Apartamento de 281m² com 04 suítes à venda   Jardim Irajá,Jardim Iraja,Zona Sul,4,5,4,281.0,1950000.0,6939.50177935943,5843.60369977321,7019.92781217448
223271,Apartamento de 180m² com 03 suítes à venda   Residencial Alto do Ipê,Residencial Alto do Ipe,Zona Sul,3,4,3,180.0,2000000.0,11111.1111111111,8694.05961893228,7019.92781217448
170465,Apartamento de 254m² com 03 quartos à venda   Jardim Olhos D`Água II,Jardim Olhos DAgua,Zona Sul,3,4,4,254.0,2018186.0,7945.61417322835,9706.16858313729,7019.92781217448
166778,Apartamento de 254m² com 04 quartos à venda   Jardim Olhos D`Água II,Jardim Olhos DAgua,Zona Sul,3,4,4,254.0,2073602.0,8163.7874015748,9706.16858313729,7019.92781217448
225128,Apartamento mobiliado de 45m² com 02 quartos para venda e locação   Vila Guiomar,Vila Guiomar,Zona Norte,2,1,1,45.0,279000.0,6200.0,5616.68624226764,4316.94719953754
196052,Apartamento de 50m² com 01 quarto para locação  Alto da Boa Vista,Alto da Boa Vista,Zona Sul,1,1,1,50.0,360000.0,7200.0,5935.13838933655,7019.92781217448
92426,Apartamento de 125m² com 03 quartos   Centro,Centro,Centro,3,3,2,125.0,580000.0,4640.0,3969.0889863009,4114.37759196461
188000,Apartamento de 137m² com 03 quartos à venda   Jardim São Luiz,Jardim Sao Luiz,Zona Sul,3,5,2,137.0,1300000.0,9489.05109489051,5775.49648772587,7019.92781217448
207722,Apartamento de 237m² com 03 suítes à venda   Ilhas do Sul,Jardim Ilhas do Sul,Zona Sul,3,5,4,237.0,1900000.0,8016.8776371308,8797.52735990227,7019.92781217448
206459,Apartamento de 237m² com 03 quartos para à venda   Jardim Ilhas do Sul,Jardim Ilhas do Sul,Zona Sul,3,6,4,237.0,2100000.0,8860.75949367089,8797.52735990227,7019.92781217448
206447,Apartamento de 237m² com 03 quartos para locação e venda   Jardim Ilhas do Sul,Jardim Ilhas do Sul,Zona Sul,3,6,4,237.0,2100000.0,8860.75949367089,8797.52735990227,7019.92781217448
188045,Apartamento de 218m² com 03 suítes à venda   Bosque das Juritis,Bosque das Juritis,Zona Sul,3,4,3,218.0,2120000.0,9724.77064220184,8028.33244392152,7019.92781217448
242606,Lançamento: Léman View   Apartamento de 236m² com 03 suítes à venda   Ilhas do Sul,Jardim Ilhas do Sul,Zona Sul,3,4,3,236.0,2128320.0,9018.30508474576,8797.52735990227,7019.92781217448
193634,Apartamento de 281m² com 03 suítes à venda   Jardim Irajá,Jardim Iraja,Zona Sul,3,5,4,281.0,2000000.0,7117.43772241993,5843.60369977321,7019.92781217448
213614,Lançamento Artse   Apartamento de 237m² com 04 suítes à venda   Jardim Ilhas do Sul,Jardim Ilhas do Sul,Zona Sul,4,6,3,237.0,2169998.87,9156.11337552743,8797.52735990227,7019.92781217448
215762,Apartamento de 158m² com 04 quartos para locação e venda   Centro,Centro,Centro,4,4,2,158.0,400000.0,2531.64556962025,3969.0889863009,4114.37759196461
180332,Apartamento de 35m² com 01 quartos para locação e venda   Vila Seixas,Vila Seixas,Centro,1,1,1,35.0,290000.0,8285.71428571429,4862.36131633665,4114.37759196461
123242,Apartamento mobiliado de 01 quarto com 46m² para locação   Jd Botânico,Jardim Botanico,Zona Sul,1,1,1,46.0,320000.0,6956.52173913044,7403.36272123417,7019.92781217448
224810,Apartamento de 60m² com 2 quartos à venda   Jardim Paulista,Jardim Paulista,Zona Leste,2,2,1,60.0,330000.0,5500.0,4839.65243893052,4646.24632076016
163307,Flat mobiliado de 32m² com 01 quarto para locação e venda   Nova Aliança,Nova Alianca,Zona Sul,1,1,1,32.0,375000.0,11718.75,7235.27815404702,7019.92781217448
237506,Apartamento de 72m² com 02 quartos sendo 01 suíte para locação   Santa Cruz do José Jacques,Santa Cruz do Jose Jacques,Zona Sul,2,2,1,72.0,390000.0,5416.66666666667,6190.18466407645,7019.92781217448
82364,Apartamento de 107m² com 03 quartos para venda e locação   Centro,Centro,Centro,3,2,1,107.0,370000.0,3457.94392523365,3969.0889863009,4114.37759196461
130658,Apartamento de 47m² com 02 quartos á venda   Alto do Ipiranga,Alto do Ipiranga,Zona Oeste,2,1,1,47.0,260000.0,5531.91489361702,4537.91893063963,4568.83198282477
221528,Apartamento de 140m² com 03 suítes para venda   Jardim Botânico,Jardim Botanico,Zona Sul,3,4,3,140.0,1250000.0,8928.57142857143,7403.36272123417,7019.92781217448
219002,Apartamento de 292m² com 04 suítes à venda   Jardim Botânico,Jardim Botanico,Zona Sul,4,7,4,292.0,2250000.0,7705.4794520548,7403.36272123417,7019.92781217448
213617,Lançamento Artse   Apartamento de 237m² com 04 suítes à venda   Jardim Ilhas do Sul,Jardim Ilhas do Sul,Zona Sul,4,6,3,237.0,2256798.82,9522.35789029536,8797.52735990227,7019.92781217448
237983,Apartamento de 140m² com 02 quartos sendo 01 suíte para locação   Nova Aliança,Nova Alianca,Zona Sul,2,2,1,140.0,410000.0,2928.57142857143,7235.27815404702,7019.92781217448
214931,Apartamento de 254m² com 03 suítes à venda   Jardim Olhos D`Água,Jardim Olhos DAgua,Zona Sul,3,5,4,254.0,2294824.0,9034.74015748032,9706.16858313729,7019.92781217448
217385,Apartamento de 49m² com 02 quartos para locação e venda   Jardim Novo Mundo,Jardim Novo Mundo,Zona Leste,2,1,1,49.0,265000.0,5408.16326530612,5425.53576663943,4646.24632076016
243512,Apartamento de 39m² com 01 quarto para locação e venda   Nova Aliança,Nova Alianca,Zona Sul,1,1,1,39.0,290000.0,7435.89743589744,7235.27815404702,7019.92781217448
234470,Apartamento mobiliado de 47 m² com 02 quartos para locação e venda   Condomínio Mirante Sul.,Condominio Mirante Sul,Zona Sul,2,1,1,47.0,295000.0,6276.59574468085,5048.35903353727,7019.92781217448
86879,Apartamento de 44m² com 01 quarto para locação e venda   Nova Aliança,Nova Alianca,Zona Sul,1,1,1,44.0,350000.0,7954.54545454546,7235.27815404702,7019.92781217448
43052,Apartamento de 03 quartos para locação   Centro,Centro,Centro,3,4,2,124.0,650000.0,5241.93548387097,3969.0889863009,4114.37759196461
234530,Apartamento de 82m² com 03 quartos para locação   Parque Anhangüera,Parque Anhanguera,Zona Leste,3,2,1,82.0,350000.0,4268.29268292683,4177.86557112983,4646.24632076016
218366,Apartamento de 65m² com 03 quartos à venda   Sumarezinho,Sumarezinho,Zona Oeste,3,2,1,65.0,424000.0,6523.07692307692,4702.46841942496,4568.83198282477
195494,Apartamento de 57m² com 02 quartos   Vila Tibério,Ipiranga,Zona Oeste,2,1,1,57.0,305000.0,5350.87719298246,4227.19529650629,4568.83198282477
79592,Apartamento para locação com 3 quartos   Jardim Irajá,Jardim Iraja,Zona Sul,3,2,1,85.0,350000.0,4117.64705882353,5843.60369977321,7019.92781217448
75596,Apartamento de 63m² com 02 quartos para locação e venda   Jardim Botânico,Jardim Botanico,Zona Sul,2,2,2,63.0,386000.0,6126.98412698413,7403.36272123417,7019.92781217448
71054,Apartamento de 78m² com 02 quartos para locação e venda   Bonfim Paulista,Bonfim Paulista,Zona Sul,2,1,2,78.0,382000.0,4897.4358974359,8197.59279884853,7019.92781217448
242255,Apartamento de 94m² com 03 quartos para locação e venda   Ribeirânia,Ribeirania,Zona Leste,3,3,2,94.0,400000.0,4255.31914893617,6622.45012983218,4646.24632076016
165449,Apartamento de 74m² com 02 quartos à venda   Santa Cruz do José Jacques,Santa Cruz do Jose Jacques,Zona Sul,2,2,1,74.0,405000.0,5472.97297297297,6190.18466407645,7019.92781217448
153947,Apartamento de 71m² com 02 quartos para locação e venda   Jardim Botânico,Jardim Botanico,Zona Sul,2,2,1,71.0,425000.0,5985.91549295775,7403.36272123417,7019.92781217448
223586,Apartamento de 298m² com 04 suítes à venda   Jardim Olhos D`Água,Jardim Olhos DAgua,Zona Sul,4,6,4,298.0,2452598.0,8230.19463087248,9706.16858313729,7019.92781217448
163142,Apartamento de 298m² com 04 quartos à venda   Jardim Olhos D`Água II,Jardim Olhos DAgua,Zona Sul,4,5,4,298.0,2479791.0,8321.44630872483,9706.16858313729,7019.92781217448
212678,Apartamento de 51m² com 02 quartos para locação e venda   Jardim Novo Mundo,Jardim Novo Mundo,Zona Leste,2,1,1,51.0,295000.0,5784.3137254902,5425.53576663943,4646.24632076016
242162,Apartamento de 227m² com 03 suítes à venda   Jardim Ilhas do Sul,Jardim Ilhas do Sul,Zona Sul,3,6,4,227.0,2499000.0,11008.8105726872,8797.52735990227,7019.92781217448
206003,Apartamento 44m² com 01 quarto para locação   Centro,Centro,Centro,1,1,1,44.0,200000.0,4545.45454545455,3969.0889863009,4114.37759196461
237737,Apartamento de 48m² com 02 quartos para locação e venda   Quinta da Primavera,Quinta da Primavera,Zona Sul,2,1,1,48.0,350000.0,7291.66666666667,8334.13944069942,7019.92781217448
212069,Apartamento de 72m² com 02 quartos sendo 1 suíte porteira fechada   Parque dos Bandeirantes,Parque dos Bandeirantes,Zona Leste,2,2,1,72.0,350000.0,4861.11111111111,4072.45658506483,4646.24632076016
177920,Apartamento de 46m² com 01 quartos para venda e locação   Jardim Botânico,Jardim Botanico,Zona Sul,1,1,1,46.0,350000.0,7608.69565217391,7403.36272123417,7019.92781217448
240563,Apartamento de 168m² com 04 quartos para locação e venda   Centro,Centro,Centro,4,2,1,168.0,350000.0,2083.33333333333,3969.0889863009,4114.37759196461
243830,Apartamento de 55m² com 02 quartos para locação e venda   Iguatemi,Iguatemi,Zona Norte,2,1,1,55.0,370000.0,6727.27272727273,4838.13811749042,4316.94719953754
243578,Apartamento mobiliado de 31m² com 01 quarto para locação e venda   Ribeirânia,Ribeirania,Zona Leste,1,1,1,31.0,371000.0,11967.7419354839,6622.45012983218,4646.24632076016
227117,Apartamento de 45m² com 02 quartos para locação e venda   Bonfim Paulista,Quinta da Primavera,Zona Sul,2,1,1,45.0,375000.0,8333.33333333333,8334.13944069942,7019.92781217448
90617,Apartamento de 113m² com 03 quartos para locação e venda   Centro,Centro,Centro,3,2,1,113.0,380000.0,3362.83185840708,3969.0889863009,4114.37759196461
216896,Apartamento de 80m² com 02 quartos à venda   Vila Tibério,Vila Tiberio,Zona Oeste,3,2,2,80.0,390000.0,4875.0,5772.27801236641,4568.83198282477
242894,Apartamento de 71m² com 02 quartos sendo 01 suíte para locação e venda   Bonfim Paulista,Bonfim Paulista,Zona Sul,2,2,1,71.0,450000.0,6338.02816901409,8197.59279884853,7019.92781217448
242309,Apartamento de 111m² com 03 quartos para venda e locação   Alto da Boa Vista,Alto da Boa Vista,Zona Sul,3,3,1,111.0,460000.0,4144.14414414414,5935.13838933655,7019.92781217448
242180,Apartamento de 75m² com 02 quartos para locação e venda   Nova Aliança,Nova Alianca,Zona Sul,2,2,2,75.0,480000.0,6400.0,7235.27815404702,7019.92781217448
237302,Apartamento de 102m² com 03 quartos para locação e venda   Vila Ana Maria,Vila Ana Maria,Zona Sul,3,3,2,102.0,500000.0,4901.96078431373,6534.36599324832,7019.92781217448
226496,Apartamento de 82m² com 02 quartos à venda   Jardim Nova Aliança Sul,Jardim Nova Alianca Sul,Zona Sul,2,2,2,82.0,520000.0,6341.46341463415,6999.09526420546,7019.92781217448
219242,Apartamento de 53m² com 02 quartos sendo 01 suíte para locação e venda   Nova Aliança,Nova Alianca,Zona Sul,2,2,1,53.0,520000.0,9811.32075471698,7235.27815404702,7019.92781217448
150653,Apartamento de 134m² com 03 quartos para locação   Jardim Sumaré,Jardim Sumare,Zona Sul,3,3,1,134.0,530000.0,3955.22388059702,6366.17718327786,7019.92781217448
235760,Apartamento de 212m² com 03 quartos para locação e venda   Centro,Centro,Centro,3,3,2,212.0,780000.0,3679.24528301887,3969.0889863009,4114.37759196461
240140,Apartamento duplex de 239m² com 03 suítes à venda   Jardim Canadá,Jardim Canada,Zona Sul,3,5,3,239.0,2500000.0,10460.2510460251,7006.02337064892,7019.92781217448
208265,Apartamento de 254m² com 03 suítes à venda   Jardim Olhos D`Água,Jardim Olhos DAgua,Zona Sul,3,5,4,254.0,2500000.0,9842.51968503937,9706.16858313729,7019.92781217448
215585,Apartamento de 367m² com 04 quartos à venda   Jardim Olhos D`Água,Jardim Olhos DAgua,Zona Sul,4,4,3,367.0,2572110.0,7008.47411444142,9706.16858313729,7019.92781217448
243635,Apartamento de 54m² com 01 suíte para locação e venda   Jardim São Luiz,Jardim Sao Luiz,Zona Sul,1,2,1,54.0,380000.0,7037.03703703704,5775.49648772587,7019.92781217448
129623,Apartamento de 152m² com 03 suítes à venda   Centro,Centro,Centro,4,6,2,152.0,500000.0,3289.47368421053,3969.0889863009,4114.37759196461
128363,APARTAMENTO NO GRAND PRIVILEGE,Jardim Botanico,Zona Sul,4,6,2,310.0,2699000.0,8706.45161290323,7403.36272123417,7019.92781217448
239999,Apartamento de 83m² com 02 quartos para locação e venda   Nova Aliança,Nova Alianca,Zona Sul,2,2,2,83.0,425000.0,5120.48192771084,7235.27815404702,7019.92781217448
244847,Apartamento de 49m² com 02 quartos para locação e venda   Jardim Olhos D`Água,Setor Central,Centro,2,1,1,49.0,470000.0,9591.83673469388,9591.83673469388,4114.37759196461
173078,Apartamento de 59m² com 02 quartos para locação e venda   Ribeirânia,Ribeirania,Zona Leste,2,2,1,59.0,479000.0,8118.64406779661,6622.45012983218,4646.24632076016
124070,Apartamento de 112m² com 03 quartos para venda   Nova Aliança,Nova Alianca,Zona Sul,3,3,2,112.0,615000.0,5491.07142857143,7235.27815404702,7019.92781217448
200123,APARTAMENTO NO CAMPOS ELÍSEOS,Campos Eliseos,Zona Norte,2,1,1,120.0,650000.0,5416.66666666667,4308.89631323999,4316.94719953754
167954,Apartamento de 55m² com 02 quartos para venda e locação   Iguatemi,Iguatemi,Zona Norte,2,1,1,55.0,385000.0,7000.0,4838.13811749042,4316.94719953754
232718,Apartamento à venda com 02 quartos sendo 01 suíte   Vila Ana Maria,Vila Ana Maria,Zona Sul,2,2,1,70.0,450000.0,6428.57142857143,6534.36599324832,7019.92781217448
128366,Apartamento   Padrão,Jardim Botanico,Zona Sul,4,6,2,310.0,2797600.0,9024.51612903226,7403.36272123417,7019.92781217448
116216,Apartamento de 83m² com 02 quartos para locação e venda   Vila Seixas,Vila Seixas,Centro,2,2,2,83.0,477000.0,5746.98795180723,4862.36131633665,4114.37759196461
164522,Apartamento de 64m² com 02 quartos para locação e venda   Vila Monte Alegre,Vila Monte Alegre,Zona Oeste,2,2,1,64.0,390000.0,6093.75,5171.67916226382,4568.83198282477
234983,Apartamento de 109m² com 03 quartos para locação   Parque dos Bandeirantes,Parque dos Bandeirantes,Zona Leste,3,3,2,109.0,425000.0,3899.08256880734,4072.45658506483,4646.24632076016
220121,Apartamento de 134m² com 03 quartos sendo 01 suíte para locação   Jardim Sumaré,Jardim Sumare,Zona Sul,3,3,1,134.0,450000.0,3358.20895522388,6366.17718327786,7019.92781217448
226295,Apartamento de 35m² com 01 quarto para locação   Jardim Botânico,Jardim Botanico,Zona Sul,1,1,1,35.0,477000.0,13628.5714285714,7403.36272123417,7019.92781217448
216410,Apartamento de 77m² com 02 quartos para locação   Jardim Nova Aliança Sul,Jardim Nova Alianca Sul,Zona Sul,2,2,1,77.0,520000.0,6753.24675324675,6999.09526420546,7019.92781217448
133595,Apartamento de 92m² com 02 suítes para locação e venda   Jardim Botânico,Jardim Botanico,Zona Sul,2,2,1,92.0,530000.0,5760.86956521739,7403.36272123417,7019.92781217448
85190,Apartamento de 56m² com 02 quartos para locação e venda   Bosque das Juritis,Bosque das Juritis,Zona Sul,2,1,1,56.0,530000.0,9464.28571428571,8028.33244392152,7019.92781217448
88367,Apartamento de 03 quartos para locação   Jardim Botânico,Jardim Botanico,Zona Sul,3,2,2,75.0,600000.0,8000.0,7403.36272123417,7019.92781217448
196724,Apartamento de 283m² com 04 suítes à venda   Jardim Ilhas do Sul,Jardim Ilhas do Sul,Zona Sul,4,5,3,283.0,2824710.0,9981.3074204947,8797.52735990227,7019.92781217448
167957,Apartamento de 55m² com 02 quartos para venda e locação   Iguatemi,Iguatemi,Zona Norte,2,1,1,55.0,395000.0,7181.81818181818,4838.13811749042,4316.94719953754
235046,Apartamento de 104m² com 03 quartos para venda e locação   Bosque das Juritis,Bosque das Juritis,Zona Sul,3,3,2,104.0,540000.0,5192.30769230769,8028.33244392152,7019.92781217448
163235,Apartamento de 34 m² com 1 quarto   Centro,Centro,Centro,1,1,1,34.0,190000.0,5588.23529411765,3969.0889863009,4114.37759196461
229586,Apartamento de 376m² com 04 suítes para locação   Ilhas do Sul,Jardim Ilhas do Sul,Zona Sul,4,7,5,376.0,3600000.0,9574.46808510638,8797.52735990227,7019.92781217448
241874,Apartamento de 191m² com 03 suítes para locação e venda   Vila do Golf,Vila do Golf,Zona Sul,3,5,3,191.0,3000000.0,15706.8062827225,9872.36315439169,7019.92781217448
213509,Apartamento de 298m² 04 suítes para locação e venda   Jardim Olhos D`Água,Jardim Olhos DAgua,Zona Sul,4,5,4,298.0,3000000.0,10067.1140939597,9706.16858313729,7019.92781217448
234233,Apartamento de 345m² com 04 suítes à venda   Residencial Morro do Ipê,Residencial Morro do Ipe,Zona Sul,3,5,4,345.0,3500000.0,10144.9275362319,10501.5511367323,7019.92781217448
217487,Apartamento de 40m² com 02 quartos à venda   Jardim Cybelli,Jardim Cybelli,Zona Oeste,2,1,1,40.0,150000.0,3750.0,4860.47619047619,4568.83198282477
57191,Apartamento de 53 m² com 03 quartos   Jardim Paulistano,Jardim Paulistano,Zona Leste,3,1,1,53.0,160000.0,3018.8679245283,4354.41245373771,4646.24632076016
179207,Apartamento de 49m² com 01 quarto à venda   Centro,Centro,Centro,1,1,1,49.0,170000.0,3469.38775510204,3969.0889863009,4114.37759196461
85556,Apartamento   Padrão,Centro,Centro,1,1,1,64.0,170000.0,2656.25,3969.0889863009,4114.37759196461
228110,Apartamento de 57m² com 02 quartos à venda  Jardim Paulista,Jardim Paulista,Zona Leste,2,1,1,57.0,175000.0,3070.17543859649,4839.65243893052,4646.24632076016
184787,Apartamento de 48m² com 02 quartos à venda   Bairro Bonfim Paulista,Jardim Sao Fernando,Zona Oeste,2,1,1,48.0,180000.0,3750.0,4718.15476190476,4568.83198282477
95033,Apartamento de 47m² com 02 quartos para locação   Parque São Sebastião,Parque Sao Sebastiao,Zona Leste,2,1,1,47.0,180000.0,3829.78723404255,4018.24997986766,4646.24632076016
220082,Apartamento de 43m² com 02 quartos à venda   Santa Marta em Bonfim Paulista,Loteamento Santa Marta,Zona Norte,2,1,1,43.0,185000.0,4302.32558139535,5386.60691471388,4316.94719953754
214004,Apartamento de 42m² 02 quarto para locação   Avelino Alves Palma,Quintino Facci II,Zona Norte,2,1,1,42.0,185000.0,4404.76190476191,3658.03558245004,4316.94719953754
208001,Apartamento de 34m² com 01 quarto à venda   Residencial Greenville,Residencial Greenville,Zona Norte,1,1,1,34.0,185000.0,5441.17647058824,4670.88804474239,4316.94719953754
206876,Apartamento de 43m² com 02 quartos à venda   Loteamento Santa Marta,Loteamento Santa Marta,Zona Norte,2,1,1,43.0,185000.0,4302.32558139535,5386.60691471388,4316.94719953754
191351,APARTAMENTO PRÓXIMO À RUA JOÃO BIM,Jardim Paulistano,Zona Leste,3,1,1,81.0,185000.0,2283.95061728395,4354.41245373771,4646.24632076016
117512,Apartamento   Padrão,Vila Virginia,Zona Oeste,2,1,1,43.0,185000.0,4302.32558139535,4199.44386633332,4568.83198282477
84194,Apartamento   Padrão,Jardim Zara,Zona Leste,2,2,1,55.0,185000.0,3363.63636363636,3994.52759311292,4646.24632076016
148223,APARTAMENTO PRÓXIMO À RODOVIA ANTÔNIO MACHADO SANTANNA,Residencial Jequitiba,Zona Norte,2,1,1,41.0,190000.0,4634.14634146342,4751.76900217579,4316.94719953754
73982,APARTAMENTO PRÓXIMO À AVENIDA INDEPENDÊNCIA,Vila Seixas,Centro,1,1,1,43.0,190000.0,4418.60465116279,4862.36131633665,4114.37759196461
66830,APARTAMENTO NA VILA AMÉLIA,Vila Amelia,Zona Oeste,2,2,1,46.0,190000.0,4130.4347826087,4740.17583820671,4568.83198282477
150608,APARTAMENTO PRÓXIMO AO NOVO SHOPPING,Residencial Greenville,Zona Norte,2,1,1,47.0,191000.0,4063.82978723404,4670.88804474239,4316.94719953754
138116,Apartamento de 42m² 01 quarto à venda   Jardim Manoel Penna,Jardim Manoel Penna,Zona Leste,1,1,1,42.0,191000.0,4547.61904761905,4812.40737129408,4646.24632076016
176783,Apartamento de 46m² com 02 quartos à venda   Campos Elíseos,Campos Eliseos,Zona Norte,2,1,1,46.0,192000.0,4173.91304347826,4308.89631323999,4316.94719953754
226400,Apartamento de 44m² com 02 quartos à venda   Residencial Greenville,Residencial Greenville,Zona Norte,2,1,1,44.0,195000.0,4431.81818181818,4670.88804474239,4316.94719953754
209888,Apartamento de 43m² com 02 quartos para à venda   Parque dos Lagos,Residencial Parque dos Servidores,Zona Leste,2,1,1,43.0,195000.0,4534.88372093023,4474.21131539829,4646.24632076016
187766,Apartamento de 40m² com 01 quartos para locação   Vila Ana Maria,Vila Ana Maria,Zona Sul,1,1,1,40.0,195000.0,4875.0,6534.36599324832,7019.92781217448
174041,APARTAMENTO NO PARQUE INDUSTRIAL LAGOINHA,Parque Industrial Lagoinha,Zona Leste,2,1,1,42.0,195000.0,4642.85714285714,4502.88532269356,4646.24632076016
159461,EXCELENTE APARTAMENTO NOVO NA LAGOINHA,Jardim Castelo Branco,Zona Leste,2,1,1,40.0,195000.0,4875.0,4046.86527169807,4646.24632076016
14498,EXCELENTE APARTAMENTO TÉRREO PARA VENDA NO BAIRRO JARDIM IRAJÁ,Jardim Iraja,Zona Sul,1,1,1,38.0,195000.0,5131.57894736842,5843.60369977321,7019.92781217448
241826,Apartamento de 46m² com 2 quartos para locação e venda   Ipiranga,Ipiranga,Zona Oeste,2,1,1,46.0,200000.0,4347.82608695652,4227.19529650629,4568.83198282477
240545,Apartamento de 48m² com 02 quartos à venda   Jardim São Fernando,Jardim Sao Fernando,Zona Oeste,2,1,1,48.0,200000.0,4166.66666666667,4718.15476190476,4568.83198282477
239555,Apartamento de 69m² com 02 quartos para venda   Ipiranga,Ipiranga,Zona Oeste,2,1,1,69.0,200000.0,2898.55072463768,4227.19529650629,4568.83198282477
239024,Apartamento de 65 m² com 02 quartos para locação   Centro,Vila Seixas,Centro,2,1,1,65.0,200000.0,3076.92307692308,4862.36131633665,4114.37759196461
238991,Apartamento de 40m² para venda   Jardim Califórnia,Jardim California,Zona Sul,1,1,1,40.0,200000.0,5000.0,7048.58207831218,7019.92781217448
238898,Apartamento de 41m² com 02 quartos à venda   Reserva Real,Reserva Real,Zona Sul,2,1,1,41.0,200000.0,4878.04878048781,4252.08579993765,7019.92781217448
236405,Apartamento de 43m² com 02 quartos para locação e venda   Parque dos Lagos,Residencial Parque dos Servidores,Zona Leste,2,1,1,43.0,200000.0,4651.16279069768,4474.21131539829,4646.24632076016
233123,Apartamento térreo de 40m² com 02 quartos à venda   Reserva Real,Reserva Real,Zona Sul,2,1,1,40.0,200000.0,5000.0,4252.08579993765,7019.92781217448
232796,Apartamento de 43m² com 02 quartos à venda   Jardim Heitor Rigon,Jardim Heitor Rigon,Zona Norte,2,1,1,43.0,200000.0,4651.16279069768,3530.62855692946,4316.94719953754
232049,Apartamento de 40m² com 02 quartos à venda   Parque dos Pinus,Parque dos Pinus,Zona Norte,2,1,1,40.0,200000.0,5000.0,4176.00482723577,4316.94719953754
231143,Apartamento de 47m² com 02 quartos para locação e venda,Reserva Sul Condominio,Zona Sul,2,1,1,47.0,200000.0,4255.31914893617,4662.25639219501,7019.92781217448
229679,Apartamento de 46m² com 02 quartos à   Ipiranga,Ipiranga,Zona Oeste,2,1,1,46.0,200000.0,4347.82608695652,4227.19529650629,4568.83198282477
228179,Apartamento 46m² com 02 quartos à venda   Parque Industrial Lagoinha,Parque Industrial Lagoinha,Zona Leste,2,1,1,46.0,200000.0,4347.82608695652,4502.88532269356,4646.24632076016
227963,Apartamento de 42 m² com 02 quartos à venda   Vila Virgínia,Vila Virginia,Zona Oeste,2,1,1,42.0,200000.0,4761.90476190476,4199.44386633332,4568.83198282477
225248,Apartamento de 40m² com 02 quartos para venda   Jardim Ouro Branco,Jardim Ouro Branco,Zona Leste,2,1,1,40.0,200000.0,5000.0,4456.14834639336,4646.24632076016
224726,Apartamento reformado de 42m² com 02 quartos à venda   Jardim João Rossi,Nova Alianca,Zona Sul,2,1,1,42.0,200000.0,4761.90476190476,7235.27815404702,7019.92781217448
222530,Apartamento de 40m² com 02 quartos para locação   Jardim Emília,Bonfim Paulista,Zona Sul,2,1,1,40.0,200000.0,5000.0,8197.59279884853,7019.92781217448
221756,Apartamento de 42m² com 02 quartos à venda   Jardim Santa Cecilia,Jardim Santa Cecilia,Zona Norte,2,1,1,42.0,200000.0,4761.90476190476,4420.63492063492,4316.94719953754
218546,Apartamento de 48m² com 02 quartos à venda   Ipiranga,Ipiranga,Zona Oeste,2,1,1,48.0,200000.0,4166.66666666667,4227.19529650629,4568.83198282477
216200,Apartamento de 41m² com 02 quartos à venda   Reserva Real,Reserva Real,Zona Sul,2,1,1,41.0,200000.0,4878.04878048781,4252.08579993765,7019.92781217448
215561,Apartamento de 55m² com 02 quartos à venda   Vila Virgínia,Vila Virginia,Zona Oeste,2,1,1,55.0,200000.0,3636.36363636364,4199.44386633332,4568.83198282477
215204,Apartamento de 80m² com 03 quartos para locação   Campos Eliseos,Campos Eliseos,Zona Norte,3,1,1,80.0,200000.0,2500.0,4308.89631323999,4316.94719953754
211157,Apartamento de 42 m² com 02 quartos à venda   Quintino Facci II,Quintino Facci II,Zona Norte,2,1,1,42.0,200000.0,4761.90476190476,3658.03558245004,4316.94719953754
210887,Apartamento de 43m² com 02 quartos para locação e venda   Valentina Figueiredo,Valentina Figueiredo,Zona Norte,2,1,1,43.0,200000.0,4651.16279069768,3736.9036213197,4316.94719953754
208622,Apartamento de 42m² com 02 quartos   Parque Industrial Lagoinha,Parque Industrial Lagoinha,Zona Leste,2,1,1,42.0,200000.0,4761.90476190476,4502.88532269356,4646.24632076016
206564,Apartamento de 42m² com 02 quartos à venda   Jardim Itaú,Jardim Itau,Zona Norte,2,1,1,42.0,200000.0,4761.90476190476,4105.97173905832,4316.94719953754
206054,Apartamento de 44m² com 02 quartos à venda   Ipiranga,Ipiranga,Zona Oeste,2,1,1,44.0,200000.0,4545.45454545455,4227.19529650629,4568.83198282477
204005,APARTAMENTO À VENDA NO BAIRRO RESIDENCIAL GREENVILLE,Residencial Greenville,Zona Norte,2,1,1,44.0,200000.0,4545.45454545455,4670.88804474239,4316.94719953754
201470,APARTAMENTO PRÓXIMO À VIA NORTE,Chacaras Pedro Correa de Carvalho,Zona Norte,2,1,1,56.0,200000.0,3571.42857142857,4124.52491399826,4316.94719953754
200183,APARTAMENTO DO JD INTERLAGOS,Jardim Interlagos,Zona Leste,2,1,1,63.0,200000.0,3174.60317460317,4158.11293993337,4646.24632076016
198668,APARTAMENTO NO RIBEIRÃO VERDE,Jardim Florestan Fernandes,Zona Norte,2,1,1,46.0,200000.0,4347.82608695652,4173.34114617131,4316.94719953754
198431,APARTAMENTO NO SUMAREZINHO,Sumarezinho,Zona Oeste,2,1,1,46.0,200000.0,4347.82608695652,4702.46841942496,4568.83198282477
196043,APARTAMENTO NO ADELINO SIMIONI,Adelino Simioni,Zona Norte,2,1,1,43.0,200000.0,4651.16279069768,4181.39534883721,4316.94719953754
193268,Apartamento de 42m² com 02 quartos à venda   Jardim Cybelli,Jardim Cybelli,Zona Oeste,2,1,1,42.0,200000.0,4761.90476190476,4860.47619047619,4568.83198282477
193244,ÓTIMO APARTAMENTO NO PALÁCIO DE WINDSOR,Reserva Real,Zona Sul,2,1,1,40.0,200000.0,5000.0,4252.08579993765,7019.92781217448
192611,APARTAMENTO NO PARQUE DOS MANACAS,Chacaras Pedro Correa de Carvalho,Zona Norte,2,1,1,43.0,200000.0,4651.16279069768,4124.52491399826,4316.94719953754
192026,Apartamento de 40m² com 02 quartos à venda   Jardim Cybelli,Jardim Cybelli,Zona Oeste,2,1,1,40.0,200000.0,5000.0,4860.47619047619,4568.83198282477
191567,APARTAMENTO NO DULTRA,Conjunto Habitacional Silvio Passalacqua,Zona Oeste,2,1,1,41.0,200000.0,4878.04878048781,3620.71440927175,4568.83198282477
190805,APRTAMENTO PRÓXIMO A QUITO JUNQUEIRA,Campos Eliseos,Zona Norte,3,2,1,59.0,200000.0,3389.83050847458,4308.89631323999,4316.94719953754
188138,Apartamento de 32m² de 01 quarto   Vila Ana Maria,Vila Ana Maria,Zona Sul,1,1,1,32.0,200000.0,6250.0,6534.36599324832,7019.92781217448
187940,APARTAMENTO PRÓXIMO AO SENAC,Campos Eliseos,Zona Norte,3,1,1,80.0,200000.0,2500.0,4308.89631323999,4316.94719953754
187616,APARTAMENTO NO RESERVA SUL PARA PERMUTAR,Reserva Sul Condominio,Zona Sul,2,1,1,46.0,200000.0,4347.82608695652,4662.25639219501,7019.92781217448
187016,"LINDO APARTAMENTO , NO PARQUE DOS LAGO",Parque dos Lagos,Zona Leste,2,1,1,49.0,200000.0,4081.63265306123,4175.19186695209,4646.24632076016
185129,Apartamento Sumarezinho com 2 Dormitórios,Sumarezinho,Zona Oeste,2,1,1,83.0,200000.0,2409.63855421687,4702.46841942496,4568.83198282477
182639,APARTAMENTO PRÓXIMO À AVENIDA VIRGILIO SOEIRA,Planalto Verde,Zona Oeste,2,1,1,42.0,200000.0,4761.90476190476,4021.97926976394,4568.83198282477
180443,APARTAMENTO PRÓXIMO À AV. LUZITANA,Jardim Marchesi,Zona Oeste,2,1,1,46.0,200000.0,4347.82608695652,3706.13254567216,4568.83198282477
180383,Apartamento de 40m² com 02 quartos para venda   Jardim Cybelli,Jardim Cybelli,Zona Oeste,2,1,1,40.0,200000.0,5000.0,4860.47619047619,4568.83198282477
180260,APARTAMENTO NO IPIRANGA,Ipiranga,Zona Oeste,1,1,1,50.0,200000.0,4000.0,4227.19529650629,4568.83198282477
180188,Apartamento de 43m² com 02 quartos para locação e venda   Reserva Macaúba,Reserva Macauba,Zona Norte,2,1,1,43.0,200000.0,4651.16279069768,4441.08952445151,4316.94719953754
179561,Apartamento de 02 quartos mobiliado para locação   Vila Virginia,Jardim Maria Goretti,Zona Norte,2,1,1,42.0,200000.0,4761.90476190476,4801.35263407689,4316.94719953754
172463,APARTAMENTO NA VILA SEIXAS,Vila Seixas,Centro,1,1,1,42.0,200000.0,4761.90476190476,4862.36131633665,4114.37759196461
169697,APARTAMENTO NO JARDIM PEDRA BRANCA,Jardim Pedra Branca,Zona Norte,2,1,1,42.0,200000.0,4761.90476190476,3820.60755336617,4316.94719953754
167579,APARTAMENTO NO NOVA ALIANÇA,Nova Alianca,Zona Sul,1,1,1,44.0,200000.0,4545.45454545455,7235.27815404702,7019.92781217448
165911,APARTAMENTO NO JARDIM SUMARÉ,Jardim Sumare,Zona Sul,1,1,1,44.0,200000.0,4545.45454545455,6366.17718327786,7019.92781217448
162113,APARTAMENTO PRÓXIMO À RUA GENERAL CÂMARA,Vila Maria Luiza,Zona Norte,2,1,1,57.0,200000.0,3508.77192982456,4653.00485819842,4316.94719953754
159005,APARTAMENTO PRÓXIMO À RODOVIA ANHANGUERA,Residencial Greenville,Zona Norte,2,1,1,46.0,200000.0,4347.82608695652,4670.88804474239,4316.94719953754
153941,APARTAMENTO PRÓXIMO À AVENIDA PIO XII,Vila Virginia,Zona Oeste,2,1,1,45.0,200000.0,4444.44444444444,4199.44386633332,4568.83198282477
153680,APARTAMENTO NA AVENIDA MIGUEL PADULLA,Jardim Sao Fernando,Zona Oeste,2,1,1,48.0,200000.0,4166.66666666667,4718.15476190476,4568.83198282477
151592,APARTAMENTO PRÓXIMO À AVENIDA HERÁCLITO FONTOURA SOBRAL PINTO,Reserva Sul Condominio,Zona Sul,2,1,1,46.0,200000.0,4347.82608695652,4662.25639219501,7019.92781217448
147038,APARTAMENTO PRÓXIMO À AVENIDA PIO XII,Vila Virginia,Zona Oeste,2,1,1,42.0,200000.0,4761.90476190476,4199.44386633332,4568.83198282477
143963,APARTAMENTO PRÓXIMO À RUA PADRE ANCHIETA,Sumarezinho,Zona Oeste,2,2,1,66.0,200000.0,3030.30303030303,4702.46841942496,4568.83198282477
143513,LINDO APARTAMENTO PRÓXIMO AO NOVO SHOPPING !!!!,Jardim Manoel Penna,Zona Leste,2,1,1,48.0,200000.0,4166.66666666667,4812.40737129408,4646.24632076016
142820,Apartamento   Padrão,Sumarezinho,Zona Oeste,2,1,1,46.0,200000.0,4347.82608695652,4702.46841942496,4568.83198282477
136190,Apartamento de 49m² com 01 quarto á venda   Centro,Centro,Centro,1,1,1,49.0,200000.0,4081.63265306123,3969.0889863009,4114.37759196461
134900,APARTAMENTO JARDIM MANOEL PENNA,Jardim Manoel Penna,Zona Leste,2,1,1,46.0,200000.0,4347.82608695652,4812.40737129408,4646.24632076016
134807,Apartamento   Padrão,Sumarezinho,Zona Oeste,2,1,1,46.0,200000.0,4347.82608695652,4702.46841942496,4568.83198282477
134630,APARTAMENTO PRÓXIMO À UNAERP,Presidente Medici,Zona Leste,2,1,1,55.0,200000.0,3636.36363636364,4508.64185474962,4646.24632076016
132398,Apartamento de 32m² com 01 quarto à venda   Jardim Irajá,Jardim Iraja,Zona Sul,1,1,1,32.0,200000.0,6250.0,5843.60369977321,7019.92781217448
132344,APARTAMENTO PARA INVESTIMENTO RENTÁVEL,Parque Sao Sebastiao,Zona Leste,2,1,1,46.0,200000.0,4347.82608695652,4018.24997986766,4646.24632076016
130082,Apartamento de 36m² com 01 quarto para venda e locação   Parque Industrial Lagoinha,Parque Industrial Lagoinha,Zona Leste,1,1,1,36.0,200000.0,5555.55555555556,4502.88532269356,4646.24632076016
129353,Apartamento de 46m² com 02 quartos para venda   Ribeirânia,Ribeirania,Zona Leste,2,1,1,46.0,200000.0,4347.82608695652,6622.45012983218,4646.24632076016
125777,Apartamento de 32m² 01 quarto para locação   Bonfim Paulista,Loteamento Santa Marta,Zona Norte,1,1,1,32.0,200000.0,6250.0,5386.60691471388,4316.94719953754
122396,Apartamento de 66m² com 02 quartos para locação   Vila Amélia,Vila Amelia,Zona Oeste,2,2,1,66.0,200000.0,3030.30303030303,4740.17583820671,4568.83198282477
121598,Apartamento de 40m² com 01 quarto à venda   Centro,Vila Seixas,Centro,1,1,1,40.0,200000.0,5000.0,4862.36131633665,4114.37759196461
118766,Imóvel próximo à Avenida Antônio Ferrarezi,Reserva Real,Zona Sul,2,1,1,40.0,200000.0,5000.0,4252.08579993765,7019.92781217448
117791,***ÓTIMO APARTAMENTO NO PALMARES***,Residencial e Comercial Palmares,Zona Leste,2,2,1,62.0,200000.0,3225.8064516129,3830.73455662616,4646.24632076016
115976,APARTAMENTO PRÓXIMO À AVENIDA TREZE DE MAIO,Jardim Paulistano,Zona Leste,2,1,1,46.0,200000.0,4347.82608695652,4354.41245373771,4646.24632076016
115778,APARTAMENTO NO BAIRRO JARDIM IRAJA,Jardim Iraja,Zona Sul,1,1,1,36.0,200000.0,5555.55555555556,5843.60369977321,7019.92781217448
114398,Apartamento de 74m² com 03 quartos sendo 02 suites à venda   Lagoinha,Parque Industrial Lagoinha,Zona Leste,3,2,1,74.0,200000.0,2702.7027027027,4502.88532269356,4646.24632076016
112175,APARTAMENTO NO ANA MARIA,Vila Ana Maria,Zona Sul,1,1,1,43.0,200000.0,4651.16279069768,6534.36599324832,7019.92781217448
104708,APARTAMENTO NO RESIDENCIAL GREENVILLE,Residencial Greenville,Zona Norte,1,1,1,34.0,200000.0,5882.35294117647,4670.88804474239,4316.94719953754
104597,"Apartamento de 46,36 m² com 02 quartos para locação e venda   Jardim Itaú",Jardim Itau,Zona Norte,2,1,1,36.0,200000.0,5555.55555555556,4105.97173905832,4316.94719953754
102287,APARTAMENTO PRÓXIMO AO NOVO SHOPPING,Parque dos Lagos,Zona Leste,2,1,1,60.0,200000.0,3333.33333333333,4175.19186695209,4646.24632076016
99941,APARTAMENTO PRÓXIMO À AVENIDA MEIRA JÚNIOR,Jardim Paulista,Zona Leste,1,1,1,48.0,200000.0,4166.66666666667,4839.65243893052,4646.24632076016
99029,Apartamento   Padrão,Jardim Paulista,Zona Leste,1,1,1,46.0,200000.0,4347.82608695652,4839.65243893052,4646.24632076016
97280,Apartamento de 56m² com 01 quarto para venda   Centro,Centro,Centro,1,1,1,56.0,200000.0,3571.42857142857,3969.0889863009,4114.37759196461
97001,apartamento de 37m² com 01 quarto   Centro,Centro,Centro,1,1,1,37.0,200000.0,5405.40540540541,3969.0889863009,4114.37759196461
96134,EXCELENTE APARTAMENTO NO CENTRO,Centro,Centro,1,1,1,48.0,200000.0,4166.66666666667,3969.0889863009,4114.37759196461
95237,Apartamento   Padrão,Jardim Iraja,Zona Sul,1,1,1,55.0,200000.0,3636.36363636364,5843.60369977321,7019.92781217448
95045,Apartamento de 02 quartos para venda   Monte Alegre,Vila Monte Alegre,Zona Oeste,2,1,1,56.0,200000.0,3571.42857142857,5171.67916226382,4568.83198282477
94802,Apartamento de 48m² com 02 quartos para locação   Parque dos Pinus,Parque dos Pinus,Zona Norte,2,1,1,48.0,200000.0,4166.66666666667,4176.00482723577,4316.94719953754
94175,Apartamento de 49m² com 02 quartos para locação e venda   Jardim Sumaré,Jardim Sumare,Zona Sul,2,1,1,49.0,200000.0,4081.63265306123,6366.17718327786,7019.92781217448
92807,APARTAMENTO NO IPIRANGA,Ipiranga,Zona Oeste,2,1,1,42.0,200000.0,4761.90476190476,4227.19529650629,4568.83198282477
91241,Apartamento de 51m² 01 quarto para locação   Centro,Centro,Centro,1,1,1,51.0,200000.0,3921.56862745098,3969.0889863009,4114.37759196461
87920,Apartamento de 42m² com 02 quartos para venda   Ipiranga,Ipiranga,Zona Oeste,2,1,1,42.0,200000.0,4761.90476190476,4227.19529650629,4568.83198282477
86588,Apartamento de 37m² com 01 quarto para locação   Jardim Irajá,Jardim Iraja,Zona Sul,1,1,1,37.0,200000.0,5405.40540540541,5843.60369977321,7019.92781217448
86510,APARTAMENTO PRÓXIMO À AVENIDA SENADOR CÉSAR VERGUEIRO,Jardim Sao Luiz,Zona Sul,1,1,1,30.0,200000.0,6666.66666666667,5775.49648772587,7019.92781217448
69749,Apartamento de 37m² com 01 quarto à venda   Presidente Médici,Presidente Medici,Zona Leste,1,1,1,37.0,200000.0,5405.40540540541,4508.64185474962,4646.24632076016
68054,Apartamento de 49m² com 02 quartos sendo 01 suíte para venda   Sumarezinho,Sumarezinho,Zona Oeste,2,2,1,49.0,200000.0,4081.63265306123,4702.46841942496,4568.83198282477
64466,Apartamento de 40m² com 01 quarto à venda  Vila Seixas,Vila Seixas,Centro,1,1,1,40.0,200000.0,5000.0,4862.36131633665,4114.37759196461
15893,Apartamento de 37m² com 01 quarto à venda   Jardim Nova Aliança,Nova Alianca,Zona Sul,1,1,1,37.0,200000.0,5405.40540540541,7235.27815404702,7019.92781217448
5846,Apartamento de 49m² com 01 quarto   Centro,Centro,Centro,1,1,1,49.0,200000.0,4081.63265306123,3969.0889863009,4114.37759196461
5747,Apartamento de 48m² com 01 quarto   Higienópolis,Higienopolis,Centro,1,1,1,48.0,200000.0,4166.66666666667,3745.12101181726,4114.37759196461
174599,Apartamento de 48m² com 02 quartos Reserva sul,Reserva Sul Condominio,Zona Sul,2,1,1,48.0,201000.0,4187.5,4662.25639219501,7019.92781217448
240998,Apartamento de 43m² com 02 quartos à venda   Santa Marta em Bonfim Paulista,Loteamento Santa Marta,Zona Norte,2,1,1,43.0,202000.0,4697.67441860465,5386.60691471388,4316.94719953754
238946,Apartamento de 52m² com 02 quartos à venda   Jardim Palma Travassos,Jardim Palma Travassos,Zona Leste,2,1,1,52.0,202000.0,3884.61538461539,4725.02380139251,4646.24632076016
185675,Apartamento de 40m² com 02 quartos à venda   Jardim Ouro Branco,Jardim Ouro Branco,Zona Leste,2,1,1,40.0,202000.0,5050.0,4456.14834639336,4646.24632076016
177650,APARTAMENTO NPRÓXIMO AO CENTRO,Campos Eliseos,Zona Norte,1,1,1,42.0,202000.0,4809.52380952381,4308.89631323999,4316.94719953754
171587,APARTAMENTO PARA VENDA NO BAIRRO JARDIM INTERLAGOS,Jardim Interlagos,Zona Leste,3,1,1,63.0,202000.0,3206.34920634921,4158.11293993337,4646.24632076016
168470,APARTAMENTO NO JARDIM OURO BRANCO,Jardim Ouro Branco,Zona Leste,2,1,1,52.0,202000.0,3884.61538461539,4456.14834639336,4646.24632076016
151877,Apartamento de 74m² com 03 quartos para locação   Residencial e Comercial Palmares,Residencial e Comercial Palmares,Zona Leste,3,2,1,74.0,202000.0,2729.72972972973,3830.73455662616,4646.24632076016
147974,APARTAMENTO PRÓXIMO À VIA NORTE,Ipiranga,Zona Oeste,2,1,1,44.0,202000.0,4590.90909090909,4227.19529650629,4568.83198282477
138836,Apartamento de 46m² 01 quarto para locação e venda   Jardim Paulista,Jardim Paulista,Zona Leste,1,1,1,46.0,202000.0,4391.30434782609,4839.65243893052,4646.24632076016
117038,Apartamento de 31m² com 01 quarto à venda   Vila Ana Maria,Vila Ana Maria,Zona Sul,1,1,1,31.0,202000.0,6516.12903225806,6534.36599324832,7019.92781217448
101369,APARTAMENTO NO JARDIM PAULISTA,Jardim Paulista,Zona Leste,2,1,1,60.0,202000.0,3366.66666666667,4839.65243893052,4646.24632076016
96440,Apartamento de 37m² com 01 quarto para venda   Jardim Irajá,Jardim Iraja,Zona Sul,1,1,1,37.0,202000.0,5459.45945945946,5843.60369977321,7019.92781217448
106949,Apartamento de 01 quarto para venda   Jardim Sumaré,Jardim Sumare,Zona Sul,1,1,1,44.0,204000.0,4636.36363636364,6366.17718327786,7019.92781217448
82661,APARTAMENTO PRÓXIMO À VIA NORTE,Ipiranga,Zona Oeste,2,1,1,47.0,149000.0,3170.21276595745,4227.19529650629,4568.83198282477
168956,APARTAMENTO MOBILIADO NO JARDIM JOSÉ SAMPAIO JUNIOR,Jardim Jose Sampaio Junior,Zona Norte,2,1,1,41.0,190000.0,4634.14634146342,4089.5276809911,4316.94719953754
105659,Apartamento de 02 quartos para locação   Jardim Sumaré,Jardim Sumare,Zona Sul,2,1,1,49.0,190000.0,3877.55102040816,6366.17718327786,7019.92781217448
128351,APARTAMENTO NA REPUBLICA,Republica,Zona Oeste,2,1,1,57.0,198000.0,3473.68421052632,5849.08600873347,4568.83198282477
154979,APARTAMENTO PRÓXIMO À AVENIDA INDEPENDÊNCIA,Centro,Centro,1,1,1,43.0,199000.0,4627.90697674419,3969.0889863009,4114.37759196461
213347,Apartamento de 43m² com 02 quartos à venda   Santa Marta em Bonfim Paulista,Loteamento Santa Marta,Zona Norte,2,1,1,43.0,200000.0,4651.16279069768,5386.60691471388,4316.94719953754
244022,Apartamento próximo a Henry Nestle,Recreio Anhanguera,Zona Leste,2,1,1,48.0,205000.0,4270.83333333333,3703.72991676345,4646.24632076016
240809,Apartamento de 46m² com 02 quartos à venda   Ipiranga,Ipiranga,Zona Oeste,2,1,1,46.0,205000.0,4456.52173913044,4227.19529650629,4568.83198282477
238835,Apartamento de 46m² com 02 quartos à venda   Parque Industrial Lagoinha,Parque Industrial Lagoinha,Zona Leste,2,1,1,46.0,205000.0,4456.52173913044,4502.88532269356,4646.24632076016
237383,Apartamento de 45m² com 01 quarto para locação   Nova Aliança,Nova Alianca,Zona Sul,1,1,1,45.0,205000.0,4555.55555555556,7235.27815404702,7019.92781217448
237026,Apartamento de 44m² com 02 quartos à venda   Reserva São José,Reserva Sao Jose,Zona Norte,2,1,1,44.0,205000.0,4659.09090909091,6267.81462822185,4316.94719953754
214946,Apartamento de 43m² com 02 quartos à venda   Valentina Figueiredo,Valentina Figueiredo,Zona Norte,2,1,1,43.0,205000.0,4767.44186046512,3736.9036213197,4316.94719953754
193595,LINDO APARTAMENTO NA LAGOINHA,Parque Industrial Lagoinha,Zona Leste,2,1,1,42.0,205000.0,4880.95238095238,4502.88532269356,4646.24632076016
175367,APARTAMENTO EM BONFIM PAULISTA,Reserva Sul Condominio,Zona Sul,2,1,1,46.0,205000.0,4456.52173913044,4662.25639219501,7019.92781217448
159872,Apartamento de 39m² com 01 quarto à venda   Vila Ana Maria,Vila Ana Maria,Zona Sul,1,1,1,39.0,205000.0,5256.41025641026,6534.36599324832,7019.92781217448
137561,Apartamento 43m² com 02 quartos para Locação   Residencial Parque dos Servidores,Residencial Parque dos Servidores,Zona Leste,2,1,1,43.0,205000.0,4767.44186046512,4474.21131539829,4646.24632076016
127895,Apartamento de 47m² com 02 quartos para venda   Residencial Jequitibá,Residencial Jequitiba,Zona Norte,2,1,1,47.0,205000.0,4361.70212765957,4751.76900217579,4316.94719953754
115316,Apartamento   Padrão,Reserva Sul Condominio,Zona Sul,2,1,1,56.0,205000.0,3660.71428571429,4662.25639219501,7019.92781217448
239315,Apartamento de 02 quartos à venda   Vila Virgínia,Vila Virginia,Zona Oeste,2,1,1,55.0,181000.0,3290.90909090909,4199.44386633332,4568.83198282477
209240,Apartamento de 56m² com 02 quartos para locação e venda   Reserva Macaúba,Reserva Macauba,Zona Norte,2,1,1,56.0,207000.0,3696.42857142857,4441.08952445151,4316.94719953754
72161,Apartamento de 32m² com 01 quarto à venda   Jardim São Luiz,Jardim Sao Luiz,Zona Sul,1,1,1,32.0,207000.0,6468.75,5775.49648772587,7019.92781217448
30458,Apartamento de 67m² com 02 quartos para locação e venda   Jardim Anhanguera,Jardim Anhanguera,Zona Leste,2,2,1,67.0,159600.0,2382.08955223881,4372.03682882804,4646.24632076016
213539,Apartamento de 41m² com 02 quartos à venda   Residencial Jequitibá,Residencial Jequitiba,Zona Norte,2,1,1,41.0,169000.0,4121.9512195122,4751.76900217579,4316.94719953754
222968,Apartamento de 46m² com 02 quartos à venda   Jardim Marchesi,Jardim Marchesi,Zona Oeste,2,1,1,46.0,180000.0,3913.04347826087,3706.13254567216,4568.83198282477
79244,Apartamento de 46m² com 01 quartos à venda   Jardim Paulista,Jardim Paulista,Zona Leste,1,1,1,46.0,190000.0,4130.4347826087,4839.65243893052,4646.24632076016
232697,Apartamento de 40m² com 02 quartos à venda   Recreio das Acácias,Recreio das Acacias,Zona Leste,2,1,1,40.0,199900.0,4997.5,5924.20433221203,4646.24632076016
244709,"Apartamento térreo de 57,70m² com 02 Quartos para Venda   Alto da Boa Vista",Alto da Boa Vista,Zona Sul,2,1,1,70.0,210000.0,3000.0,5935.13838933655,7019.92781217448
243557,Apartamento de 49m² com 02 quartos à venda   Sumarezinho,Sumarezinho,Zona Oeste,2,1,1,49.0,210000.0,4285.71428571429,4702.46841942496,4568.83198282477
242462,Apartamento de 61m² com 02 quartos à venda   Ipiranga,Ipiranga,Zona Oeste,2,1,1,61.0,210000.0,3442.62295081967,4227.19529650629,4568.83198282477
242246,Apartamento de 42m² com 02 quartos à venda   Parque Residencial Lagoinha,Parque Industrial Lagoinha,Zona Leste,2,1,1,42.0,210000.0,5000.0,4502.88532269356,4646.24632076016
241973,Apartamento de 46m² com 02 quartos à venda   Vila Virgínia,Vila Virginia,Zona Oeste,2,1,1,46.0,210000.0,4565.21739130435,4199.44386633332,4568.83198282477
240665,Apartamento de 43m² à venda   Recreio das Acácias,Recreio das Acacias,Zona Leste,2,1,2,43.0,210000.0,4883.72093023256,5924.20433221203,4646.24632076016
239063,Apartamento de 40m² com 02 quartos à venda   Jardim Cybelli,Jardim Cybelli,Zona Oeste,2,1,1,40.0,210000.0,5250.0,4860.47619047619,4568.83198282477
238889,Apartamento de 47m² com 02 quartos à venda   Alto do Ipiranga,Alto do Ipiranga,Zona Oeste,2,1,1,47.0,210000.0,4468.08510638298,4537.91893063963,4568.83198282477
236972,Apartamento de 41m² com 01 quarto para locação e venda   Campos Elíseos,Campos Eliseos,Zona Norte,1,1,1,41.0,210000.0,5121.9512195122,4308.89631323999,4316.94719953754
233606,Apartamento de 42m² com 02 quartos à venda   Jardim Florestan Fernandes,Ribeirao Verde,Zona Norte,2,1,1,42.0,210000.0,5000.0,3480.98330241187,4316.94719953754
230120,Apartamento de 34m² com 01 quarto para locação e venda   Quintas de São José,Quintas de Sao Jose,Zona Norte,1,1,1,34.0,210000.0,6176.47058823529,6785.09085009028,4316.94719953754
226349,Apartamento de 44m² com 02 quartos à venda   Residencial Greenville,Residencial Greenville,Zona Norte,2,1,1,44.0,210000.0,4772.72727272727,4670.88804474239,4316.94719953754
226019,Apartamento de 51m² com 02 quartos à venda   Alto da Boa Vista,Alto da Boa Vista,Zona Sul,2,1,1,51.0,210000.0,4117.64705882353,5935.13838933655,7019.92781217448
224717,Apartamento de 71m² com 02 quartos   Vila Elisa,Vila Elisa,Zona Norte,2,1,2,71.0,210000.0,2957.74647887324,2617.37089201878,4316.94719953754
224393,Apartamento de 46m² com 02 quartos para locação e venda   Ribeirânia,Ribeirania,Zona Leste,2,1,1,46.0,210000.0,4565.21739130435,6622.45012983218,4646.24632076016
224378,Apartamento de 47m² com 02 quartos à venda   Alto do Ipiranga,Alto do Ipiranga,Zona Oeste,2,1,1,47.0,210000.0,4468.08510638298,4537.91893063963,4568.83198282477
222575,Apartamento de 32m² com 01 quarto à venda   Bonfim Paulista,Loteamento Santa Marta,Zona Norte,1,1,1,32.0,210000.0,6562.5,5386.60691471388,4316.94719953754
222401,Apartamento de 48m² com 02 quartos à venda   Residencial Jequitibá,Residencial Jequitiba,Zona Norte,2,1,1,48.0,210000.0,4375.0,4751.76900217579,4316.94719953754
219257,Apartamento de 66m² com 03 quartos sendo 01 suíte para locação e venda   Jardim Europa,Parque Industrial Lagoinha,Zona Leste,3,2,1,66.0,210000.0,3181.81818181818,4502.88532269356,4646.24632076016
216617,Apartamento de 40m² com 01 quarto para locação e venda   Alto da Boa Vista,Alto da Boa Vista,Zona Sul,1,1,1,40.0,210000.0,5250.0,5935.13838933655,7019.92781217448
201893,APARTAMENTO PRÓXIMO À VIA NORTE,Ipiranga,Zona Oeste,2,1,1,44.0,210000.0,4772.72727272727,4227.19529650629,4568.83198282477
200399,LINDO APARTAMENTO NO JARDIM ZARA,Jardim Zara,Zona Leste,2,1,1,58.0,210000.0,3620.68965517241,3994.52759311292,4646.24632076016
199655,APARTAMENTO LINDO MOBILIADO NO RIBEIRÃO VERDE,Jardim Florestan Fernandes,Zona Norte,2,1,1,60.0,210000.0,3500.0,4173.34114617131,4316.94719953754
192785,APARTAMENTO LOCALIZADO NA AV. CARAMURU,Alto da Boa Vista,Zona Sul,2,1,1,48.0,210000.0,4375.0,5935.13838933655,7019.92781217448
187415,APARTAMENTO NO RESERVA SUL,Reserva Sul Condominio,Zona Sul,2,1,1,46.0,210000.0,4565.21739130435,4662.25639219501,7019.92781217448
186122,Apartamento de 42m² com 02 quartos à venda   Recanto das Flores em Bonfim Paulista,Jardim Santa Cecilia,Zona Norte,2,1,1,42.0,210000.0,5000.0,4420.63492063492,4316.94719953754
183887,Apartamento de 63m² com 02 quartos à venda   Residencial e Comercial Palmares,Residencial e Comercial Palmares,Zona Leste,2,1,2,63.0,210000.0,3333.33333333333,3830.73455662616,4646.24632076016
181745,Apartamento de 57m² com 02 quartos à venda   Caramuru,Republica,Zona Oeste,2,1,1,57.0,210000.0,3684.21052631579,5849.08600873347,4568.83198282477
177950,Apartamento de 45 m² com 2 quartos  Lagoinha,Ribeirania,Zona Leste,2,1,1,45.0,210000.0,4666.66666666667,6622.45012983218,4646.24632076016
174902,Apartamento de 42m² com 02 quartos à venda   Jardim Maria Goretti,Jardim Maria Goretti,Zona Norte,2,1,1,42.0,210000.0,5000.0,4801.35263407689,4316.94719953754
165659,APARTAMENTO TÉRREO NO SUMAREZINHO,Sumarezinho,Zona Oeste,2,1,1,67.0,210000.0,3134.32835820896,4702.46841942496,4568.83198282477
161648,Apartamento de 2 quartos   Lagoinha,Parque Industrial Lagoinha,Zona Leste,2,1,1,46.0,210000.0,4565.21739130435,4502.88532269356,4646.24632076016
161369,Apartamento de 44m² com 02 quartos para locação   Residencial Greenville,Residencial Greenville,Zona Norte,2,1,1,44.0,210000.0,4772.72727272727,4670.88804474239,4316.94719953754
158927,APARTAMENTO PRÓXIMO À RODOVIA ALEXANDRE BALBO,Jardim Eugenio Mendes Lopes,Zona Oeste,2,1,1,65.0,210000.0,3230.76923076923,3240.00999000999,4568.83198282477
157586,APARTAMENTO 2 DORMITÓRIOS EM BONFIM PAULISTA,Jardim Sao Fernando,Zona Oeste,2,1,1,48.0,210000.0,4375.0,4718.15476190476,4568.83198282477
151469,APARTAMENTO TÉRREO NO IPIRANGA,Vila Recreio,Zona Norte,2,1,1,50.0,210000.0,4200.0,3984.05797101449,4316.94719953754
148619,APARTAMENTO PRÓXIMO AO ATACADÃO,Jardim Interlagos,Zona Leste,2,1,1,42.0,210000.0,5000.0,4158.11293993337,4646.24632076016
148538,APARTAMENTO PRÓXIMO À AVENIDA LUIS GALVÃO CÉSAR,Planalto Verde,Zona Oeste,3,2,1,70.0,210000.0,3000.0,4021.97926976394,4568.83198282477
147647,APARTAMENTO PRÓXIMO À AVENIDA PROFESSORA EDUL RANGEL RABELLO,Residencial Greenville,Zona Norte,2,1,1,44.0,210000.0,4772.72727272727,4670.88804474239,4316.94719953754
147212,APARTAMENTO EM ÓTIMA LOCALIZAÇÃO NO CAMPOS ELISEOS!,Campos Eliseos,Zona Norte,3,2,1,59.0,210000.0,3559.32203389831,4308.89631323999,4316.94719953754
142937,APARTAMENTO PRÓXIMO À AVENIDA PROFESSORA EDUL RANGEL RABELLO,Residencial Greenville,Zona Norte,2,1,1,44.0,210000.0,4772.72727272727,4670.88804474239,4316.94719953754
140450,APARTAMENTO DE 1 DORMITÓRIO NO NOVA ALIANÇA,Nova Alianca,Zona Sul,1,1,1,45.0,210000.0,4666.66666666667,7235.27815404702,7019.92781217448
130760,Apartamento   Padrão,Residencial Greenville,Zona Norte,2,1,1,44.0,210000.0,4772.72727272727,4670.88804474239,4316.94719953754
127439,Apartamento de 42m² com 02 quartos para venda   Planalto Verde,Planalto Verde,Zona Oeste,2,1,1,42.0,210000.0,5000.0,4021.97926976394,4568.83198282477
123833,APARTAMENTO PRÓXIMO À AVENIDA BARÃO DO BANANAL,Jardim Zara,Zona Leste,2,1,1,53.0,210000.0,3962.2641509434,3994.52759311292,4646.24632076016
123401,Apartamento duplex de 60m² com 01 quarto   Jardim Palma Travassos,Jardim Palma Travassos,Zona Leste,1,1,1,60.0,210000.0,3500.0,4725.02380139251,4646.24632076016
120470,Apartamento de 37m² com 01 quarto à venda   Nova Aliança,Nova Alianca,Zona Sul,1,1,1,37.0,210000.0,5675.67567567568,7235.27815404702,7019.92781217448
117248,Apartamento de 45m² com 02 quartos para locação e venda   Sumarezinho,Sumarezinho,Zona Oeste,2,1,1,45.0,210000.0,4666.66666666667,4702.46841942496,4568.83198282477
101975,Apartamento   Padrão,Parque Industrial Lagoinha,Zona Leste,3,2,1,66.0,210000.0,3181.81818181818,4502.88532269356,4646.24632076016
101666,APARTAMENTO EM BONFIM PAULISTA,Jardim San Marco,Zona Sul,1,1,1,41.0,210000.0,5121.9512195122,5989.54703832753,7019.92781217448
100067,APARTAMENTO NO JARDIM NOVA ALIANÇA,Nova Alianca,Zona Sul,1,1,1,37.0,210000.0,5675.67567567568,7235.27815404702,7019.92781217448
98309,"Apartamento de 01 quarto para locação , bairro Jd. Macedo",Jardim Macedo,Zona Leste,1,1,1,48.0,210000.0,4375.0,4049.64935899923,4646.24632076016
90842,Apartamento de 42m² com 02 quartos para venda   Vila Vírginia,Vila Virginia,Zona Oeste,2,1,1,42.0,210000.0,5000.0,4199.44386633332,4568.83198282477
90131,APARTAMENTO NO JARDIM NOVA ALIANÇA,Nova Alianca,Zona Sul,1,1,1,37.0,210000.0,5675.67567567568,7235.27815404702,7019.92781217448
88175,Apartamento de 69m² com 02 quartos à venda   Jardim Paulista,Jardim Paulista,Zona Leste,2,2,1,69.0,210000.0,3043.47826086957,4839.65243893052,4646.24632076016
87560,Apartamento de 02 quartos para locação   Jd. Presidente Médici,Presidente Medici,Zona Leste,2,1,1,72.0,210000.0,2916.66666666667,4508.64185474962,4646.24632076016
83183,Apartamento de 65m² com 03 quartos à venda   Av. do Café,Vila Amelia,Zona Oeste,3,1,1,65.0,210000.0,3230.76923076923,4740.17583820671,4568.83198282477
32162,Apartamento de 66m² com 02 quartos à venda   Vila Amélia,Vila Amelia,Zona Oeste,2,2,1,66.0,210000.0,3181.81818181818,4740.17583820671,4568.83198282477
99866,Apartamento duplex de 49m² com 01 quarto à venda   Centro,Centro,Centro,1,1,1,49.0,170000.0,3469.38775510204,3969.0889863009,4114.37759196461
108713,Apartamento de 45m² com 02 quartos à venda   Parque São Sebastião,Parque Sao Sebastiao,Zona Leste,2,1,1,45.0,180000.0,4000.0,4018.24997986766,4646.24632076016
100562,APARTAMENTO TÉRREO NO RESERVA SUL,Reserva Sul Condominio,Zona Sul,2,1,1,48.0,180000.0,3750.0,4662.25639219501,7019.92781217448
146708,APARTAMENTO PRÓXIMO À RODOVIA ANHANGUERA,Jardim Ouro Branco,Zona Leste,2,1,1,42.0,185000.0,4404.76190476191,4456.14834639336,4646.24632076016
158330,Apartamento de 48M² 02 Quartos a venda  Jardim Heitor Rigon,Jardim Heitor Rigon,Zona Norte,2,1,1,48.0,195000.0,4062.5,3530.62855692946,4316.94719953754
243017,Apartamento de 45m² com 02 quartos à venda   Lagoinha,Ribeirania,Zona Leste,2,1,1,45.0,212000.0,4711.11111111111,6622.45012983218,4646.24632076016
241253,Apartamento de 43m² com 02 quartos à venda   Jardim Interlagos,Jardim Interlagos,Zona Leste,2,1,1,43.0,212000.0,4930.23255813954,4158.11293993337,4646.24632076016
235556,Apartamento de 42m° com 01 quarto para à venda   Jardim Botânico,Jardim Botanico,Zona Sul,1,2,1,42.0,212000.0,5047.61904761905,7403.36272123417,7019.92781217448
222572,Apartamento de 47m² com 02 quartos à venda   Jardim Manoel Penna,Jardim Manoel Penna,Zona Leste,2,1,1,47.0,212000.0,4510.63829787234,4812.40737129408,4646.24632076016
221483,Apartamento de 57m² com 02 quartos para venda   Jardim Antártica,Jardim Antartica,Zona Oeste,2,1,1,57.0,212000.0,3719.29824561404,4464.91601599781,4568.83198282477
209393,Apartamento de 40m² com 02 quartos para locação e venda   Reserva São José,Reserva Sao Jose,Zona Norte,2,1,1,40.0,212000.0,5300.0,6267.81462822185,4316.94719953754
207785,Apartamento de 58 m² com 2 quartos à venda   Ipiranga,Ipiranga,Zona Oeste,2,1,1,58.0,212000.0,3655.1724137931,4227.19529650629,4568.83198282477
202631,APARTAMENTO NO JARDIM ZARA,Jardim Zara,Zona Leste,2,1,1,42.0,212000.0,5047.61904761905,3994.52759311292,4646.24632076016
202391,EXCELENTE APARTAMENTO PARA VENDA NO BAIRRO CAMPOS ELISEOS,Jardim Paulistano,Zona Leste,3,1,1,74.0,212000.0,2864.86486486487,4354.41245373771,4646.24632076016
196091,APARTAMENTO NA RIBEIRÂNIA,Ribeirania,Zona Leste,2,1,1,46.0,212000.0,4608.69565217391,6622.45012983218,4646.24632076016
195272,"APARTAMENTO NO PALMARES, 2 DORMITÓRIOS",Residencial e Comercial Palmares,Zona Leste,2,2,2,63.0,212000.0,3365.07936507937,3830.73455662616,4646.24632076016
190583,APARTAMENTO 2 DORMITÓRIOS NA VILA VIRGINIA,Vila Virginia,Zona Oeste,2,1,1,44.0,212000.0,4818.18181818182,4199.44386633332,4568.83198282477
187634,KIT PRÓXIMO À AVENIDA LEÃO XIII,Ribeirania,Zona Leste,1,1,1,37.0,212000.0,5729.72972972973,6622.45012983218,4646.24632076016
186578,Ótimo apartamento no Parque São Sebastião,Parque Sao Sebastiao,Zona Leste,2,2,1,59.0,212000.0,3593.22033898305,4018.24997986766,4646.24632076016
180461,APARTAMENTO NO RESERVA REAL,Reserva Real,Zona Sul,2,1,1,41.0,212000.0,5170.73170731707,4252.08579993765,7019.92781217448
177623,APARTAMENTO TÉRREO PRÓXIMO À RUA JAVARI,Jardim Jandaia,Zona Norte,2,1,1,42.0,212000.0,5047.61904761905,4103.36879432624,4316.94719953754
175463,APARTAMENTO NO RESERVA REAL,Reserva Real,Zona Sul,2,1,1,41.0,212000.0,5170.73170731707,4252.08579993765,7019.92781217448
175439,APARTAMENTO NO QUINTINO FACCI II,Quintino Facci II,Zona Norte,2,1,1,42.0,212000.0,5047.61904761905,3658.03558245004,4316.94719953754
174947,Apartamento de 03 quartos para venda   Jardim Sumaré,Jardim Sumare,Zona Sul,3,2,1,58.0,212000.0,3655.1724137931,6366.17718327786,7019.92781217448
170639,APARTAMENTO NO GERALDO CORREA DE CARVALHO,Geraldo Correia de Carvalho,Zona Norte,2,1,1,48.0,212000.0,4416.66666666667,3405.81955922865,4316.94719953754
167495,Apartamento de 43m² com 01 quarto e sacada à venda   Nova Aliança,Nova Alianca,Zona Sul,1,1,1,43.0,212000.0,4930.23255813954,7235.27815404702,7019.92781217448
156050,Apartamento de 32m² com 01 quarto para venda   Jardim Paulista,Jardim Paulista,Zona Leste,1,1,1,32.0,212000.0,6625.0,4839.65243893052,4646.24632076016
155369,APARTAMENTO PRÓXIMO À USP,Vila Amelia,Zona Oeste,1,1,1,35.0,212000.0,6057.14285714286,4740.17583820671,4568.83198282477
153932,APARTAMENTO TÉRREO PRÓXIMO A AVENIDA RECIFE,Jardim Florestan Fernandes,Zona Norte,2,1,1,42.0,212000.0,5047.61904761905,4173.34114617131,4316.94719953754
151757,APARTAMENTO PRÓXIMO À AVENIDA HERÁCLITO FONTOURA SOBRAL PINTO,Condominio Mirante Sul,Zona Sul,2,1,1,47.0,212000.0,4510.63829787234,5048.35903353727,7019.92781217448
146174,APARTAMENTO PRÓXIMO Á AVENIDA HENRY NESTLÉ,Jardim Interlagos,Zona Leste,2,1,1,69.0,212000.0,3072.46376811594,4158.11293993337,4646.24632076016
142199,Apartamento de 2 quartos para locação e venda   Vila Tamandaré,Vila Tamandare,Zona Norte,2,1,1,62.0,212000.0,3419.35483870968,3367.29624340591,4316.94719953754
141749,APARTAMENTO PRÓXIMO À AVENIDA BRAZ OLAIA ACOSTA,Vila Ana Maria,Zona Sul,1,1,1,39.0,212000.0,5435.89743589744,6534.36599324832,7019.92781217448
141560,Apartamento de 48m² com 02 quartos à venda   Parque São Sebastião,Parque Sao Sebastiao,Zona Leste,2,1,1,48.0,212000.0,4416.66666666667,4018.24997986766,4646.24632076016
138278,Apartamento de 42m² com 02 quartos à venda   Vila Virgínia,Vila Virginia,Zona Oeste,2,1,1,42.0,212000.0,5047.61904761905,4199.44386633332,4568.83198282477
133277,****APARTAMENTO PADRÃO****,Residencial Jequitiba,Zona Norte,2,1,1,76.0,212000.0,2789.47368421053,4751.76900217579,4316.94719953754
133001,Apartamento   Padrão,Sumarezinho,Zona Oeste,2,1,1,45.0,212000.0,4711.11111111111,4702.46841942496,4568.83198282477
127424,APARTAMENTO PRÓXIMO À UNAERP,Presidente Medici,Zona Leste,1,1,1,37.0,212000.0,5729.72972972973,4508.64185474962,4646.24632076016
122540,Apartamento de 42m² 02 quartos à venda   Parque dos Servidores,Residencial Parque dos Servidores,Zona Leste,2,1,1,42.0,212000.0,5047.61904761905,4474.21131539829,4646.24632076016
120713,APARTAMENTO PRÓXIMO À AVENIDA SAUDADE,Campos Eliseos,Zona Norte,2,1,1,40.0,212000.0,5300.0,4308.89631323999,4316.94719953754
106184,APARTAMENTO PRÓXIMO À RUA MARQUÊS DA CRUZ,Jardim Antartica,Zona Oeste,2,1,1,59.0,212000.0,3593.22033898305,4464.91601599781,4568.83198282477
100370,Apartamento de 48 m² com 02 quartos para venda   Alto Da Boa Vista,Alto da Boa Vista,Zona Sul,2,1,1,48.0,212000.0,4416.66666666667,5935.13838933655,7019.92781217448
99473,APARTAMENTO AVENIDA CARAMURU,Alto da Boa Vista,Zona Sul,2,1,1,48.0,212000.0,4416.66666666667,5935.13838933655,7019.92781217448
96872,Apartamento de 02 quartos para locação   Republica,Republica,Zona Oeste,2,2,1,54.0,212000.0,3925.92592592593,5849.08600873347,4568.83198282477
91778,Apartamento   Padrão,Vila Virginia,Zona Oeste,2,1,1,42.0,212000.0,5047.61904761905,4199.44386633332,4568.83198282477
80087,Apartamento de 02 quartos para locação   City Ribeirão,City Ribeirao,Zona Sul,2,1,1,46.0,212000.0,4608.69565217391,5481.73996829135,7019.92781217448
76295,Apartamento de 42m² com 01 quarto à venda   Vila Seixas,Vila Seixas,Centro,1,1,1,42.0,212000.0,5047.61904761905,4862.36131633665,4114.37759196461
50651,APARTAMENTO NO VILA ANA MARIA,Vila Ana Maria,Zona Sul,1,1,1,39.0,212000.0,5435.89743589744,6534.36599324832,7019.92781217448
5351,Apartamento de 43m² com 01 quarto á venda   Vila Seixas,Vila Seixas,Centro,1,1,1,43.0,212000.0,4930.23255813954,4862.36131633665,4114.37759196461
230426,Apartamento 43m² com 02 quartos para venda   Residencial Parque dos Servidores,Residencial Parque dos Servidores,Zona Leste,2,1,1,43.0,213000.0,4953.48837209302,4474.21131539829,4646.24632076016
155711,Apartamento de 48m² com 02 quartos à venda   Vila Maria Luiza,Vila Maria Luiza,Zona Norte,2,1,1,48.0,213000.0,4437.5,4653.00485819842,4316.94719953754
192752,Apartamento de 42m² com 01 quarto para venda   Vila Virgínia,Jardim Bela Vista,Zona Norte,1,1,1,42.0,179000.0,4261.90476190476,4261.90476190476,4316.94719953754
87983,Apartamento de 51m² com 02 quartos à venda   Presidente Medici,Presidente Medici,Zona Leste,2,1,1,51.0,185000.0,3627.45098039216,4508.64185474962,4646.24632076016
242222,Apartamento de 46m² com 02 quartos à venda   Lagoinha,Lagoinha,Zona Leste,2,1,1,46.0,209000.0,4543.47826086957,4212.79264214047,4646.24632076016
244769,Apartamento de 47m² com 02 quartos à venda   Mirante Sul,Condominio Mirante Sul,Zona Sul,2,1,1,47.0,215000.0,4574.46808510638,5048.35903353727,7019.92781217448
242627,Apartamento Térreo de 60m² com 02 quartos para venda   Jardim Ângelo Jurca,Jardim Angelo Jurca,Zona Norte,2,1,1,60.0,215000.0,3583.33333333333,3583.33333333333,4316.94719953754
230741,Apartamento térreo de 46m² com 02 quartos á venda   Campos Elíseos,Campos Eliseos,Zona Norte,2,1,1,46.0,215000.0,4673.91304347826,4308.89631323999,4316.94719953754
226412,Apartamento de 39m² com 02 quartos à venda   Parque São Sebastião,Parque Sao Sebastiao,Zona Leste,2,1,1,39.0,215000.0,5512.82051282051,4018.24997986766,4646.24632076016
225608,Apartamento térreo de 40m² com 02 quartos à venda   Reserva Real,Reserva Real,Zona Sul,2,1,1,40.0,215000.0,5375.0,4252.08579993765,7019.92781217448
204995,Apartamento de 47m² com 02 quartos à venda   Alto do Ipiranga,Alto do Ipiranga,Zona Oeste,2,1,1,47.0,215000.0,4574.46808510638,4537.91893063963,4568.83198282477
199505,Apartamento de 46m² com 02 quartos à venda   Ribeirânia,Ribeirania,Zona Leste,2,1,1,46.0,215000.0,4673.91304347826,6622.45012983218,4646.24632076016
194330,APARTAMENTO NO JARDIM ANANHGUERA,Jardim Anhanguera,Zona Leste,2,2,1,67.0,215000.0,3208.9552238806,4372.03682882804,4646.24632076016
193004,****APARTAMENTO NO JARDIM MANOEL PENNA****,Jardim Manoel Penna,Zona Leste,2,1,1,48.0,215000.0,4479.16666666667,4812.40737129408,4646.24632076016
192947,APARTAMENTO NO SUMAREZINHO,Sumarezinho,Zona Oeste,2,1,1,45.0,215000.0,4777.77777777778,4702.46841942496,4568.83198282477
189911,APARTAMENTO NO RESIDENCIAL JEQUITIBA,Residencial Jequitiba,Zona Norte,2,1,1,41.0,215000.0,5243.90243902439,4751.76900217579,4316.94719953754
175586,APARTAMENTO NO PARQUE DOS LAGOS,Parque dos Lagos,Zona Leste,2,1,1,45.0,215000.0,4777.77777777778,4175.19186695209,4646.24632076016
172034,Apartamento de 74m² com 03 quartos à venda   residencial e comercial Palmares,Residencial e Comercial Palmares,Zona Leste,3,2,2,74.0,215000.0,2905.40540540541,3830.73455662616,4646.24632076016
159518,Apartamento de 42m² com 02 quartos à venda   Vila Virgínia,Vila Virginia,Zona Oeste,2,1,1,42.0,215000.0,5119.04761904762,4199.44386633332,4568.83198282477
155846,Apartamento de 37m² com 01 quarto para locação   Nova Aliança,Nova Alianca,Zona Sul,1,1,1,37.0,215000.0,5810.81081081081,7235.27815404702,7019.92781217448
151808,Apartamento de 46m² com 02 quartos à venda   Ribeirânia,Ribeirania,Zona Leste,2,1,1,46.0,215000.0,4673.91304347826,6622.45012983218,4646.24632076016
149288,APARTAMENTO PRÓXIMO À AVENIDA CASTELO BRANCO,Parque Industrial Lagoinha,Zona Leste,2,1,1,46.0,215000.0,4673.91304347826,4502.88532269356,4646.24632076016
148502,APARTAMENTO NO MIRANTE SUL,Condominio Mirante Sul,Zona Sul,2,1,1,48.0,215000.0,4479.16666666667,5048.35903353727,7019.92781217448
143894,Apartamento de 45m² com 01 quarto à venda   Bairro Nova Aliança,Nova Alianca,Zona Sul,1,1,1,45.0,215000.0,4777.77777777778,7235.27815404702,7019.92781217448
141686,Apartamento de 44m² com 02 quartos à venda   Ipiranga,Ipiranga,Zona Oeste,2,1,1,44.0,215000.0,4886.36363636364,4227.19529650629,4568.83198282477
136349,Apartamento de 41m² com 02 quartos para locação e venda   Jardim José Sampaio Júnior,Jardim Jose Sampaio Junior,Zona Norte,2,1,1,41.0,215000.0,5243.90243902439,4089.5276809911,4316.94719953754
132593,APARTAMENTO NO JARDIM MANOEL PENA,Jardim Manoel Penna,Zona Leste,2,1,1,48.0,215000.0,4479.16666666667,4812.40737129408,4646.24632076016
103091,Apartamento de 02 quartos para locação e venda   Ribeirânia,Ribeirania,Zona Leste,2,1,1,45.0,215000.0,4777.77777777778,6622.45012983218,4646.24632076016
101936,APARTAMENTO NO JARDIM CALIFORNIA,Jardim California,Zona Sul,1,1,1,36.0,215000.0,5972.22222222222,7048.58207831218,7019.92781217448
98000,APARTAMENTO NO JARDIM CALIFÓRNIA,Jardim California,Zona Sul,1,1,1,36.0,215000.0,5972.22222222222,7048.58207831218,7019.92781217448
91097,Apartamento de 39m² com 01 quarto para locação   Nova Aliança,Nova Alianca,Zona Sul,1,1,1,39.0,215000.0,5512.82051282051,7235.27815404702,7019.92781217448
83054,APARTAMENTO CONDOMÍNIO RESERVA SUL,Reserva Sul Condominio,Zona Sul,2,2,1,55.0,215000.0,3909.09090909091,4662.25639219501,7019.92781217448
81893,Apartamento   Padrão,Centro,Centro,1,1,1,55.0,215000.0,3909.09090909091,3969.0889863009,4114.37759196461
78032,Apartamento mobiliado de 38m² com 01 quarto à venda   Jardim Iguatemi,Presidente Medici,Zona Leste,1,1,1,38.0,215000.0,5657.89473684211,4508.64185474962,4646.24632076016
57284,Apartamento de 43m² com 01 quarto para locação e venda   Vila Seixas,Vila Seixas,Centro,1,1,1,43.0,215000.0,5000.0,4862.36131633665,4114.37759196461
51713,Apartamento de 55m² á venda   Vila Virgínia,Vila Virginia,Zona Oeste,1,1,1,55.0,215000.0,3909.09090909091,4199.44386633332,4568.83198282477
189602,Apartamento de 42m² com 02 quartos à venda   Parque Industrial Lagoinha,Parque Industrial Lagoinha,Zona Leste,2,1,1,42.0,215500.0,5130.95238095238,4502.88532269356,4646.24632076016
187190,****APARTAMENTO NO JOSE FIGUEIRA****,Jardim Jose Figueira,Zona Norte,2,1,1,47.0,210000.0,4468.08510638298,3693.30137947159,4316.94719953754
226805,Apartamento de 43m² semi mobiliado com 02 quartos à venda   Reserva Macaúba,Reserva Macauba,Zona Norte,2,1,1,43.0,199000.0,4627.90697674419,4441.08952445151,4316.94719953754
238169,Apartamento de 48m² com 02 quartos à venda   Bonfim Paulista,Jardim Sao Fernando,Zona Oeste,2,1,1,48.0,219000.0,4562.5,4718.15476190476,4568.83198282477
225449,Apartamento de 48m² com 02 quartos à venda   Jardim José Sampaio Júnior,Jardim Jose Sampaio Junior,Zona Norte,2,1,1,48.0,160000.0,3333.33333333333,4089.5276809911,4316.94719953754
161756,Apartamento térreo de 50m² com 01 quarto à venda   Jardim Paulistano,Jardim Paulistano,Zona Leste,1,1,1,50.0,171000.0,3420.0,4354.41245373771,4646.24632076016
196358,APARTAMENTO NO MANOEL PENNA,Residencial Greenville,Zona Norte,2,1,1,44.0,180000.0,4090.90909090909,4670.88804474239,4316.94719953754
220016,Apartamento de 63m² com 03 quartos à venda   Jardim |nhanguera,Jardim Anhanguera,Zona Leste,3,2,1,63.0,185000.0,2936.50793650794,4372.03682882804,4646.24632076016
202820,Apartamento de 55m² com 02 quartos à venda   Residencial e Comercial Palmares,Residencial e Comercial Palmares,Zona Leste,2,2,1,55.0,190000.0,3454.54545454546,3830.73455662616,4646.24632076016
158996,APARTAMENTO PRÓXIMO À AVENIDA HENRI NESTLE,Residencial Parque dos Servidores,Zona Leste,2,1,1,45.0,190000.0,4222.22222222222,4474.21131539829,4646.24632076016
243287,Apartamento de 66m² com 02 quartos à venda   Parque dos Bandeirantes,Parque dos Bandeirantes,Zona Leste,2,1,1,66.0,195000.0,2954.54545454546,4072.45658506483,4646.24632076016
235448,Apartamento de 55m² com 02 quartos à venda   Vila Maria Luiza,Vila Maria Luiza,Zona Norte,2,1,1,55.0,200000.0,3636.36363636364,4653.00485819842,4316.94719953754
193604,APARTAMENTO NO IPIRANGA,Ipiranga,Zona Oeste,3,2,1,70.0,200000.0,2857.14285714286,4227.19529650629,4568.83198282477
155144,APARTAMENTO PRÓXIMO À AVENIDA PIO XII,Vila Virginia,Zona Oeste,2,1,1,46.0,200000.0,4347.82608695652,4199.44386633332,4568.83198282477
64898,Apartamento de 65 m² com 02 quartos para locação   Centro,Centro,Centro,2,1,1,65.0,200000.0,3076.92307692308,3969.0889863009,4114.37759196461
118235,APARTAMENTO PRÓXIMO À AVENIDA WLADIMIR MEIRELLES FERREIRA,Jardim Iraja,Zona Sul,1,1,1,38.0,202000.0,5315.78947368421,5843.60369977321,7019.92781217448
137465,APARTAMENTO COM LOCALIZAÇÃO PRIVILEGIADA NO JARDIM BOTÂNICO,Jardim Botanico,Zona Sul,1,1,1,44.0,210000.0,4772.72727272727,7403.36272123417,7019.92781217448
130514,Apartamento de 43m² com 02 quartos para venda   Residencial Parque dos Servidores,Residencial Parque dos Servidores,Zona Leste,2,1,1,43.0,210000.0,4883.72093023256,4474.21131539829,4646.24632076016
175646,APARTAMENTO NA CITY RIBEIRÃO,City Ribeirao,Zona Sul,2,1,1,49.0,212000.0,4326.5306122449,5481.73996829135,7019.92781217448
154754,Apartamento de 48m² com 02 quartos para venda   Reserva Sul Condomínio,Reserva Sul Condominio,Zona Sul,2,1,1,48.0,212000.0,4416.66666666667,4662.25639219501,7019.92781217448
91484,APARTAMENTO PRÓXIMO À AVENIDA INDEPENDÊNCIA,Centro,Centro,1,1,1,42.0,212000.0,5047.61904761905,3969.0889863009,4114.37759196461
243491,EXCELENTE APARTAMENTO PRÓXIMO À AVENIDA VIRGILIO SOEIRA,Jardim Jose Wilson Toni,Zona Norte,2,1,1,42.0,220000.0,5238.09523809524,3558.22945254947,4316.94719953754
242612,Apartamento de 42m² com 02 quartos à venda   Valentina Figueiredo,Valentina Figueiredo,Zona Norte,2,1,1,42.0,220000.0,5238.09523809524,3736.9036213197,4316.94719953754
240248,Apartamento de 39m² com 01 suíte à venda  Jardim Irajá,Jardim Iraja,Zona Sul,1,1,1,39.0,220000.0,5641.02564102564,5843.60369977321,7019.92781217448
240062,Apartamento de 63m² com 02 quartos à venda  Jardim Interlagos,Jardim Interlagos,Zona Leste,2,1,1,63.0,220000.0,3492.06349206349,4158.11293993337,4646.24632076016
235751,Apartamento de 38m² com 01 quarto à venda   Residencial Flórida,Residencial Florida,Zona Sul,1,1,1,38.0,220000.0,5789.47368421053,4586.9287610429,7019.92781217448
235442,Apartamento de 46m² com 02 quartos para venda e locação   Vila Abranches,Vila Abranches,Zona Norte,2,1,1,46.0,220000.0,4782.60869565217,3656.70906043577,4316.94719953754
234026,Apartamento de 42m² com 02 quartos á venda   Jardim Cybelli,Jardim Cybelli,Zona Oeste,2,1,1,42.0,220000.0,5238.09523809524,4860.47619047619,4568.83198282477
233201,Apartamento 48m² com 01 quarto à venda   Vila Seixas,Vila Seixas,Centro,1,1,1,48.0,220000.0,4583.33333333333,4862.36131633665,4114.37759196461
233045,Apartamento de 70m² com 02 quartos á venda   Centro,Centro,Centro,2,1,1,70.0,220000.0,3142.85714285714,3969.0889863009,4114.37759196461
230447,Apartamento com 40m² com 02 quartos para locação e venda   Jardim Emília,Bonfim Paulista,Zona Sul,2,1,1,40.0,220000.0,5500.0,8197.59279884853,7019.92781217448
230393,Apartamento de 47m² com 02 quartos à venda   Parque dos Bandeirantes,Parque dos Bandeirantes,Zona Leste,2,2,1,47.0,220000.0,4680.85106382979,4072.45658506483,4646.24632076016
229352,Apartamento de 42m² com 02 quartos para venda   Valentina Figueiredo,Valentina Figueiredo,Zona Norte,2,1,1,42.0,220000.0,5238.09523809524,3736.9036213197,4316.94719953754
228938,Apartamento de 46m² com 02 quartos à venda   Jardim Castelo Branco,Ribeirania,Zona Leste,2,1,1,46.0,220000.0,4782.60869565217,6622.45012983218,4646.24632076016
228617,Apartamento de 42m² com 02 quartos à venda   Jardim Florestan Fernandes,Jardim Florestan Fernandes,Zona Norte,2,1,1,42.0,220000.0,5238.09523809524,4173.34114617131,4316.94719953754
228095,Apartamento de 40m² com 02 quartos à venda   Jardim Cybelli,Jardim Cybelli,Zona Oeste,2,1,1,40.0,220000.0,5500.0,4860.47619047619,4568.83198282477
227282,Apartamento de 49m² com 02 dormitórios à venda   Ipiranga,Ipiranga,Zona Oeste,2,1,1,49.0,220000.0,4489.79591836735,4227.19529650629,4568.83198282477
226706,Apartamento de 41m² com 02 quartos à venda   Parque Palácio Imperial,Reserva Real,Zona Sul,2,1,1,41.0,220000.0,5365.85365853659,4252.08579993765,7019.92781217448
226157,Apartamento de 41m² com 02 quartos à venda   Reserva Real,Reserva Real,Zona Sul,2,1,1,41.0,220000.0,5365.85365853659,4252.08579993765,7019.92781217448
225956,Apartamento de 41m² com 02 quartos à venda   Reserva Real,Reserva Real,Zona Sul,2,1,1,41.0,220000.0,5365.85365853659,4252.08579993765,7019.92781217448
224279,Apartamento de 60m² com 02 quartos para locação   Planalto Verde,Planalto Verde,Zona Oeste,2,1,1,60.0,220000.0,3666.66666666667,4021.97926976394,4568.83198282477
223232,Apartamento de 49m² com 02 quartos à venda   Campos Elíseos,Campos Eliseos,Zona Norte,2,1,1,49.0,220000.0,4489.79591836735,4308.89631323999,4316.94719953754
220154,Apartamento térreo de 59m² com 02 quartos para venda e locação   Parque Anhanguera,Parque Anhanguera,Zona Leste,2,1,1,59.0,220000.0,3728.81355932203,4177.86557112983,4646.24632076016
218858,Apartamento de 49m² com 02 quartos à venda   Ipiranga,Residencial das Americas,Zona Norte,2,1,1,49.0,220000.0,4489.79591836735,3341.29895223855,4316.94719953754
218825,Apartamento de 49m² com 02 quartos para locação   City Ribeirão,City Ribeirao,Zona Sul,2,2,1,49.0,220000.0,4489.79591836735,5481.73996829135,7019.92781217448
213872,Apartamento de 77m² com 02 quartos à venda   Campos Elíseos,Campos Eliseos,Zona Norte,2,1,1,77.0,220000.0,2857.14285714286,4308.89631323999,4316.94719953754
211916,Apartamento térreo de 76m² com 03 quartos para venda   Parque dos Bandeirantes,Parque dos Bandeirantes,Zona Leste,3,1,1,76.0,220000.0,2894.73684210526,4072.45658506483,4646.24632076016
209459,Apartamento de 45m² com 02 quartos   Santa Marta,Loteamento Santa Marta,Zona Norte,2,1,1,45.0,220000.0,4888.88888888889,5386.60691471388,4316.94719953754
208100,Apartamento de 31m² para locação e venda   Vila Amélia,Vila Monte Alegre,Zona Oeste,1,1,1,31.0,220000.0,7096.77419354839,5171.67916226382,4568.83198282477
204881,Apartamento de 42m² com 02 quartos para locação   Jardim Florestan Fernandes,Jardim Florestan Fernandes,Zona Norte,2,1,1,42.0,220000.0,5238.09523809524,4173.34114617131,4316.94719953754
202070,APARTAMENTO NA VILA VIRGINIA,Vila Virginia,Zona Oeste,2,1,1,42.0,220000.0,5238.09523809524,4199.44386633332,4568.83198282477
201431,APARTAMENTO NO JARDIM SUMARÉ,Jardim Sumare,Zona Sul,3,2,1,59.0,220000.0,3728.81355932203,6366.17718327786,7019.92781217448
201263,APARTAMENTO NO JARDIM PRESIDENTE MÉDICI,Presidente Medici,Zona Leste,2,1,1,51.0,220000.0,4313.72549019608,4508.64185474962,4646.24632076016
198836,Apartamento de 41m² com 01 quarto à venda   Vila Seixas,Vila Seixas,Centro,1,1,1,41.0,220000.0,5365.85365853659,4862.36131633665,4114.37759196461
197198,Apartamento de 02 quartos para locação   Recreio das Acácias,Recreio das Acacias,Zona Leste,2,1,1,40.0,220000.0,5500.0,5924.20433221203,4646.24632076016
194087,APARTAMENTO NA VILA MONTE ALEGRE,Vila Amelia,Zona Oeste,2,2,1,68.0,220000.0,3235.29411764706,4740.17583820671,4568.83198282477
193748,APARTAMENTO TÉRREO PRÓXIMO À JOSÉ ANTÔNIO FERRAREZI,Reserva Real,Zona Sul,2,1,1,63.0,220000.0,3492.06349206349,4252.08579993765,7019.92781217448
193583,Apartamento de 43m² com 02 quartos a venda   Bonfim Paulista,Bonfim Paulista,Zona Sul,2,1,1,43.0,220000.0,5116.27906976744,8197.59279884853,7019.92781217448
192263,EXCELENTE APARTAMENTO À VENDA NO BAIRRO VILA TIBÉRIO,Vila Amelia,Zona Oeste,2,1,1,68.0,220000.0,3235.29411764706,4740.17583820671,4568.83198282477
191489,ÓTIMO APARTAMENTO NO JARDIM NOVA ALIANÇA,Nova Alianca,Zona Sul,1,1,1,44.0,220000.0,5000.0,7235.27815404702,7019.92781217448
191432,Apartamento de 58m² com 03 quartos para venda ou locação   Jardim Sumaré,Jardim Sumare,Zona Sul,3,3,1,58.0,220000.0,3793.10344827586,6366.17718327786,7019.92781217448
190949,Apartamento de 43m² com 02 quartos à venda   Bonfim Paulista,Loteamento Santa Marta,Zona Norte,2,1,1,43.0,220000.0,5116.27906976744,5386.60691471388,4316.94719953754
190301,Apartamento de 40m² com 02 quartos para locação   Jardim Ouro Branco,Jardim Ouro Branco,Zona Leste,2,1,1,40.0,220000.0,5500.0,4456.14834639336,4646.24632076016
188528,Apartamento de 46m² com 02 quartos à venda   Parque Industrial Lagoinha,Parque Industrial Lagoinha,Zona Leste,2,1,1,46.0,220000.0,4782.60869565217,4502.88532269356,4646.24632076016
185867,Apartamento 43 m² e 2 quartos   Loteamento Santa Marta,Loteamento Santa Marta,Zona Norte,2,1,1,43.0,220000.0,5116.27906976744,5386.60691471388,4316.94719953754
184883,EXCELENTE APARTAMENTO PRÓXIMO À AVENIDA VIRGILIO SOEIRA,Jardim Jose Wilson Toni,Zona Norte,2,1,1,42.0,220000.0,5238.09523809524,3558.22945254947,4316.94719953754
178436,APARTAMENTO EM BONFIM PAULISTA,Chacaras Pedro Correa de Carvalho,Zona Norte,2,2,1,56.0,220000.0,3928.57142857143,4124.52491399826,4316.94719953754
177302,APARTAMENTO NA VILA SEIXAS,Vila Seixas,Centro,2,2,1,70.0,220000.0,3142.85714285714,4862.36131633665,4114.37759196461
176042,ÓTIMO APARTAMENTO NO IPIRANGA,Ipiranga,Zona Oeste,2,1,1,69.0,220000.0,3188.40579710145,4227.19529650629,4568.83198282477
175130,APARTAMENTO NO IPIRANGA,Ipiranga,Zona Oeste,2,1,1,40.0,220000.0,5500.0,4227.19529650629,4568.83198282477
174671,APARTAMENTO NO VALENTINA FIGUEIREDO,Valentina Figueiredo,Zona Norte,2,2,1,56.0,220000.0,3928.57142857143,3736.9036213197,4316.94719953754
174446,APARTAMENTO NO QUINTINO FACCI II,Chacaras Pedro Correa de Carvalho,Zona Norte,2,1,1,52.0,220000.0,4230.76923076923,4124.52491399826,4316.94719953754
174341,APARTAMENTO NO JARDIM JOSÉ WILSON TONI,Jardim Jose Wilson Toni,Zona Norte,2,1,1,42.0,220000.0,5238.09523809524,3558.22945254947,4316.94719953754
170786,Apartamento   Padrão,Vila Virginia,Zona Oeste,2,1,1,46.0,220000.0,4782.60869565217,4199.44386633332,4568.83198282477
168917,APARTAMENTO NO PRESIDENTE MÉDICI / IGUATEMI,Presidente Medici,Zona Leste,2,1,1,51.0,220000.0,4313.72549019608,4508.64185474962,4646.24632076016
166721,Apartamento de 74m² com 02 quartos à venda   Parque dos Bandeirantes,Parque dos Bandeirantes,Zona Leste,2,2,1,74.0,220000.0,2972.97297297297,4072.45658506483,4646.24632076016
163520,APARTAMENTO PRÓXIMO À USP,Vila Amelia,Zona Oeste,2,1,1,56.0,220000.0,3928.57142857143,4740.17583820671,4568.83198282477
162728,Apartamento de 59m² com 03 quartos à venda   Campos Elíseos,Campos Eliseos,Zona Norte,3,2,1,59.0,220000.0,3728.81355932203,4308.89631323999,4316.94719953754
160973,APARTAMENTO NO VITTA BANDEIRANTES,Jardim Itau,Zona Norte,2,1,1,42.0,220000.0,5238.09523809524,4105.97173905832,4316.94719953754
157739,APARTAMENTO PRÓXIMO À UNAERP,Presidente Medici,Zona Leste,2,1,1,51.0,220000.0,4313.72549019608,4508.64185474962,4646.24632076016
154412,Apartamento de 01 quarto para venda   Vila Seixas,Vila Seixas,Centro,1,1,1,39.0,220000.0,5641.02564102564,4862.36131633665,4114.37759196461
151481,APARTAMENTO NA RUA NITERÓI,Parque Industrial Lagoinha,Zona Leste,2,1,1,46.0,220000.0,4782.60869565217,4502.88532269356,4646.24632076016
149906,APARTAMENTO EM BONFIM PAULISTA,Quintas de Sao Jose,Zona Norte,1,1,1,35.0,220000.0,6285.71428571429,6785.09085009028,4316.94719953754
146909,Apartamento de 01 quarto para venda   Nova Aliança,Nova Alianca,Zona Sul,1,1,1,42.0,220000.0,5238.09523809524,7235.27815404702,7019.92781217448
146153,APARTAMENTO PRÓXIMO À AV. JOÃO FIÚSA,Republica,Zona Oeste,2,1,1,66.0,220000.0,3333.33333333333,5849.08600873347,4568.83198282477
145244,APARTAMENTO PRÓXIMO À AVENIDA INDEPENDÊNCIA,Centro,Centro,1,1,1,43.0,220000.0,5116.27906976744,3969.0889863009,4114.37759196461
144404,Apartamento de 48m² com 02 quartos à venda   Vila Maria Luiza,Vila Maria Luiza,Zona Norte,2,1,1,48.0,220000.0,4583.33333333333,4653.00485819842,4316.94719953754
142808,Apartamento de 71m² com 03 quartos sendo 01 suíte à venda   Independência,Independencia,Zona Norte,3,2,1,71.0,220000.0,3098.59154929578,3844.6605743041,4316.94719953754
142583,Apartamento de 63m² com 03 quartos à venda   Jardim Interlagos,Jardim Interlagos,Zona Leste,3,1,1,63.0,220000.0,3492.06349206349,4158.11293993337,4646.24632076016
136586,Apartamento de 43m² com 02 quartos à venda   Parque dos Lagos,Parque dos Lagos,Zona Leste,2,1,1,43.0,220000.0,5116.27906976744,4175.19186695209,4646.24632076016
136508,Apartamento de 56m² com 01 quarto para venda   Vila Monte Alegre,Vila Monte Alegre,Zona Oeste,1,1,1,56.0,220000.0,3928.57142857143,5171.67916226382,4568.83198282477
133712,****LINDO APARTAMENTO ****,Jardim Castelo Branco,Zona Leste,2,1,1,40.0,220000.0,5500.0,4046.86527169807,4646.24632076016
133166,Apartamento   Padrão,Residencial Jequitiba,Zona Norte,2,1,1,47.0,220000.0,4680.85106382979,4751.76900217579,4316.94719953754
132260,Apartamento   Padrão,Campos Eliseos,Zona Norte,3,2,1,59.0,220000.0,3728.81355932203,4308.89631323999,4316.94719953754
129629,Apartamento de 54 m² e 1 quarto   Centro,Centro,Centro,1,1,1,54.0,220000.0,4074.07407407407,3969.0889863009,4114.37759196461
129395,Apartamento de 46m² com 02 quartos para locação   Residencial Jequitibá,Residencial Jequitiba,Zona Norte,2,1,1,46.0,220000.0,4782.60869565217,4751.76900217579,4316.94719953754
126293,Apartamento de 27m² com 1 suíte à venda  Jardim Paulista,Jardim Paulista,Zona Leste,1,1,1,27.0,220000.0,8148.14814814815,4839.65243893052,4646.24632076016
122132,Apartamento com 2 quartos de 44 m²   Condomínio Reino da Escócia,Residencial Greenville,Zona Norte,2,1,1,44.0,220000.0,5000.0,4670.88804474239,4316.94719953754
121601,Apartamento de 02 quartos para locação e venda   Vila Maria Luiza,Vila Maria Luiza,Zona Norte,2,1,1,50.0,220000.0,4400.0,4653.00485819842,4316.94719953754
116426,Apartamento de 02 quartos para locação   Vila Virgínia,Vila Virginia,Zona Oeste,2,1,1,48.0,220000.0,4583.33333333333,4199.44386633332,4568.83198282477
113858,Apartamento de 47m á venda com 02 quartos   Campos Eliseos,Campos Eliseos,Zona Norte,2,1,1,47.0,220000.0,4680.85106382979,4308.89631323999,4316.94719953754
112790,Apartamento   Padrão,City Ribeirao,Zona Sul,2,1,1,47.0,220000.0,4680.85106382979,5481.73996829135,7019.92781217448
103355,Apartamento de 48m² com 01 quartos para venda e locação  Centro,Centro,Centro,1,1,1,48.0,220000.0,4583.33333333333,3969.0889863009,4114.37759196461
99071,Apartamento de 57m² com 02 quartos para locação   Jardim Paulista,Jardim Paulista,Zona Leste,2,2,1,57.0,220000.0,3859.64912280702,4839.65243893052,4646.24632076016
94844,KITNET MOBILIADA PRÓXIMO À USP,Vila Amelia,Zona Oeste,1,1,1,41.0,220000.0,5365.85365853659,4740.17583820671,4568.83198282477
89603,Apartamento   Padrão,Jardim Antartica,Zona Oeste,2,1,1,77.0,220000.0,2857.14285714286,4464.91601599781,4568.83198282477
89396,APARTAMENTO NA CARAMURU,Alto da Boa Vista,Zona Sul,2,1,1,48.0,220000.0,4583.33333333333,5935.13838933655,7019.92781217448
88349,Apartamento de 38m² com 01 suíte   Presidente Medici,Presidente Medici,Zona Leste,1,1,1,38.0,220000.0,5789.47368421053,4508.64185474962,4646.24632076016
88268,Apartamento de 69m² com 02 quarto sendo 01 suíte à venda   Independência,Independencia,Zona Norte,2,2,1,69.0,220000.0,3188.40579710145,3844.6605743041,4316.94719953754
87797,Apartamento de 45m² com 02 quartos para locação e venda   Sumarezinho,Sumarezinho,Zona Oeste,2,1,1,45.0,220000.0,4888.88888888889,4702.46841942496,4568.83198282477
85553,APARTAMENTO NO CENTRO,Centro,Centro,1,1,1,64.0,220000.0,3437.5,3969.0889863009,4114.37759196461
84761,Apartamento de 50m² com 02 quartos à venda   Residencial Greenville,Residencial Greenville,Zona Norte,2,1,1,50.0,220000.0,4400.0,4670.88804474239,4316.94719953754
84503,Apartamento de 47m² com 02 quartos à venda   Condomínio Mirante Sul,Reserva Sul Condominio,Zona Sul,2,1,1,47.0,220000.0,4680.85106382979,4662.25639219501,7019.92781217448
81056,Apartamento de 57m² à venda   Planalto Verde,Planalto Verde,Zona Oeste,2,2,2,57.0,220000.0,3859.64912280702,4021.97926976394,4568.83198282477
75986,Apartamento de 58m² com 02 quartos   Zardim Zara,Jardim Zara,Zona Leste,2,2,1,58.0,220000.0,3793.10344827586,3994.52759311292,4646.24632076016
74528,APARTAMENTO PRÓXIMO AO RIBEIRÃO SHOPPING,Vila Ana Maria,Zona Sul,1,1,1,39.0,220000.0,5641.02564102564,6534.36599324832,7019.92781217448
67778,Apartamento de 63 m² e 2 quartos  Presidente Medici,Presidente Medici,Zona Leste,2,2,1,63.0,220000.0,3492.06349206349,4508.64185474962,4646.24632076016
67511,Apartamento de 44m² com 01 suíte para locação   Jardim Sumaré,Jardim Sumare,Zona Sul,1,1,1,44.0,220000.0,5000.0,6366.17718327786,7019.92781217448
66110,Apartamento   Padrão,Parque Industrial Lagoinha,Zona Leste,3,2,1,70.0,220000.0,3142.85714285714,4502.88532269356,4646.24632076016
65747,Apartamento de 66m² com 03 quartos à venda   Parque Industrial Lagoinha,Parque Industrial Lagoinha,Zona Leste,3,1,1,66.0,220000.0,3333.33333333333,4502.88532269356,4646.24632076016
21389,Apartamento   Padrão,Jardim Paulista,Zona Leste,2,1,1,55.0,220000.0,4000.0,4839.65243893052,4646.24632076016
102452,Apartamento de 53m² com 02 quartos   Reserva Sul,Reserva Sul Condominio,Zona Sul,2,2,2,53.0,222000.0,4188.67924528302,4662.25639219501,7019.92781217448
44561,Apartamento de 46m² com 02 quartos para locação e venda   Jardim Paulistano,Jardim Paulistano,Zona Leste,2,1,1,46.0,222000.0,4826.08695652174,4354.41245373771,4646.24632076016
169973,APARTAMENTO NO JARDIM ZARA,Jardim Zara,Zona Leste,2,2,1,62.0,222600.0,3590.32258064516,3994.52759311292,4646.24632076016
212858,Apartamento de 42m² com 02 quartos à venda   Jardim Heitor Rigon,Jardim Heitor Rigon,Zona Norte,2,1,1,42.0,138000.0,3285.71428571429,3530.62855692946,4316.94719953754
130037,Apartamento com 47m² de 2 quartos para venda   Jardim Manoel Penna,Jardim Manoel Penna,Zona Leste,2,1,1,47.0,180000.0,3829.78723404255,4812.40737129408,4646.24632076016
170123,Apartamento de 40m² com 02 quartos para locação e venda   Jardim Ouro Branco,Jardim Ouro Branco,Zona Leste,2,1,1,40.0,189900.0,4747.5,4456.14834639336,4646.24632076016
118463,Apartamento de 49m² com 02 quartos á venda   Jardim Santa Cecília,Jardim Santa Cecilia,Zona Norte,2,1,1,49.0,205000.0,4183.67346938776,4420.63492063492,4316.94719953754
179144,Apartamento de 46m² com 02 quartos à venda   Sumarezinho,Sumarezinho,Zona Oeste,2,1,1,46.0,220000.0,4782.60869565217,4702.46841942496,4568.83198282477
220466,Apartamento de 34m² com 01 quarto para locação e venda   Quintas de São José,Quintas de Sao Jose,Zona Norte,1,1,1,34.0,223000.0,6558.82352941177,6785.09085009028,4316.94719953754
196616,APARTAMENTO NO CENTRO,Centro,Centro,1,1,1,46.0,223000.0,4847.82608695652,3969.0889863009,4114.37759196461
189896,APARTAMENTO NO FLAMBOYANS,Loteamento Santa Marta,Zona Norte,2,1,1,43.0,223000.0,5186.04651162791,5386.60691471388,4316.94719953754
187748,Apartamento de 40m² com 02 quartos para locação   Recreio das Acácios,Recreio das Acacias,Zona Leste,2,1,1,40.0,223000.0,5575.0,5924.20433221203,4646.24632076016
150962,APARTAMENTO PRÓXIMO À AVENIDA JOSÉ ANTÔNIO FERRARI,Reserva Real,Zona Sul,2,1,1,41.0,223000.0,5439.0243902439,4252.08579993765,7019.92781217448
149117,Apartamento de 71m² com 03 quartos à venda   Vila Amélia,Vila Amelia,Zona Oeste,3,2,1,71.0,223000.0,3140.84507042254,4740.17583820671,4568.83198282477
148307,APARTAMENTO PRÓXIMO Á RODOVIA ANTÔNIO MACHADO SANTANNA,Reserva Sul Condominio,Zona Sul,2,1,1,46.0,223000.0,4847.82608695652,4662.25639219501,7019.92781217448
133385,APARTAMENTO NO NOVA ALIANÇA,Nova Alianca,Zona Sul,1,1,1,42.0,223000.0,5309.52380952381,7235.27815404702,7019.92781217448
129983,Apartamento   Padrão,Ipiranga,Zona Oeste,2,1,1,68.0,223000.0,3279.41176470588,4227.19529650629,4568.83198282477
89612,Apartamento de 34m² com 01 quarto á venda   Vila Ana Maria,Vila Ana Maria,Zona Sul,1,1,1,34.0,223000.0,6558.82352941177,6534.36599324832,7019.92781217448
165350,Apartamento de 42m² com 02 quartos para venda   Jardim José Wilson Toni,Jardim Jose Wilson Toni,Zona Norte,2,1,1,42.0,224000.0,5333.33333333333,3558.22945254947,4316.94719953754
113537,APARTAMENTO PRÓXIMO À AVENIDA INDEPENDÊNCIA,Vila Ana Maria,Zona Sul,1,1,1,40.0,224000.0,5600.0,6534.36599324832,7019.92781217448
179681,APARTAMENTO NO QUINTINO FACCI II,Chacaras Pedro Correa de Carvalho,Zona Norte,2,2,1,56.0,224400.0,4007.14285714286,4124.52491399826,4316.94719953754
179678,APARTAMENTO NO QUINTINO FACCI II,Chacaras Pedro Correa de Carvalho,Zona Norte,2,2,1,56.0,224400.0,4007.14285714286,4124.52491399826,4316.94719953754
179672,APARTAMENTO NO QUINTINO FACCI II,Chacaras Pedro Correa de Carvalho,Zona Norte,2,2,1,56.0,224400.0,4007.14285714286,4124.52491399826,4316.94719953754
179666,APARTAMENTO NO QUINTINO FACCI II,Chacaras Pedro Correa de Carvalho,Zona Norte,2,2,1,56.0,224400.0,4007.14285714286,4124.52491399826,4316.94719953754
179654,APARTAMENTO NO QUINTINO FACCI II,Chacaras Pedro Correa de Carvalho,Zona Norte,2,2,1,56.0,224400.0,4007.14285714286,4124.52491399826,4316.94719953754
179645,APARTAMENTO NO QUINTINO FACCI II,Chacaras Pedro Correa de Carvalho,Zona Norte,2,2,1,56.0,224400.0,4007.14285714286,4124.52491399826,4316.94719953754
179642,APARTAMENTO NO QUINTINO FACCI II,Chacaras Pedro Correa de Carvalho,Zona Norte,2,2,1,56.0,224400.0,4007.14285714286,4124.52491399826,4316.94719953754
179639,APARTAMENTO NO QUINTINO FACCI II,Chacaras Pedro Correa de Carvalho,Zona Norte,2,2,1,56.0,224400.0,4007.14285714286,4124.52491399826,4316.94719953754
179630,APARTAMENTO NO QUINTINO FACCI II,Chacaras Pedro Correa de Carvalho,Zona Norte,2,2,1,56.0,224400.0,4007.14285714286,4124.52491399826,4316.94719953754
179627,APARTAMENTO NO QUINTINO FACCI II,Chacaras Pedro Correa de Carvalho,Zona Norte,2,2,1,56.0,224400.0,4007.14285714286,4124.52491399826,4316.94719953754
179624,APARTAMENTO NO QUINTINO FACCI II,Chacaras Pedro Correa de Carvalho,Zona Norte,2,2,1,56.0,224400.0,4007.14285714286,4124.52491399826,4316.94719953754
243113,Apartamento de 41m² com 02 quartos para locação   Reserva Real,Reserva Real,Zona Sul,2,1,1,41.0,190000.0,4634.14634146342,4252.08579993765,7019.92781217448
128606,APARTAMENTO SEMI NOVO PRÓXIMO Á BARÃO DO BANANAL,Jardim Zara,Zona Leste,2,1,1,54.0,202000.0,3740.74074074074,3994.52759311292,4646.24632076016
219668,Apartamento de 45m² com 01 quarto à venda   Nova Aliança,Nova Alianca,Zona Sul,1,1,1,45.0,210000.0,4666.66666666667,7235.27815404702,7019.92781217448
243305,Apartamento de 87m² com 03 quartos à venda   Jardim Paulistano,Jardim Paulistano,Zona Leste,3,1,1,87.0,225000.0,2586.20689655172,4354.41245373771,4646.24632076016
240587,Apartamento de 41m² com 02 quartos à venda   Reserva Real,Reserva Real,Zona Sul,2,1,1,41.0,225000.0,5487.80487804878,4252.08579993765,7019.92781217448
235970,Apartamento de 41m² com 02 quartos á venda   Residencial Jequitibá,Residencial Jequitiba,Zona Norte,2,1,1,41.0,225000.0,5487.80487804878,4751.76900217579,4316.94719953754
234635,Apartamento de 47m² com 02 quartos para venda,Reserva Sul Condominio,Zona Sul,2,1,1,47.0,225000.0,4787.23404255319,4662.25639219501,7019.92781217448
234503,Apartamento de 51m² com 2 quartos à venda   Residencial Greenville,Residencial Greenville,Zona Norte,2,1,1,51.0,225000.0,4411.76470588235,4670.88804474239,4316.94719953754
233648,Apartamento de 41m² com 01 quarto para venda   Vila Seixas,Vila Seixas,Centro,1,1,1,41.0,225000.0,5487.80487804878,4862.36131633665,4114.37759196461
213689,Apartamento térreo de 43m² com 02 quartos à venda   Jardim Interlagos,Jardim Interlagos,Zona Leste,2,1,1,43.0,225000.0,5232.55813953488,4158.11293993337,4646.24632076016
202922,EXCELENTE APARTAMENTO GIARDINO NO BAIRRO PLANALTO VERDE,Planalto Verde,Zona Oeste,2,1,1,48.0,225000.0,4687.5,4021.97926976394,4568.83198282477
199166,Apartamento de 69m² com 02 quartos para venda   Jardim Helena,Jardim Helena,Zona Norte,2,1,1,69.0,225000.0,3260.86956521739,3260.86956521739,4316.94719953754
192848,Apartamento de 49m² com 01 suíte   Centro,Centro,Centro,1,1,1,49.0,225000.0,4591.83673469388,3969.0889863009,4114.37759196461
183005,APARTAMENTO PRÓXIMO À RUA JOÃO BIM,Jardim Paulistano,Zona Leste,2,1,1,74.0,225000.0,3040.54054054054,4354.41245373771,4646.24632076016
162164,Apartamento de 47m² com 02 quartos à venda   Quinta da Primavera,Condominio Mirante Sul,Zona Sul,2,1,1,47.0,225000.0,4787.23404255319,5048.35903353727,7019.92781217448
160034,APARTAMENTO PRÓXIMO À USP,Vila Amelia,Zona Oeste,2,2,1,68.0,225000.0,3308.82352941177,4740.17583820671,4568.83198282477
149240,Apartamento de 02 quartos para locação   Bonfim Paulista,Jardim Sao Fernando,Zona Oeste,2,1,1,48.0,225000.0,4687.5,4718.15476190476,4568.83198282477
149201,APARTAMENTO PRÓXIMO À AVENIDA MARIA DE JESUS CONDEIXA,Jardim Palma Travassos,Zona Leste,2,2,1,69.0,225000.0,3260.86956521739,4725.02380139251,4646.24632076016
140477,Apartamento de 48m² com 02 quartos à venda   Vila Maria Luiza,Vila Maria Luiza,Zona Norte,2,1,1,48.0,225000.0,4687.5,4653.00485819842,4316.94719953754
135644,APARTAMENTO NO JARDIM INTERLAGOS,Jardim Interlagos,Zona Leste,3,1,1,63.0,225000.0,3571.42857142857,4158.11293993337,4646.24632076016
131204,Apartamento   Padrão,Ipiranga,Zona Oeste,2,1,1,54.0,225000.0,4166.66666666667,4227.19529650629,4568.83198282477
110060,APARTAMENTO NOS CAMPOS ELÍSEOS,Campos Eliseos,Zona Norte,2,1,1,49.0,225000.0,4591.83673469388,4308.89631323999,4316.94719953754
100034,Apartamento   Padrão,Vila Ana Maria,Zona Sul,1,1,1,40.0,225000.0,5625.0,6534.36599324832,7019.92781217448
74990,Apartamento   Padrão,City Ribeirao,Zona Sul,2,1,1,60.0,225000.0,3750.0,5481.73996829135,7019.92781217448
71423,APARTAMENTO NA LAGOINHA,Parque Industrial Lagoinha,Zona Leste,2,2,1,59.0,225000.0,3813.5593220339,4502.88532269356,4646.24632076016
54677,Apartamento   Padrão,Jardim Sumare,Zona Sul,3,2,1,58.0,225000.0,3879.31034482759,6366.17718327786,7019.92781217448
50009,APARTAMENTO NA LAGOINHA,Parque Industrial Lagoinha,Zona Leste,1,1,1,45.0,225000.0,5000.0,4502.88532269356,4646.24632076016
166922,Apartamento de 42m² com 02 quartos à venda   Jardim Orestes Lopes de Camargo,Jardim Heitor Rigon,Zona Norte,2,1,1,42.0,225663.0,5372.92857142857,3530.62855692946,4316.94719953754
240071,Apartamento de 42m² com 02 quartos à venda   Jardim Maria Goretti,Jardim Maria Goretti,Zona Norte,2,1,1,42.0,227900.0,5426.19047619048,4801.35263407689,4316.94719953754
145640,Apartamento de 42m² com 02 quartos para locação   Vila Virgínia,Vila Virginia,Zona Oeste,2,1,1,42.0,160000.0,3809.52380952381,4199.44386633332,4568.83198282477
153644,APARTAMENTO TÉRREO PRÓXIMO À JOSÉ ANTÔNIO FERRAREZI,Reserva Real,Zona Sul,2,1,1,48.0,220000.0,4583.33333333333,4252.08579993765,7019.92781217448
97604,Apartamento de 58m² com 03 quartos sendo 01 suíte à venda   República,Republica,Zona Oeste,3,2,1,58.0,228000.0,3931.03448275862,5849.08600873347,4568.83198282477
216353,Apartamento de 66m² com 02 quartos á venda   Parque Anhanguera,Parque Anhanguera,Zona Leste,2,2,1,66.0,222000.0,3363.63636363636,4177.86557112983,4646.24632076016
241604,Apartamento de 49m² com 02 quartos à venda Parque Industrial Lagoinha,Parque Industrial Lagoinha,Zona Leste,2,1,1,49.0,229000.0,4673.4693877551,4502.88532269356,4646.24632076016
238712,Apartamento de 49m² com 02 quartos à venda   Jardim Botânico,Jardim Botanico,Zona Sul,2,2,1,49.0,229000.0,4673.4693877551,7403.36272123417,7019.92781217448
230801,Apartamento térreo de 47m² com 02 quartos para venda   Vale das Nascentes,Ipiranga,Zona Oeste,2,1,1,47.0,229000.0,4872.34042553192,4227.19529650629,4568.83198282477
126149,APARTAMENTO NO NOVA ALIANÇA,Nova Alianca,Zona Sul,1,1,1,39.0,229000.0,5871.79487179487,7235.27815404702,7019.92781217448
169439,Apartamento de 42.50 m² com 02 quartos para venda,Jardim Jose Wilson Toni,Zona Norte,2,1,1,50.0,145000.0,2900.0,3558.22945254947,4316.94719953754
191849,Apartamento de 42m² com 02 quartos para locação e venda   Jardim Santa Cecília,Jardim Santa Cecilia,Zona Norte,2,1,1,42.0,170000.0,4047.61904761905,4420.63492063492,4316.94719953754
161255,Apartamento de 46m² com 02 quartos à venda   Reserva Sul Condomínio,Reserva Sul Condominio,Zona Sul,2,1,1,46.0,180000.0,3913.04347826087,4662.25639219501,7019.92781217448
169454,Apartamento de 55m² com 02 quartos para venda   Parque dos Servidores,Residencial Parque dos Servidores,Zona Leste,2,1,1,55.0,200000.0,3636.36363636364,4474.21131539829,4646.24632076016
167216,APARTAMENTO NO RESERVA REAL,Reserva Real,Zona Sul,2,1,1,42.0,200000.0,4761.90476190476,4252.08579993765,7019.92781217448
159698,APARTAMENTO PRÓXIMO À CATEDRAL,Centro,Centro,2,1,1,65.0,200000.0,3076.92307692308,3969.0889863009,4114.37759196461
106112,Apartamento de 56 m² com 01 quarto para locação   Centro,Centro,Centro,1,1,1,56.0,210000.0,3750.0,3969.0889863009,4114.37759196461
218303,Apartamento de 40m² com 02 quartos para venda e locação   Jardim Castelo Branco,Jardim Castelo Branco,Zona Leste,2,1,1,40.0,215000.0,5375.0,4046.86527169807,4646.24632076016
212996,Apartamento de 43m² com 02 quartos à venda   Jardim Interlagos,Jardim Interlagos,Zona Leste,2,1,1,43.0,215000.0,5000.0,4158.11293993337,4646.24632076016
200396,IMÓVEL MOBILIADO PRÓXIMO À FRANCISCO JUNQUERA,Jardim Macedo,Zona Leste,1,1,1,76.0,215000.0,2828.94736842105,4049.64935899923,4646.24632076016
211751,Apartamento de 51m² com 02 quartos à venda   Ipiranga,Residencial das Americas,Zona Norte,2,1,1,51.0,220000.0,4313.72549019608,3341.29895223855,4316.94719953754
86291,Apartamento de 33m² com 01 suíte à venda   Nova Aliança,Nova Alianca,Zona Sul,1,1,2,33.0,220000.0,6666.66666666667,7235.27815404702,7019.92781217448
108440,Apartamento de 46m² com 02 quartos à venda   Vila Virgínia,Vila Virginia,Zona Oeste,2,1,1,46.0,225000.0,4891.30434782609,4199.44386633332,4568.83198282477
90080,APARTAMENTO PRÓXIMO À RODOVIA ANHANGUERA,Residencial e Comercial Palmares,Zona Leste,3,2,1,86.0,225000.0,2616.27906976744,3830.73455662616,4646.24632076016
95735,Apartamento de 63m² com 02 quartos à venda   Residencial e Comercial Palmares,Residencial e Comercial Palmares,Zona Leste,2,1,2,63.0,226000.0,3587.30158730159,3830.73455662616,4646.24632076016
189551,Apartamento de 77m² com 02 quartos   Vila Monte Alegre,Vila Monte Alegre,Zona Oeste,2,1,3,77.0,229000.0,2974.02597402597,5171.67916226382,4568.83198282477
245609,Apartamento de 46m² com 02 quartos à venda   Ipiranga,Ipiranga,Zona Oeste,2,1,1,46.0,230000.0,5000.0,4227.19529650629,4568.83198282477
242012,Apartamento de 44m² com 02 quartos à venda   Ribeirânia,Ribeirania,Zona Leste,2,1,1,44.0,230000.0,5227.27272727273,6622.45012983218,4646.24632076016
240851,Apartamento de 47m² com 02 quartos à venda   Ribeirânia,Ribeirania,Zona Leste,2,1,1,47.0,230000.0,4893.6170212766,6622.45012983218,4646.24632076016
240221,Apartamento de 51m² com 02 quartos à venda   Presidente Médici,Presidente Medici,Zona Leste,2,1,1,51.0,230000.0,4509.80392156863,4508.64185474962,4646.24632076016
239525,Apartamento de 65m² com 03 quartos à venda   Jardim Eugênio Mendes Lopes,Jardim Eugenio Mendes Lopes,Zona Oeste,3,1,1,65.0,230000.0,3538.46153846154,3240.00999000999,4568.83198282477
238559,Apartamento de 39m² com 01 quarto   Jardim California,Jardim California,Zona Sul,1,1,1,39.0,230000.0,5897.4358974359,7048.58207831218,7019.92781217448
237743,Apartamento de 48m² com 02 quartos para venda   Campos Elíseos,Campos Eliseos,Zona Norte,2,1,1,48.0,230000.0,4791.66666666667,4308.89631323999,4316.94719953754
237734,Apartamento de 69m² com 03 quartos à venda   Jardim Paulista,Jardim Paulista,Zona Leste,3,1,1,69.0,230000.0,3333.33333333333,4839.65243893052,4646.24632076016
236042,Apartamento de 42m² com 02 quartos para venda   Parque Industrial Lagoinha,Parque Industrial Lagoinha,Zona Leste,2,1,1,42.0,230000.0,5476.19047619048,4502.88532269356,4646.24632076016
235940,Apartamento de 65m² com 02 quartos para venda   Centro,Centro,Centro,2,1,1,65.0,230000.0,3538.46153846154,3969.0889863009,4114.37759196461
232367,Apartamento de 47m² com 02 quartos á venda   Alto do Ipiranga,Alto do Ipiranga,Zona Oeste,2,1,1,47.0,230000.0,4893.6170212766,4537.91893063963,4568.83198282477
231380,Apartamento de 43m² à venda   Recreio das Acácias,Recreio das Acacias,Zona Leste,2,1,1,43.0,230000.0,5348.83720930233,5924.20433221203,4646.24632076016
230012,Apartamento de 65m² com 02 quartos à venda   Vila Seixas,Vila Seixas,Centro,2,1,1,65.0,230000.0,3538.46153846154,4862.36131633665,4114.37759196461
226238,Apartamento de 52m² com 02 quartos à venda   Jardim Paulistano,Jardim Paulistano,Zona Leste,2,2,1,52.0,230000.0,4423.07692307692,4354.41245373771,4646.24632076016
224837,Apartamento de 37m² com 01 quarto à venda   Nova Aliança,Nova Alianca,Zona Sul,1,1,1,37.0,230000.0,6216.21621621622,7235.27815404702,7019.92781217448
224834,Apartamento de 37m² com 01 quarto à venda   Nova Aliança,Nova Alianca,Zona Sul,1,1,1,37.0,230000.0,6216.21621621622,7235.27815404702,7019.92781217448
224828,Apartamento de 37m² com 01 quarto à venda   Nova Aliança,Nova Alianca,Zona Sul,1,1,1,37.0,230000.0,6216.21621621622,7235.27815404702,7019.92781217448
216776,Apartamento de 46m² com 02 quartos para locação e venda   Campos Elíseos,Campos Eliseos,Zona Norte,2,1,1,46.0,230000.0,5000.0,4308.89631323999,4316.94719953754
216437,Apartamento semimobiliado de 43m² com 01 quarto para locação e venda   Vila Seixas,Centro,Centro,1,1,1,43.0,230000.0,5348.83720930233,3969.0889863009,4114.37759196461
214709,Apartamento de 49m² com 02 quartos à venda   Ipiranga,Ipiranga,Zona Oeste,2,1,1,49.0,230000.0,4693.87755102041,4227.19529650629,4568.83198282477
212870,Apartamento de 55m² com 02 quartos à venda   Vila Virginia,Vila Virginia,Zona Oeste,2,1,1,55.0,230000.0,4181.81818181818,4199.44386633332,4568.83198282477
212483,Apartamento de 42m² com 02 quartos para locação   Jardim Maria Goretti,Jardim Maria Goretti,Zona Norte,2,1,1,42.0,230000.0,5476.19047619048,4801.35263407689,4316.94719953754
212024,Apartamento de 43m² com 02 quartos   Alto da Boa Vista,Vila Guiomar,Zona Norte,2,1,1,43.0,230000.0,5348.83720930233,5616.68624226764,4316.94719953754
210758,Apartamento de 44m² com 02 quartos à venda   Vila Guiomar,Vila Guiomar,Zona Norte,2,1,1,44.0,230000.0,5227.27272727273,5616.68624226764,4316.94719953754
210476,Apartamento de 47m² com 02 quartos à venda   Mirante Sul,Condominio Mirante Sul,Zona Sul,2,1,1,47.0,230000.0,4893.6170212766,5048.35903353727,7019.92781217448
209018,Apartamento de 45m² com 01 quarto à venda   Bairro Vila Seixas,Vila Seixas,Centro,1,1,1,45.0,230000.0,5111.11111111111,4862.36131633665,4114.37759196461
206435,Apartamento de 40m² com 02 quartos para locação   Recreio das Acácias,Recreio das Acacias,Zona Leste,2,1,1,40.0,230000.0,5750.0,5924.20433221203,4646.24632076016
205949,Apartamento de 50m² com 02 quartos para locação e venda   Vila Recreio,Vila Recreio,Zona Norte,2,1,1,50.0,230000.0,4600.0,3984.05797101449,4316.94719953754
200444,EXCELENTE APARTAMENTO PARA LOCAÇÃO E VENDA NO BAIRRO VILLA GUIOMAR,Vila Guiomar,Zona Norte,2,1,1,45.0,230000.0,5111.11111111111,5616.68624226764,4316.94719953754
199898,Apartamento de 43m² com 02 quartos para locação e venda   Bonfim Paulista,Loteamento Santa Marta,Zona Norte,2,1,1,43.0,230000.0,5348.83720930233,5386.60691471388,4316.94719953754
199415,APARTAMENTO NO CASTELO BRANCO,Jardim Castelo Branco,Zona Leste,2,1,1,40.0,230000.0,5750.0,4046.86527169807,4646.24632076016
197696,APARTAMENTO NO CENTRO,Centro,Centro,1,1,1,48.0,230000.0,4791.66666666667,3969.0889863009,4114.37759196461
195242,APARTAMENTO PROX. SODIMAC,Ipiranga,Zona Oeste,2,1,1,57.0,230000.0,4035.08771929825,4227.19529650629,4568.83198282477
192446,EXCELENTE APARTAMENTO PARA VENDAPRÓXIMO AO JARDIM ANHANGUERA,Jardim Zara,Zona Leste,2,1,1,51.0,230000.0,4509.80392156863,3994.52759311292,4646.24632076016
187622,APARTAMENTO PRÓXIMO À RODOVIA ANHANGUERA,Jardim Interlagos,Zona Leste,2,1,1,43.0,230000.0,5348.83720930233,4158.11293993337,4646.24632076016
187610,Apartamento de 41m² com 02 quartos para locação e venda   Reserva Imperial,Reserva Real,Zona Sul,2,1,1,41.0,230000.0,5609.75609756098,4252.08579993765,7019.92781217448
179801,APARTAMENTO NO QUINTINO FACCI II,Chacaras Pedro Correa de Carvalho,Zona Norte,2,2,1,56.0,230000.0,4107.14285714286,4124.52491399826,4316.94719953754
178970,Apartamento de 46m² com 02 quartos à venda   Ribeirânia,Ribeirania,Zona Leste,2,1,1,46.0,230000.0,5000.0,6622.45012983218,4646.24632076016
177980,Lindo apartamento no bairro Jardim Itaú,Jardim Itau,Zona Norte,2,1,1,55.0,230000.0,4181.81818181818,4105.97173905832,4316.94719953754
176456,Apartamento de 46m² com 02 quartos à venda   Sumarezinho,Sumarezinho,Zona Oeste,2,1,1,46.0,230000.0,5000.0,4702.46841942496,4568.83198282477
175778,APARTAMENTO A VENDA NO RESIDENCIAL JEQUITIBÁ,Residencial Jequitiba,Zona Norte,2,1,1,41.0,230000.0,5609.75609756098,4751.76900217579,4316.94719953754
174113,Apartamento 69 m² com 2 quartos para locação   Vila Monte Alegre,Vila Monte Alegre,Zona Oeste,2,1,1,69.0,230000.0,3333.33333333333,5171.67916226382,4568.83198282477
171062,APARTAMENTO MOBILIADO NO JARDIM IRAJÁ,Jardim Iraja,Zona Sul,1,1,1,33.0,230000.0,6969.69696969697,5843.60369977321,7019.92781217448
167963,APARTAMENTO NO NOVA ALIANÇA,Nova Alianca,Zona Sul,1,1,1,42.0,230000.0,5476.19047619048,7235.27815404702,7019.92781217448
164684,Apartamento de 39m² com 01 quarto à venda   Jardim Botânico,Jardim Iraja,Zona Sul,1,1,1,39.0,230000.0,5897.4358974359,5843.60369977321,7019.92781217448
160226,Apartamento de 60m² com 02 quartos à venda   Jardim Mosteiro,Jardim Mosteiro,Centro,2,1,1,60.0,230000.0,3833.33333333333,3999.29676511955,4114.37759196461
159956,Apartamento de 32m² com 01 quarto para venda   Ana Maria,Vila Ana Maria,Zona Sul,1,1,1,32.0,230000.0,7187.5,6534.36599324832,7019.92781217448
154181,Apartamento de 51m² com 02 quartos à venda   Presidente Médici,Presidente Medici,Zona Leste,2,1,1,51.0,230000.0,4509.80392156863,4508.64185474962,4646.24632076016
154028,APARTAMENTO PRÓXIMO À UNIP,Nova Alianca,Zona Sul,1,1,1,37.0,230000.0,6216.21621621622,7235.27815404702,7019.92781217448
147503,APARTAMENTO PRÓXIMO À RUA JOÃO BIM,Jardim Paulistano,Zona Leste,2,2,1,52.0,230000.0,4423.07692307692,4354.41245373771,4646.24632076016
146858,Apartamento/Padrão   Residencial   No bairro Ipiranga  ,Ipiranga,Zona Oeste,3,1,1,70.0,230000.0,3285.71428571429,4227.19529650629,4568.83198282477
143711,Apartamento de 46m² para locação   Reserva Sul,Reserva Sul Condominio,Zona Sul,2,1,1,46.0,230000.0,5000.0,4662.25639219501,7019.92781217448
138455,APARTAMENTO NO RESERVA REAL,Reserva Real,Zona Sul,2,1,1,41.0,230000.0,5609.75609756098,4252.08579993765,7019.92781217448
134564,APARTAMENTO NO NOVA ALIANÇA,Nova Alianca,Zona Sul,1,1,1,41.0,230000.0,5609.75609756098,7235.27815404702,7019.92781217448
123056,APARTAMENTO DE 82 M COM VAGA COBERTA NO ALTO DO IPIRANGA E PRÓXIMO A AV. DOM PEDRO,Ipiranga,Zona Oeste,3,2,1,82.0,230000.0,2804.87804878049,4227.19529650629,4568.83198282477
122783,Apartamento   Padrão,Presidente Medici,Zona Leste,2,1,1,51.0,230000.0,4509.80392156863,4508.64185474962,4646.24632076016
118670,Apartamento de 32m² com 01 quarto à venda   Jardim Botânico,Jardim Botanico,Zona Sul,1,1,1,32.0,230000.0,7187.5,7403.36272123417,7019.92781217448
112823,Apartamento de 52m² com 02 quartos à venda   Jardim Paulistano,Jardim Paulistano,Zona Leste,2,2,1,52.0,230000.0,4423.07692307692,4354.41245373771,4646.24632076016
108005,Apartamento de 37m² com 01 quarto à venda   Nova Aliança,Nova Alianca,Zona Sul,1,1,1,37.0,230000.0,6216.21621621622,7235.27815404702,7019.92781217448
106169,Apartamento   Padrão,Vila Virginia,Zona Oeste,3,2,1,86.0,230000.0,2674.41860465116,4199.44386633332,4568.83198282477
100958,Apartamento de 37m² com 01 quarto para locação   Noa Aliança,Nova Alianca,Zona Sul,1,1,1,37.0,230000.0,6216.21621621622,7235.27815404702,7019.92781217448
96248,Apartamento de 48m² com 1 dormitório   Vila Seixas,Centro,Centro,1,1,1,48.0,230000.0,4791.66666666667,3969.0889863009,4114.37759196461
96080,APARTAMENTO PRÓXIMO À RUA JOÃO BIM,Vila Tamandare,Zona Norte,2,2,1,62.0,230000.0,3709.67741935484,3367.29624340591,4316.94719953754
95924,Apartamento de 64m² com 02 quartos à venda   Parque Industrial Lagoinha,Parque Industrial Lagoinha,Zona Leste,2,2,1,64.0,230000.0,3593.75,4502.88532269356,4646.24632076016
93200,APARTAMENTO Á VENDA NO ANA MARIA,Vila Ana Maria,Zona Sul,1,1,1,34.0,230000.0,6764.70588235294,6534.36599324832,7019.92781217448
91925,Apartamento de 41m² com 01 quarto à venda   Vila Ana Maria,Vila Ana Maria,Zona Sul,1,1,1,41.0,230000.0,5609.75609756098,6534.36599324832,7019.92781217448
86228,Apartamento de 46m² com 01 quarto para locação e venda   Centro,Centro,Centro,1,1,1,46.0,230000.0,5000.0,3969.0889863009,4114.37759196461
85685,Apartamento de 50m² com 01 quarto à venda   Jardim Paulista,Jardim Paulista,Zona Leste,1,1,1,50.0,230000.0,4600.0,4839.65243893052,4646.24632076016
84200,Apartamento de 01 quarto para locação  Jardim California,Jardim California,Zona Sul,1,1,1,42.0,230000.0,5476.19047619048,7048.58207831218,7019.92781217448
76235,Apartamento de 58m² com 02 quartos   Zardim Zara,Jardim Anhanguera,Zona Leste,2,2,1,58.0,230000.0,3965.51724137931,4372.03682882804,4646.24632076016
74252,Apartamento de 37m² com 1 quarto à venda   Jardim Ana Maria,Vila Ana Maria,Zona Sul,1,1,1,37.0,230000.0,6216.21621621622,6534.36599324832,7019.92781217448
62684,APARTAMENTO NO PARQUE INDUSTRIAL LAGOINHA,Parque Industrial Lagoinha,Zona Leste,2,2,1,53.0,230000.0,4339.62264150943,4502.88532269356,4646.24632076016
55460,Apartamento de 46m² com 01 quarto para a venda   Centro,Centro,Centro,1,1,1,46.0,230000.0,5000.0,3969.0889863009,4114.37759196461
100019,APARTAMENTO NO BAIRRO SUMAREZINHO,Sumarezinho,Zona Oeste,2,2,2,68.0,230000.0,3382.35294117647,4702.46841942496,4568.83198282477
148865,APARTAMENTO PRÓXIMO À RODOVIA ANTÔNIO MACHADO SANTANNA,Residencial Jequitiba,Zona Norte,2,1,2,41.0,231000.0,5634.14634146342,4751.76900217579,4316.94719953754
188078,Apartamento de 57m² com 02 quartos à venda   Jardim Antártica,Jardim Antartica,Zona Oeste,2,1,1,57.0,232000.0,4070.17543859649,4464.91601599781,4568.83198282477
172418,EXCELENTE APARTAMENTO NO GREENVILLE,Residencial Greenville,Zona Norte,2,2,1,54.0,232000.0,4296.2962962963,4670.88804474239,4316.94719953754
131000,**Oportunidade Apartamento**,Residencial Greenville,Zona Norte,2,2,1,54.0,232000.0,4296.2962962963,4670.88804474239,4316.94719953754
191300,APARTAMENTO NO JARDIM BOTÂNICO,Jardim Botanico,Zona Sul,1,1,1,41.0,233000.0,5682.92682926829,7403.36272123417,7019.92781217448
183950,Apartamento de 58m² com 01 quarto para locação e venda   Sumarezinho,Sumarezinho,Zona Oeste,1,1,1,58.0,233000.0,4017.24137931035,4702.46841942496,4568.83198282477
148337,APARTAMENTO PRÓXIMO À AVENIDA LUZITANA,Republica,Zona Oeste,2,1,1,57.0,233000.0,4087.71929824561,5849.08600873347,4568.83198282477
213503,Apartamento térreo de 40m² com 02 quartos à venda   Jardim Cybelli,Jardim Cybelli,Zona Oeste,2,1,1,40.0,233200.0,5830.0,4860.47619047619,4568.83198282477
170282,APARTAMENTO NO JARDIM ZARA,Jardim Zara,Zona Leste,2,2,1,67.0,233200.0,3480.59701492537,3994.52759311292,4646.24632076016
170279,APARTAMENTO NO JARDIM ZARA,Jardim Zara,Zona Leste,2,2,1,67.0,233200.0,3480.59701492537,3994.52759311292,4646.24632076016
167402,APARTAMENTO NA VILA SEIXAS,Vila Seixas,Centro,1,1,1,38.0,233200.0,6136.84210526316,4862.36131633665,4114.37759196461
151574,Apartamento de 39m² com 02 quartos à venda   Jardim Zara,Jardim Zara,Zona Leste,2,1,1,39.0,155000.0,3974.35897435897,3994.52759311292,4646.24632076016
145706,APARTAMENTO TÉRREO PARA LOCAÇÃO PRÓXIMO À USP,Vila Amelia,Zona Oeste,2,2,1,66.0,160000.0,2424.24242424242,4740.17583820671,4568.83198282477
132425,Apartamento de 46m² com 02 quartos à venda   Sumarezinho,Sumarezinho,Zona Oeste,2,1,1,46.0,220000.0,4782.60869565217,4702.46841942496,4568.83198282477
190727,APARTAMENTO NA CITY RIBEIRÃO,City Ribeirao,Zona Sul,2,1,1,47.0,225000.0,4787.23404255319,5481.73996829135,7019.92781217448
186494,APARTAMENTO NO CENTRO,Vila Seixas,Centro,1,1,1,40.0,225000.0,5625.0,4862.36131633665,4114.37759196461
155588,Apartamento de 59m² com 02 quarto sendo 01 suíte para venda   Parque São Sebastião,Parque Sao Sebastiao,Zona Leste,2,2,1,59.0,225000.0,3813.5593220339,4018.24997986766,4646.24632076016
92462,EXCELENTE APARTAMENTO À VENDA NO CENTRO DE RIBEIRÃO PRETO,Centro,Centro,2,2,1,65.0,225000.0,3461.53846153846,3969.0889863009,4114.37759196461
91478,Apartamento de 01 quarto para locação   Nova Aliança,Nova Alianca,Zona Sul,1,1,1,42.0,228000.0,5428.57142857143,7235.27815404702,7019.92781217448
180908,APARTAMENTO NO BAIRRO JARDIM NOVA ALIANÇA,Nova Alianca,Zona Sul,1,1,1,37.0,230000.0,6216.21621621622,7235.27815404702,7019.92781217448
236288,Apartamento de 42m² com 02 quartos para venda   Parque Industrial Lagoinha,Parque Industrial Lagoinha,Zona Leste,2,1,1,42.0,234000.0,5571.42857142857,4502.88532269356,4646.24632076016
220943,Apartamento de 54² com 02 quartos para locação e venda   Reserva Sul Condomínio,Reserva Sul Condominio,Zona Sul,2,2,2,54.0,234000.0,4333.33333333333,4662.25639219501,7019.92781217448
218759,Apartamento de 53m² com 02 quartos à venda   Reserva Sul Condomínio,Reserva Sul Condominio,Zona Sul,2,2,2,53.0,234000.0,4415.09433962264,4662.25639219501,7019.92781217448
187079,Apartamento de 48m² com 02 quartos para locação   Bonfim Paulista,Jardim Sao Fernando,Zona Oeste,2,1,1,48.0,234000.0,4875.0,4718.15476190476,4568.83198282477
173201,APARTAMENTO EM BONFIM PAULISTA,Reserva Sul Condominio,Zona Sul,2,1,1,46.0,234000.0,5086.95652173913,4662.25639219501,7019.92781217448
157559,APARTAMENTO PRÓXIMO À AVENIDA CASTELO BRANCO,Presidente Medici,Zona Leste,2,1,1,51.0,234000.0,4588.23529411765,4508.64185474962,4646.24632076016
142679,APARTAMENTO PRÓXIMO À AVENIDA INDEPENDÊNCIA,Vila Seixas,Centro,1,1,1,42.0,234000.0,5571.42857142857,4862.36131633665,4114.37759196461
44570,APARTAMENTO PRÓXIMO À AVENIDA CASTELO BRANCO,Iguatemi,Zona Norte,2,1,1,65.0,234000.0,3600.0,4838.13811749042,4316.94719953754
158840,LANÇAMENTO APARTAMENTO NA ZONA LESTE,Jardim Anhanguera,Zona Leste,2,1,1,71.0,234800.0,3307.04225352113,4372.03682882804,4646.24632076016
244829,Apartamento de 55m² com 02 quartos à venda   Vila Maria Luiza,Vila Maria Luiza,Zona Norte,2,1,1,55.0,234900.0,4270.90909090909,4653.00485819842,4316.94719953754
202586,Apartamento de 62m² com 02 quartos para locação e venda   Palmares,Residencial e Comercial Palmares,Zona Leste,2,2,1,62.0,218000.0,3516.12903225806,3830.73455662616,4646.24632076016
242375,Apartamento de 44m² com 02 quartos à venda   Recreio das Acácias,Recreio das Acacias,Zona Leste,2,1,1,44.0,235000.0,5340.90909090909,5924.20433221203,4646.24632076016
239402,Apartamento de 49m² com 01 quarto à venda   City Ribeirão,City Ribeirao,Zona Sul,1,1,1,49.0,235000.0,4795.91836734694,5481.73996829135,7019.92781217448
238925,Apartamento de 44m² com 02 quartos para venda   Recreio das Acácias,Recreio das Acacias,Zona Leste,2,1,1,44.0,235000.0,5340.90909090909,5924.20433221203,4646.24632076016
238874,Apartamento de 46m² com 02 quartos à venda   Parque São Sebastião,Parque Sao Sebastiao,Zona Leste,2,1,1,46.0,235000.0,5108.69565217391,4018.24997986766,4646.24632076016
238019,Apartamento de 42 m² com 02 quartos à venda   Quintino Facci II,Quintino Facci II,Zona Norte,2,1,1,42.0,235000.0,5595.2380952381,3658.03558245004,4316.94719953754
237035,Apartamento mobiliado de 40m² com 02 quartos á venda   Jardim Ouro Branco,Jardim Ouro Branco,Zona Leste,2,1,1,40.0,235000.0,5875.0,4456.14834639336,4646.24632076016
235808,Apartamento duplex de 61m² com 03 quartos sendo 01 suíte para venda   Parque dos Lagos,Jardim Interlagos,Zona Leste,3,2,1,61.0,235000.0,3852.45901639344,4158.11293993337,4646.24632076016
234737,Apartamento de 44m² com 02 quartos à venda   Recreio das Acácias,Recreio das Acacias,Zona Leste,2,1,1,44.0,235000.0,5340.90909090909,5924.20433221203,4646.24632076016
234599,Apartamento de 43m² com 02 quartos para venda,Reserva Macauba,Zona Norte,2,1,1,43.0,235000.0,5465.11627906977,4441.08952445151,4316.94719953754
225410,Apartamento de 43m² com 02 quartos à venda   Reserva Macaúba,Reserva Macauba,Zona Norte,2,1,1,43.0,235000.0,5465.11627906977,4441.08952445151,4316.94719953754
224825,Apartamento de 37m² com 01 quarto à venda   Nova Aliança,Nova Alianca,Zona Sul,1,1,1,37.0,235000.0,6351.35135135135,7235.27815404702,7019.92781217448
214448,Apartamento de 57m² com 02 quartos à venda   Jardim Castelo Branco,Jardim Castelo Branco,Zona Leste,2,2,1,57.0,235000.0,4122.80701754386,4046.86527169807,4646.24632076016
200447,EXCELENTE APARTAMENTO NO CAMPOS ELISEOS,Campos Eliseos,Zona Norte,2,1,1,49.0,235000.0,4795.91836734694,4308.89631323999,4316.94719953754
194318,EXCELENTE APARTAMENTO COM SUITE E ELEVADOR   OPORTUNIDADE,Jardim Zara,Zona Leste,2,2,2,58.0,235000.0,4051.72413793103,3994.52759311292,4646.24632076016
184229,Apartamento de 66m² com 03 quartos à venda   Parque Industrial Lagoinha,Parque Industrial Lagoinha,Zona Leste,3,2,1,66.0,235000.0,3560.60606060606,4502.88532269356,4646.24632076016
183002,APARTAMENTO PRÓXIMO À TRANSERP,Ipiranga,Zona Oeste,2,1,1,41.0,235000.0,5731.70731707317,4227.19529650629,4568.83198282477
180707,Apartamento de 56m² com 02 quartos à venda   Residencial Greenville,Residencial Greenville,Zona Norte,2,2,1,56.0,235000.0,4196.42857142857,4670.88804474239,4316.94719953754
173405,APARTAMENTO MOBILIADO NO CENTRO,Vila Seixas,Centro,1,1,1,42.0,235000.0,5595.2380952381,4862.36131633665,4114.37759196461
173396,Apartamento de 43m² com 02 quartos à venda   Loteamento Santa Marta,Loteamento Santa Marta,Zona Norte,2,1,1,43.0,235000.0,5465.11627906977,5386.60691471388,4316.94719953754
169706,APARTAMENTO NO RESIDENCIAL GREENVILLE,Residencial Greenville,Zona Norte,2,2,1,53.0,235000.0,4433.96226415094,4670.88804474239,4316.94719953754
169451,APARTAMENTO NO JARDIM ZARA,Jardim Zara,Zona Leste,2,2,1,61.0,235000.0,3852.45901639344,3994.52759311292,4646.24632076016
168839,APARTAMENTO NO JARDIM PALMARES,Residencial e Comercial Palmares,Zona Leste,2,2,1,65.0,235000.0,3615.38461538462,3830.73455662616,4646.24632076016
168446,APARTAMENTO EM BONFIM PAULISTA,Jardim Sao Fernando,Zona Oeste,2,1,1,48.0,235000.0,4895.83333333333,4718.15476190476,4568.83198282477
166295,Apartamento no Recanto da Lagoinha,Ribeirania,Zona Leste,2,1,1,49.0,235000.0,4795.91836734694,6622.45012983218,4646.24632076016
166034,Apartamento de 59m² com 02 quartos à venda   Parque Industrial Lagoinha,Parque Industrial Lagoinha,Zona Leste,2,1,1,59.0,235000.0,3983.05084745763,4502.88532269356,4646.24632076016
159839,APARTAMENTO NA CITY RIBEIRÃO,City Ribeirao,Zona Sul,2,1,1,47.0,235000.0,5000.0,5481.73996829135,7019.92781217448
159551,Apartamento   Padrão,Reserva Sul Condominio,Zona Sul,1,1,1,41.0,235000.0,5731.70731707317,4662.25639219501,7019.92781217448
159044,Apartamento de 61m² para locação e venda   Presidente Médici,Presidente Medici,Zona Leste,2,2,1,61.0,235000.0,3852.45901639344,4508.64185474962,4646.24632076016
153230,APARTAMAMENTO SEMI MOBILIADO RICO EM ARMÁRIOS,Ipiranga,Zona Oeste,2,1,1,57.0,235000.0,4122.80701754386,4227.19529650629,4568.83198282477
152006,Apartamento mobiliado com 02 quartos para locação   Jardim Paulista,Jardim Paulista,Zona Leste,2,2,1,57.0,235000.0,4122.80701754386,4839.65243893052,4646.24632076016
148031,APARTAMENTO EM BONFIM PAULISTA.,Jardim Sao Fernando,Zona Oeste,2,1,1,48.0,235000.0,4895.83333333333,4718.15476190476,4568.83198282477
147593,APARTAMENTO PRÓXIMO À RODOVIA ANTÔNIO MACHADO SANTANNA,Residencial Jequitiba,Zona Norte,2,1,1,41.0,235000.0,5731.70731707317,4751.76900217579,4316.94719953754
140765,APARTAMENTO PRÓXIMO A RODOVIA ANTÔNIO MACHADO SANTANA,Residencial Jequitiba,Zona Norte,2,1,1,41.0,235000.0,5731.70731707317,4751.76900217579,4316.94719953754
126266,APARTAMENTO NO CAMPOS ELÍSEOS,Campos Eliseos,Zona Norte,3,1,1,58.0,235000.0,4051.72413793103,4308.89631323999,4316.94719953754
114383,Apartamento   Padrão,Jardim Palma Travassos,Zona Leste,2,2,1,65.0,235000.0,3615.38461538462,4725.02380139251,4646.24632076016
107465,APARTAMENTO PRÓXIMO À AVENIDA DOM PEDRO I,Alto do Ipiranga,Zona Oeste,2,1,1,45.0,235000.0,5222.22222222222,4537.91893063963,4568.83198282477
101915,Apartamento de 46m² com 02 quartos à venda   Sumarezinho,Sumarezinho,Zona Oeste,2,1,1,46.0,235000.0,5108.69565217391,4702.46841942496,4568.83198282477
90941,APARTAMENTO NO BAIRRO ANA MARIA,Vila Ana Maria,Zona Sul,1,1,1,39.0,235000.0,6025.64102564103,6534.36599324832,7019.92781217448
63581,Apartamento com 72m² com 3 quartos à venda   Parque dos Bandeirantes,Parque dos Bandeirantes,Zona Leste,3,2,1,72.0,220000.0,3055.55555555556,4072.45658506483,4646.24632076016
203900,Apartamento de 40m² com 02 quartos à venda   Jardim Castelo Branco,Jardim Castelo Branco,Zona Leste,2,1,1,40.0,235000.0,5875.0,4046.86527169807,4646.24632076016
143240,Apartamento de 41m² com 02 quartos à venda   Residencial Jequitibá,Residencial Jequitiba,Zona Norte,2,1,1,41.0,190000.0,4634.14634146342,4751.76900217579,4316.94719953754
240977,Apartamento de 47m² com 02 quartos à venda   Alto do Ipiranga,Alto do Ipiranga,Zona Oeste,2,1,1,47.0,238500.0,5074.46808510638,4537.91893063963,4568.83198282477
232067,Apartamento de 48m² com 02 quartos à venda   Condomínio Mirante Sul,Condominio Mirante Sul,Zona Sul,2,1,1,48.0,239000.0,4979.16666666667,5048.35903353727,7019.92781217448
157994,APARTAMENTO PRÓXIMO À AVENIDA INDEPENDÊNCIA,Centro,Centro,1,1,1,47.0,239000.0,5085.10638297872,3969.0889863009,4114.37759196461
64340,Apartamento térreo de 66m² á venda   Lagoinha,Parque Industrial Lagoinha,Zona Leste,3,2,1,66.0,239000.0,3621.21212121212,4502.88532269356,4646.24632076016
146195,Apartamento de 43m² de 01 suíte   Jardim Irajá,Jardim Iraja,Zona Sul,1,2,1,43.0,202000.0,4697.67441860465,5843.60369977321,7019.92781217448
196883,Apartamento de 44m² com 01 quarto para venda e locação   Jardim Sumaré,Jardim Sumare,Zona Sul,1,1,1,44.0,215000.0,4886.36363636364,6366.17718327786,7019.92781217448
149633,APARTAMENTO PRÓXIMO À RODOVIA ANHANGUERA,Residencial e Comercial Palmares,Zona Leste,2,2,1,53.0,215000.0,4056.60377358491,3830.73455662616,4646.24632076016
224852,Apartamento de 46m² com 02 quartos para locação e venda   Reserva Sul Condomínio,Reserva Sul Condominio,Zona Sul,2,1,1,46.0,220000.0,4782.60869565217,4662.25639219501,7019.92781217448
216830,Apartamento de 42m² com 02 quartos à venda   Residencial Parque dos Servidores,Residencial Parque dos Servidores,Zona Leste,2,1,1,42.0,220000.0,5238.09523809524,4474.21131539829,4646.24632076016
192215,APARTAMENTO PRÓXIMO JARDIM MANOEL PENNA,Residencial Jequitiba,Zona Norte,2,1,1,41.0,220000.0,5365.85365853659,4751.76900217579,4316.94719953754
96002,Apartamento   Padrão,Residencial Florida,Zona Sul,2,1,2,62.0,230000.0,3709.67741935484,4586.9287610429,7019.92781217448
81995,Apartamento flat de 01 quarto para locação e venda   Jardim Califórnia,Jardim California,Zona Sul,1,1,1,38.0,230000.0,6052.63157894737,7048.58207831218,7019.92781217448
72695,Apartamento de 68m² com 01 dormitório à venda   Jardim Sumaré,Jardim Sumare,Zona Sul,1,1,1,68.0,238900.0,3513.23529411765,6366.17718327786,7019.92781217448
243626,Apartamento reformado de 57m² com 02 quartos para venda   Alto da Boa Vista,Alto da Boa Vista,Zona Sul,2,1,1,57.0,240000.0,4210.52631578947,5935.13838933655,7019.92781217448
242882,Apartamento de 45m² com 01 quarto para venda   Jardim Nova Aliança,Nova Alianca,Zona Sul,1,1,1,45.0,240000.0,5333.33333333333,7235.27815404702,7019.92781217448
240833,Apartamento de 44m² com 02 quartos à venda   Recreio das Acácias,Recreio das Acacias,Zona Leste,2,1,1,44.0,240000.0,5454.54545454546,5924.20433221203,4646.24632076016
240323,Apartamento de 45m² com 02 quartos para venda   Ribeirânia,Ribeirania,Zona Leste,2,1,1,45.0,240000.0,5333.33333333333,6622.45012983218,4646.24632076016
238634,APARTAMENTO NO RESIDENCIAL TAMARINDOS,Jardim Anhanguera,Zona Leste,2,2,1,72.0,240000.0,3333.33333333333,4372.03682882804,4646.24632076016
236087,Apartamento de 83m² com 02 quartos para locação   Vila Tibério,Vila Tiberio,Zona Oeste,2,2,1,83.0,240000.0,2891.56626506024,5772.27801236641,4568.83198282477
233957,Apartamento de 41m² com 1 quarto   Jd Nova Aliança Sul,Jardim Nova Alianca Sul,Zona Sul,1,1,1,41.0,240000.0,5853.65853658537,6999.09526420546,7019.92781217448
233756,Apartamento/Padrão   Residencial   No bairro Residencial e Comercial Palmares   Edifício Rio Tâmisa,Residencial e Comercial Palmares,Zona Leste,2,1,1,54.0,240000.0,4444.44444444444,3830.73455662616,4646.24632076016
233714,Apartamento de 42m² com 02 quartos para venda e locação   Vila Virgínia,Vila Virginia,Zona Oeste,2,1,1,42.0,240000.0,5714.28571428572,4199.44386633332,4568.83198282477
233114,Apartamento de 46m² com 02 quartos para venda   Ribeirânia,Ribeirania,Zona Leste,2,1,1,46.0,240000.0,5217.39130434783,6622.45012983218,4646.24632076016
229340,Apartamento de 47m² com 02 quartos à venda   Alto do Ipiranga,Alto do Ipiranga,Zona Oeste,2,1,1,47.0,240000.0,5106.3829787234,4537.91893063963,4568.83198282477
228800,Apartamento de 42m² com 02 Quartos a venda Quintino Face II,Quintino Facci II,Zona Norte,2,1,1,42.0,240000.0,5714.28571428572,3658.03558245004,4316.94719953754
227522,Apartamento de 46m² com 01 quarto à venda   Centro,Centro,Centro,1,1,1,46.0,240000.0,5217.39130434783,3969.0889863009,4114.37759196461
222335,Apartamento de 47m² com 02 quartos à venda   Condomínio Mirante Sul,Condominio Mirante Sul,Zona Sul,2,1,1,47.0,240000.0,5106.3829787234,5048.35903353727,7019.92781217448
221924,Apartamento de 44m² com 02 quartos para venda   Recreio das Acácias,Recreio das Acacias,Zona Leste,2,1,1,44.0,240000.0,5454.54545454546,5924.20433221203,4646.24632076016
220193,Apartamento mobiliado de 47m² com 02 quartos para locação e venda   City Ribeirão,City Ribeirao,Zona Sul,2,1,1,47.0,240000.0,5106.3829787234,5481.73996829135,7019.92781217448
219626,Apartamento de 49m² com 02 quartos para locação   Jardim Paulistano,Jardim Paulistano,Zona Leste,2,1,1,49.0,240000.0,4897.95918367347,4354.41245373771,4646.24632076016
208544,Apartamento   Padrão,Condominio Itamaraty,Zona Oeste,1,1,1,49.0,240000.0,4897.95918367347,5336.72097624817,4568.83198282477
205763,Apartamento de 51m² com 02 quartos à venda   Residencial das Américas,Residencial das Americas,Zona Norte,2,1,1,51.0,240000.0,4705.88235294118,3341.29895223855,4316.94719953754
205424,Apartamento de 66m² com 03 quartos à venda   Parque Industrial Lagoinha,Parque Industrial Lagoinha,Zona Leste,3,2,1,66.0,240000.0,3636.36363636364,4502.88532269356,4646.24632076016
205373,Apartamento de 43m² com 02 quartos para locação   Santa Marta em Bonfim Paulista,Loteamento Santa Marta,Zona Norte,2,1,1,43.0,240000.0,5581.39534883721,5386.60691471388,4316.94719953754
204857,Apartamento de 43m² com 02 quartos à venda   Parque dos Pinus,Jardim Heitor Rigon,Zona Norte,2,1,1,43.0,240000.0,5581.39534883721,3530.62855692946,4316.94719953754
203534,Apartamento de 48m² com 02 quartos para locação   Bonfim Paulista,Jardim Sao Fernando,Zona Oeste,2,1,1,48.0,240000.0,5000.0,4718.15476190476,4568.83198282477
203012,APARTAMENTO NO BAIRRO JARDIM ANHANGUERA,Jardim Anhanguera,Zona Leste,1,1,1,69.0,240000.0,3478.26086956522,4372.03682882804,4646.24632076016
201128,Apartamento de 62m² com 02 quartos sendo 01 suíte à venda   Residencial e Comercial Palmares,Residencial e Comercial Palmares,Zona Leste,2,2,1,62.0,240000.0,3870.96774193548,3830.73455662616,4646.24632076016
201068,Apartamento de 59m² com 02 quartos para locação   Centro,Centro,Centro,2,2,1,59.0,240000.0,4067.79661016949,3969.0889863009,4114.37759196461
199658,Apartamento de 48m² com 02 quartos para venda   Vila Virgínia,Vila Virginia,Zona Oeste,2,1,1,48.0,240000.0,5000.0,4199.44386633332,4568.83198282477
195287,Apartamento de 49m² com 02 quartos para venda e locação   Reserva Sul,Reserva Sul Condominio,Zona Sul,2,1,1,49.0,240000.0,4897.95918367347,4662.25639219501,7019.92781217448
195155,ÓTIMO APARTAMENTO TÉRREO NO RESIDENCIAL GREENVILLE!,Residencial Greenville,Zona Norte,2,2,1,47.0,240000.0,5106.3829787234,4670.88804474239,4316.94719953754
194861,Apartamento de 51m² com 02 quartos à venda   Campos Eliseos,Campos Eliseos,Zona Norte,2,1,1,51.0,240000.0,4705.88235294118,4308.89631323999,4316.94719953754
194084,Apartamento 3 dormitórios no Interlagos.!,Parque Sao Sebastiao,Zona Leste,3,2,2,67.0,240000.0,3582.08955223881,4018.24997986766,4646.24632076016
193097,APARTAMENTO NO RESERVA MACAÙBA,Reserva Macauba,Zona Norte,2,1,1,43.0,240000.0,5581.39534883721,4441.08952445151,4316.94719953754
190664,APARTAMENTO PADRÃO NO JARDIM ANHAGUERA,Jardim Anhanguera,Zona Leste,2,1,1,50.0,240000.0,4800.0,4372.03682882804,4646.24632076016
185795,Apartamento de 48m² com 02 quartos à venda   Condomínio Mirante Sul,Condominio Mirante Sul,Zona Sul,2,1,1,48.0,240000.0,5000.0,5048.35903353727,7019.92781217448
185624,Apartamento de 42m² com 02 quartos para venda   Jardim Florestan Fernandes,Jardim Florestan Fernandes,Zona Norte,2,1,1,42.0,240000.0,5714.28571428572,4173.34114617131,4316.94719953754
185066,EXCELENTE APARTAMENTO PRÓXIMO À RUA JOÃO BIM,Jardim Novo Mundo,Zona Leste,2,1,1,65.0,240000.0,3692.30769230769,5425.53576663943,4646.24632076016
183368,Apartamento de 63m² com 01 quarto térreo no mirante Sul,Reserva Sul Condominio,Zona Sul,1,2,1,63.0,240000.0,3809.52380952381,4662.25639219501,7019.92781217448
173918,Apartamento de 40m² com 01 quarto   Centro,Vila Seixas,Centro,1,1,1,40.0,240000.0,6000.0,4862.36131633665,4114.37759196461
173735,Apartamento de 53m² com 2 quartos à venda   Condomínio Mirante Sul,Condominio Mirante Sul,Zona Sul,2,2,1,53.0,240000.0,4528.30188679245,5048.35903353727,7019.92781217448
170462,APARTAMENTO NO RESIDENCIAL DAS AMÉRICAS,Residencial das Americas,Zona Norte,2,1,1,46.0,240000.0,5217.39130434783,3341.29895223855,4316.94719953754
165308,APARTAMENTO NO MONTE ALEGRE,Vila Monte Alegre,Zona Oeste,3,1,1,71.0,240000.0,3380.28169014085,5171.67916226382,4568.83198282477
159437,APARTAMENTO TÉRREO PRÓXIMO AO RIBEIRÃO SHOPPING,Vila Ana Maria,Zona Sul,1,1,1,43.0,240000.0,5581.39534883721,6534.36599324832,7019.92781217448
157889,Apartamento de 51m² com 02 quartos para venda   Presidente Médici,Presidente Medici,Zona Leste,2,1,1,51.0,240000.0,4705.88235294118,4508.64185474962,4646.24632076016
156659,APARTAMENTO PRÓXIMO À AVENIDA LEÃO XIII,Iguatemi,Zona Norte,3,1,1,72.0,240000.0,3333.33333333333,4838.13811749042,4316.94719953754
152684,Apartamento de 03 quartos para locação e venda   Campos Elíseos,Campos Eliseos,Zona Norte,3,1,1,58.0,240000.0,4137.93103448276,4308.89631323999,4316.94719953754
151568,Apartamento de 58m² com 03 quartos à venda   Campos Elíseos,Campos Eliseos,Zona Norte,3,1,1,58.0,240000.0,4137.93103448276,4308.89631323999,4316.94719953754
150398,Apartamento de 02 quartos para locação   Jardim Paulista,Jardim Paulista,Zona Leste,2,1,1,62.0,240000.0,3870.96774193548,4839.65243893052,4646.24632076016
149309,EXCELENTE APARTAMENTO NO GREENVILLE,Residencial Greenville,Zona Norte,2,2,1,53.0,240000.0,4528.30188679245,4670.88804474239,4316.94719953754
142748,Apartamento de 55m² com 01 quarto á venda   Centro,Centro,Centro,1,1,1,55.0,240000.0,4363.63636363636,3969.0889863009,4114.37759196461
129998,Apartamento   Padrão,Condominio Mirante Sul,Zona Sul,2,1,1,48.0,240000.0,5000.0,5048.35903353727,7019.92781217448
127322,APARTAMENTO NO JARDIM PRESIDENTE DUTRA,Jardim Presidente Dutra,Zona Norte,2,1,1,52.0,240000.0,4615.38461538462,4905.73152337858,4316.94719953754
125864,APARRTAMENTO TÉRREO PRÓXIMO À AVENIDA BRAZ OLAIA ACOSTA,Vila Ana Maria,Zona Sul,1,1,1,45.0,240000.0,5333.33333333333,6534.36599324832,7019.92781217448
125588,Apartamento mobiliado de 40m² com 01 quarto para locação   Vila Tibério,Vila Amelia,Zona Oeste,1,1,1,40.0,240000.0,6000.0,4740.17583820671,4568.83198282477
122456,Apartamento de 51m² com 02 quartos para venda  ,Jardim Palma Travassos,Zona Leste,1,1,1,51.0,240000.0,4705.88235294118,4725.02380139251,4646.24632076016
113345,Apartamento de 46² com 02 quartos para venda   Reserva Sul Condomínio,Reserva Sul Condominio,Zona Sul,2,1,1,46.0,240000.0,5217.39130434783,4662.25639219501,7019.92781217448
111923,Apartamento de 52m² com 02 quartos à venda   Jardim Zara,Jardim Zara,Zona Leste,2,1,1,52.0,240000.0,4615.38461538462,3994.52759311292,4646.24632076016
107681,Apartamento de 45m² com 01 quarto à venda   Jardim Botânico,Jardim Botanico,Zona Sul,1,1,2,45.0,240000.0,5333.33333333333,7403.36272123417,7019.92781217448
103124,Apartamento de 02 quartos à venda   City Ribeirão.,City Ribeirao,Zona Sul,2,1,1,46.0,240000.0,5217.39130434783,5481.73996829135,7019.92781217448
98582,Apartamento de 42m² com 02 quartos à venda   Vila Virgínia,Vila Virginia,Zona Oeste,2,1,1,42.0,240000.0,5714.28571428572,4199.44386633332,4568.83198282477
92681,APARTAMENTO PRÓXIMO À AVENIDA INDEPENDÊNCIA,Alto da Boa Vista,Zona Sul,2,1,1,71.0,240000.0,3380.28169014085,5935.13838933655,7019.92781217448
82583,Apartamento de 03 quartos para locação   Jd Sumaré,Jardim Sumare,Zona Sul,3,2,1,95.0,240000.0,2526.31578947368,6366.17718327786,7019.92781217448
77309,Apartamento de 48m² com 02 quartos para locação e venda   Vila Maria Luiza,Vila Maria Luiza,Zona Norte,2,1,2,48.0,240000.0,5000.0,4653.00485819842,4316.94719953754
50633,Apartamento de 01 quarto para locação   Vila Ana Maria,Vila Ana Maria,Zona Sul,1,1,1,39.0,240000.0,6153.84615384615,6534.36599324832,7019.92781217448
40376,ÓTIMO APARTAMENTO NO BAIRRO VILA TIBÉRIO,Vila Monte Alegre,Zona Oeste,3,3,2,89.0,240000.0,2696.62921348315,5171.67916226382,4568.83198282477
34739,Apartamento de 02 quartos para locação   Vila Virginia,Vila Virginia,Zona Oeste,2,2,2,90.0,240000.0,2666.66666666667,4199.44386633332,4568.83198282477
180737,APARTAMENTO A VENDA NO RESIDENCIAL JEQUITIBÁ,Residencial Jequitiba,Zona Norte,2,1,1,41.0,241000.0,5878.04878048781,4751.76900217579,4316.94719953754
157511,LINDO APARTAMENTO PRÓXIMO A AV. DOM PEDRO,Ipiranga,Zona Oeste,2,2,1,62.0,241491.2,3895.01935483871,4227.19529650629,4568.83198282477
166913,Apartamento de 45m² com 02 quartos à venda   Jardim Orestes Lopes de Camargo,Jardim Heitor Rigon,Zona Norte,2,1,1,45.0,242194.5,5382.1,3530.62855692946,4316.94719953754
245381,Apartamento de 58m² com 03 quartos à venda   Campos Elíseos,Campos Eliseos,Zona Norte,3,1,1,58.0,243000.0,4189.65517241379,4308.89631323999,4316.94719953754
240791,Apartamento de 49m² com 02 quartos à venda   Campos Elíseos,Campos Eliseos,Zona Norte,2,1,1,49.0,243000.0,4959.18367346939,4308.89631323999,4316.94719953754
105641,Apartamento de 47m² com 02 quartos à venda   City Ribeirão,City Ribeirao,Zona Sul,2,1,1,47.0,243000.0,5170.21276595745,5481.73996829135,7019.92781217448
241436,Apartamento de 65m² com 02 quartos à venda   Vila Tibério,Vila Tiberio,Zona Oeste,2,1,1,65.0,243800.0,3750.76923076923,5772.27801236641,4568.83198282477
208877,Apartamento de 76 m² com 03 quartos   Presidente Medici,Presidente Medici,Zona Leste,3,2,1,76.0,243800.0,3207.89473684211,4508.64185474962,4646.24632076016
219461,Apartamento de 66m² com 03 quartos sendo 01 suíte à venda   Parque Industrial Lagoinha,Parque Industrial Lagoinha,Zona Leste,3,2,1,66.0,229000.0,3469.69696969697,4502.88532269356,4646.24632076016
86117,APARTAMENTO NO RESIDENCIAL GREENVILLE,Residencial Greenville,Zona Norte,2,2,1,60.0,234000.0,3900.0,4670.88804474239,4316.94719953754
154001,Apartamento de 69m² com 03 quartos à venda   Jardim Paulista,Jardim Paulista,Zona Leste,3,2,1,69.0,240000.0,3478.26086956522,4839.65243893052,4646.24632076016
195980,EXCELENTE APARTAMENTO NO VILA ANA MARIA,Vila Ana Maria,Zona Sul,1,1,1,40.0,244000.0,6100.0,6534.36599324832,7019.92781217448
192194,Apartamento de 67m² com 02 quartos para venda   Vila Amélia,Vila Amelia,Zona Oeste,2,1,1,67.0,244000.0,3641.79104477612,4740.17583820671,4568.83198282477
168998,APARTAMENTO NO JARDIM ZARA,Jardim Zara,Zona Leste,2,2,2,54.0,244000.0,4518.51851851852,3994.52759311292,4646.24632076016
167024,APARTAMENTO NO NOVA ALIANÇA,Nova Alianca,Zona Sul,1,2,1,43.0,244000.0,5674.41860465116,7235.27815404702,7019.92781217448
149555,APARTAMENTO PRÓXIMO À AVENIDA JOSÉ ANTÔNIO FERRAREZI,Reserva Real,Zona Sul,2,1,1,41.0,244000.0,5951.21951219512,4252.08579993765,7019.92781217448
147170,APARTAMENTO PRÓXIMO À AVENIDA LUIGI ROSIELLO,Sumarezinho,Zona Oeste,2,1,1,46.0,244000.0,5304.34782608696,4702.46841942496,4568.83198282477
131432,Apartamento de 48m² com 02 quartos á venda   Alto do Ipiranga,Alto do Ipiranga,Zona Oeste,2,2,1,48.0,244000.0,5083.33333333333,4537.91893063963,4568.83198282477
109514,APARTAMENTO PRÓXIMO AO NOVO SHOPPING,Residencial Greenville,Zona Norte,2,2,1,71.0,244000.0,3436.61971830986,4670.88804474239,4316.94719953754
96605,Apartamento de 59m² com 03 quartos para locação e venda   Campos Elíseos,Campos Eliseos,Zona Norte,3,2,1,59.0,244000.0,4135.59322033898,4308.89631323999,4316.94719953754
121631,Apartamento 46m² com 02 quartos   Residencial Greenville,Residencial Greenville,Zona Norte,2,1,1,46.0,180000.0,3913.04347826087,4670.88804474239,4316.94719953754
240815,Apartamento de 44m² com 02 quartos para venda   Recreio das Acácias,Recreio das Acacias,Zona Leste,2,1,1,44.0,219999.0,4999.97727272727,5924.20433221203,4646.24632076016
133535,Apartamento de 48m² com 02 quartos para locação   Residencial Jequitibá,Residencial Jequitiba,Zona Norte,2,1,1,48.0,233000.0,4854.16666666667,4751.76900217579,4316.94719953754
93146,EXCELENTE LOCALIZAÇÃO NA VILA TIBÉRIO,Vila Tiberio,Zona Oeste,2,2,1,62.0,235000.0,3790.32258064516,5772.27801236641,4568.83198282477
168512,"APARTAMENTO 3 DORMITÓRIOS, BAIRRO LAGOINHA",Parque Industrial Lagoinha,Zona Leste,3,2,1,66.0,243000.0,3681.81818181818,4502.88532269356,4646.24632076016
242720,Apartamento de 54m² com 02 quartos à venda   Dom Bernardo José Mielle,Dom Bernardo Jose Mielle,Zona Norte,2,1,1,54.0,245000.0,4537.03703703704,5962.96296296296,4316.94719953754
241247,Apartamento de 76m² com 02 quartos à venda   Centro,Centro,Centro,2,2,1,76.0,245000.0,3223.68421052632,3969.0889863009,4114.37759196461
238772,Apartamento de 47m² com 02 quartos à venda   Alto do Ipiranga,Alto do Ipiranga,Zona Oeste,2,1,1,47.0,245000.0,5212.76595744681,4537.91893063963,4568.83198282477
238424,Apartamento de 60m² com 02 quartos à venda   Jardim Paulistano,Jardim Paulistano,Zona Leste,2,2,1,60.0,245000.0,4083.33333333333,4354.41245373771,4646.24632076016
225605,Apartamento de 52m² com 02 quartos à venda   Jardim Zara,Jardim Zara,Zona Leste,2,2,1,52.0,245000.0,4711.53846153846,3994.52759311292,4646.24632076016
223778,Apartamento de 66m² com 03 quartos sendo 01 suíte à venda   Parque Industrial Lagoinha,Parque Industrial Lagoinha,Zona Leste,3,2,1,66.0,245000.0,3712.12121212121,4502.88532269356,4646.24632076016
198563,APARTAMENTO PRÓXIMO À RODOVIA ANHANGUERA,Jardim Zara,Zona Leste,2,1,1,53.0,245000.0,4622.64150943396,3994.52759311292,4646.24632076016
192695,APARTAMENTO NO BAIRRO JARDIM MANOEL PENNA,Residencial Greenville,Zona Norte,2,2,1,57.0,245000.0,4298.24561403509,4670.88804474239,4316.94719953754
182222,APARTAMENTO DIFERENCIADO NO SUMAREZINHO,Sumarezinho,Zona Oeste,2,1,1,44.0,245000.0,5568.18181818182,4702.46841942496,4568.83198282477
170756,APARTAMENTO EM BONFIM PAULISTA,Jardim Sao Fernando,Zona Oeste,2,1,1,48.0,245000.0,5104.16666666667,4718.15476190476,4568.83198282477
159710,*** Ótima Oportunidade Apartamento no Parque São Sebastião***,Parque Sao Sebastiao,Zona Leste,2,1,1,46.0,245000.0,5326.08695652174,4018.24997986766,4646.24632076016
157496,APARTAMENTO PRÓXIMO À AVENIDA PIO XII,Vila Virginia,Zona Oeste,2,1,1,48.0,245000.0,5104.16666666667,4199.44386633332,4568.83198282477
122384,APARTAMENTO NO MANOEL PENNA,Residencial Greenville,Zona Norte,2,1,2,44.0,245000.0,5568.18181818182,4670.88804474239,4316.94719953754
110282,Apartamento de 30m² com 01 quarto à venda   Nova Aliança,Nova Alianca,Zona Sul,1,1,1,30.0,245000.0,8166.66666666667,7235.27815404702,7019.92781217448
109934,Apartamento de 33m² com 01 quarto para locação e venda   Nova Aliança,Nova Alianca,Zona Sul,1,1,1,33.0,245000.0,7424.24242424242,7235.27815404702,7019.92781217448
98507,APARTAMENTO NO JARDIM BOTÂNICO,Jardim Botanico,Zona Sul,1,1,1,43.0,245000.0,5697.67441860465,7403.36272123417,7019.92781217448
97844,Apartamento de 42m² com 01 quarto para locação   Jardim Nova Aliança Sul,Jardim Nova Alianca Sul,Zona Sul,1,1,1,42.0,245000.0,5833.33333333333,6999.09526420546,7019.92781217448
87719,Apartamento   Padrão,Jardim Nova Alianca Sul,Zona Sul,1,1,1,42.0,245000.0,5833.33333333333,6999.09526420546,7019.92781217448
86570,APARTAMENTO PRÓXIMO AO RIBEIRÃO SHOPPING,Vila Ana Maria,Zona Sul,1,1,1,40.0,245000.0,6125.0,6534.36599324832,7019.92781217448
68546,Apartamento de 42m² com 01 quarto para a locação e venda   Vila Ana Maria,Vila Ana Maria,Zona Sul,1,1,1,42.0,245000.0,5833.33333333333,6534.36599324832,7019.92781217448
65471,Apartamento de 72m² com 03 quartos à venda   Presidente Médici,Presidente Medici,Zona Leste,3,1,1,72.0,245000.0,3402.77777777778,4508.64185474962,4646.24632076016
64127,Apartamento de 37 m² com 01 quarto   Presidente Medici,Presidente Medici,Zona Leste,1,1,1,37.0,245000.0,6621.62162162162,4508.64185474962,4646.24632076016
63386,Apartamento de 47m² com 01 quarto para locação e venda   Nova Aliança,Nova Alianca,Zona Sul,1,1,1,47.0,245000.0,5212.76595744681,7235.27815404702,7019.92781217448
33035,EXCELENTE APARTAMENTO PRÓXIMO À AVENIDA LEÃO XIII,Parque Industrial Lagoinha,Zona Leste,3,2,1,84.0,245000.0,2916.66666666667,4502.88532269356,4646.24632076016
148040,APARTAMENTO PRÓXIMO À AVENIDA PROFESSORA EDUL RANGEL RABELLO,Residencial Greenville,Zona Norte,2,1,1,44.0,246000.0,5590.90909090909,4670.88804474239,4316.94719953754
142280,APARTAMENTO PRÓXIMO À AVENIDA ALFREDO RAVANELI,Parque Sao Sebastiao,Zona Leste,2,1,1,56.0,247000.0,4410.71428571429,4018.24997986766,4646.24632076016
138077,Apartamento de 47m² com 02 quartos à venda   Jardim Paulistano,Jardim Paulistano,Zona Leste,2,1,1,47.0,190000.0,4042.55319148936,4354.41245373771,4646.24632076016
122168,APARTAMENTO PRÓXIMO À RUA GENERAL CÂMARA,Ipiranga,Zona Oeste,2,2,1,75.0,235000.0,3133.33333333333,4227.19529650629,4568.83198282477
223862,Apartamento de 64m² com 02 quartos sendo 01 suíte à venda   Jardim Itaporã,Jardim Itapora,Zona Oeste,2,2,1,64.0,248000.0,3875.0,4357.67018779343,4568.83198282477
170300,APARTAMENTO NO JARDIM ANHANGUERA,Jardim Anhanguera,Zona Leste,2,1,1,52.0,248000.0,4769.23076923077,4372.03682882804,4646.24632076016
158831,LANÇAMENTO APARTAMENTO NA ZONA LESTE,Jardim Anhanguera,Zona Leste,2,1,1,50.0,248000.0,4960.0,4372.03682882804,4646.24632076016
192956,****APARTAMENTO NA VILA VIRGINIA****,Vila Virginia,Zona Oeste,2,1,1,47.0,248450.0,5286.17021276596,4199.44386633332,4568.83198282477
183755,Apartamento de 50m² com 02 quartos à venda   Jardim Bom Pastor,Jardim Bom Pastor,Zona Oeste,2,1,1,50.0,240000.0,4800.0,4738.46153846154,4568.83198282477
183752,Apartamento de 50m² com 02 quartos à venda   Jardim Bom Pastor,Jardim Bom Pastor,Zona Oeste,2,1,1,50.0,240000.0,4800.0,4738.46153846154,4568.83198282477
183749,Apartamento de 50m² com 02 quartos à venda   Jardim Bom Pastor,Jardim Bom Pastor,Zona Oeste,2,1,1,50.0,240000.0,4800.0,4738.46153846154,4568.83198282477
183746,Apartamento de 50m² com 02 quartos à venda   Jardim Bom Pastor,Jardim Bom Pastor,Zona Oeste,2,1,1,50.0,240000.0,4800.0,4738.46153846154,4568.83198282477
162335,APARTAMENTO NA LAGOINHA,Parque Industrial Lagoinha,Zona Leste,3,2,1,75.0,240000.0,3200.0,4502.88532269356,4646.24632076016
162884,Apartamento   Padrão,Residencial e Comercial Palmares,Zona Leste,2,2,1,53.0,249000.0,4698.11320754717,3830.73455662616,4646.24632076016
168128,APARTAMENTO NO PARQUE INDUSTRIAL LAGOINHA,Parque Industrial Lagoinha,Zona Leste,2,1,1,42.0,249100.0,5930.95238095238,4502.88532269356,4646.24632076016
92015,APARTAMENTO PRÓXIMO À AVENIDA BARÃO DO BANANAL,Jardim Zara,Zona Leste,2,2,1,62.0,249900.0,4030.64516129032,3994.52759311292,4646.24632076016
234179,Apartamento de 376m² com 04 suítes à venda   Jardim Olhos D`Água,Jardim Ilhas do Sul,Zona Sul,4,7,5,376.0,3150000.0,8377.65957446809,8797.52735990227,7019.92781217448
221075,Apartamento de 43m² com 02 quartos à venda   Jardim Diva Tarlá de Carvalho,Jardim Diva Tarla de Carvalho,Zona Norte,2,1,1,43.0,156000.0,3627.90697674419,3667.24240741883,4316.94719953754
179111,Apartamento de 02 quartos para locação   Reserva Sul,Reserva Sul Condominio,Zona Sul,2,1,1,46.0,200000.0,4347.82608695652,4662.25639219501,7019.92781217448
200381,Excelente apartamento Térreo com quintal.,Reserva Real,Zona Sul,2,1,1,41.0,212000.0,5170.73170731707,4252.08579993765,7019.92781217448
73034,Apartamento duplex de 61m² com 03 quartos para venda e locação   Parque dos Lagos,Parque dos Lagos,Zona Leste,3,2,1,61.0,215000.0,3524.59016393443,4175.19186695209,4646.24632076016
205292,Apartamento com 54m² com 02 quartos à venda   Jardim Zara,Jardim Zara,Zona Leste,2,1,1,54.0,220000.0,4074.07407407407,3994.52759311292,4646.24632076016
154175,Apartamento de 46m² com 02 quartos para venda   Lagoinha,Ribeirania,Zona Leste,2,1,1,46.0,220000.0,4782.60869565217,6622.45012983218,4646.24632076016
131438,Apartamento de 49m² com 02 quartos para venda   Parque Industrial Lagoinha.,Parque Sao Sebastiao,Zona Leste,2,1,1,49.0,220000.0,4489.79591836735,4018.24997986766,4646.24632076016
80786,APARTAMENTO TÉRREO PRÓXIMO A AVENIDA SENADOR CÉSAR VERGUEIRO,Jardim Sao Luiz,Zona Sul,1,1,1,55.0,220000.0,4000.0,5775.49648772587,7019.92781217448
117890,Apartamento de 76 m² com 03 quartos   Presidente Médici,Jardim Palma Travassos,Zona Leste,3,2,1,76.0,225000.0,2960.52631578947,4725.02380139251,4646.24632076016
238325,Apartamento de 46m² com 02 quartos para venda   Jardim Paulistano,Jardim Paulistano,Zona Leste,2,1,1,46.0,230000.0,5000.0,4354.41245373771,4646.24632076016
221675,Apartamento de 56m² com 02 quartos sendo 01 suíte à venda   Chácara Pedro Correa de Carvalho,Chacaras Pedro Correa de Carvalho,Zona Norte,2,1,1,56.0,230000.0,4107.14285714286,4124.52491399826,4316.94719953754
161459,LINDO APARTAMENTO NO PARQUE ANHANGUERA,Parque Anhanguera,Zona Leste,2,2,1,64.0,230000.0,3593.75,4177.86557112983,4646.24632076016
141449,APARTAMENTO PADRÃO 1 DORMITÓRIO   CENTRO   RIBEIRÃO PRETO SP,Centro,Centro,1,1,1,43.0,230000.0,5348.83720930233,3969.0889863009,4114.37759196461
70046,Apartamento de 44m² com 01 quarto à venda   Jardim Sumaré,Jardim Sumare,Zona Sul,1,1,1,44.0,230000.0,5227.27272727273,6366.17718327786,7019.92781217448
214226,Apartamento térreo de 43m² com 02 quartos à venda   Sumarezinho,Sumarezinho,Zona Oeste,2,1,1,43.0,235000.0,5465.11627906977,4702.46841942496,4568.83198282477
118250,Apartamento de 69m² com 03 quartos à venda   Jardim Paulista,Jardim Paulista,Zona Leste,3,2,1,69.0,235000.0,3405.79710144928,4839.65243893052,4646.24632076016
103010,Apartamento de 38m² com 01 quarto para venda   Presidente Médici,Presidente Medici,Zona Leste,1,1,1,38.0,235000.0,6184.21052631579,4508.64185474962,4646.24632076016
52817,Apartamento de 01 quarto para locação   Vila Seixas,Centro,Centro,1,1,1,49.0,235000.0,4795.91836734694,3969.0889863009,4114.37759196461
208682,Apartamento Mobiliado de 52m² com 02 quartos à venda   Jardim do Trêvo,Jardim Anhanguera,Zona Leste,2,1,1,52.0,240000.0,4615.38461538462,4372.03682882804,4646.24632076016
204302,Apartamento duplex com 02 quartos à venda   Jardim Zara,Jardim Zara,Zona Leste,2,2,1,150.0,240000.0,1600.0,3994.52759311292,4646.24632076016
126491,Apartamento de 54m² com 02 quartos para venda  Parque São Sebastião.,Parque Sao Sebastiao,Zona Leste,2,1,1,54.0,245000.0,4537.03703703704,4018.24997986766,4646.24632076016
245273,Apartamento de 73m² com 03 quartos para venda   Residencial Lívia,Parque dos Bandeirantes,Zona Leste,3,2,1,73.0,250000.0,3424.65753424658,4072.45658506483,4646.24632076016
243608,Apartamento de 41m² com 1 quarto   Jd Nova Aliança Sul,Jardim Nova Alianca Sul,Zona Sul,1,1,1,41.0,250000.0,6097.56097560976,6999.09526420546,7019.92781217448
243431,Apartamento de 44m² com 01 suíte à venda   Nova Aliança,Nova Alianca,Zona Sul,1,1,1,44.0,250000.0,5681.81818181818,7235.27815404702,7019.92781217448
243005,Apartamento de 44m² com 02 quartos à venda   Recreio das Acácias,Recreio das Acacias,Zona Leste,2,1,1,44.0,250000.0,5681.81818181818,5924.20433221203,4646.24632076016
240761,Apartamento térreo de 94m² com 03 quartos para locação   Vila Monte Alegre,Vila Monte Alegre,Zona Oeste,3,2,1,94.0,250000.0,2659.57446808511,5171.67916226382,4568.83198282477
238388,Apartamento térreo de 47m² com 02 quartos à venda   Jardim Regatas,Jardim Regatas,Zona Leste,2,1,1,47.0,250000.0,5319.14893617021,5319.14893617021,4646.24632076016
236930,Apartamento de 69m² com 03 quartos para locação e venda   Jardim Paulista,Jardim Paulista,Zona Leste,3,1,1,69.0,250000.0,3623.1884057971,4839.65243893052,4646.24632076016
235481,Apartamento de 41m² com 01 quarto à venda   Vila Monte Alegre,Vila Monte Alegre,Zona Oeste,1,1,1,41.0,250000.0,6097.56097560976,5171.67916226382,4568.83198282477
234497,Apartamento de 51m² com 2 quartos e quintal à venda   Residencial Greenville,Residencial Greenville,Zona Norte,2,1,1,51.0,250000.0,4901.96078431373,4670.88804474239,4316.94719953754
233894,Apartamento de 53m² com 02 quartos á venda   Quinta da Primavera,Condominio Mirante Sul,Zona Sul,2,1,1,53.0,250000.0,4716.98113207547,5048.35903353727,7019.92781217448
232688,Apartamento de 43m² com 02 quartos à venda   Parque dos Lagos,Jardim Interlagos,Zona Leste,2,1,1,43.0,250000.0,5813.95348837209,4158.11293993337,4646.24632076016
232478,Apartamento,Jardim Centenario,Zona Norte,2,1,1,47.0,250000.0,5319.14893617021,5319.14893617021,4316.94719953754
230960,Apartamento de 52m² com 02 quartos à venda   Jardim Anhanguera,Jardim Anhanguera,Zona Leste,2,1,1,52.0,250000.0,4807.69230769231,4372.03682882804,4646.24632076016
230177,Apartamento de 72m² com 02 quartos para venda   Jardim Castelo Branco,Jardim Castelo Branco,Zona Leste,2,2,1,72.0,250000.0,3472.22222222222,4046.86527169807,4646.24632076016
230138,Apartamento de 65m² com 02 quartos à venda   Parque Anhanguera,Parque Anhanguera,Zona Leste,2,1,1,65.0,250000.0,3846.15384615385,4177.86557112983,4646.24632076016
229700,Apartamento de 46m² com 01 quarto 01 vaga de garagem à venda   Centro,Centro,Centro,1,1,1,46.0,250000.0,5434.78260869565,3969.0889863009,4114.37759196461
228026,Apartamento de 44m² com 02 quartos à venda   Jardim Paulista,Jardim Paulista,Zona Leste,2,1,1,44.0,250000.0,5681.81818181818,4839.65243893052,4646.24632076016
225911,Apartamento de 42m² com 02 quartos para locação e venda   Residencial Parque dos Servidores,Residencial Parque dos Servidores,Zona Leste,2,1,1,42.0,250000.0,5952.38095238095,4474.21131539829,4646.24632076016
225254,Apartamento de 64m² com 02 quartos à venda   Presidente Médici,Presidente Medici,Zona Leste,2,2,1,64.0,250000.0,3906.25,4508.64185474962,4646.24632076016
224555,Apartamento de 66m² com 03 quartos sendo 01 suíte para locação   Parque Industrial Lagoinha,Parque Industrial Lagoinha,Zona Leste,3,2,1,66.0,250000.0,3787.87878787879,4502.88532269356,4646.24632076016
223904,Apartamento de 86m² com 03 quartos à venda   Jardim Castelo Branco,Jardim Castelo Branco,Zona Leste,3,2,1,86.0,250000.0,2906.97674418605,4046.86527169807,4646.24632076016
222671,Apartamento térreo de 52m² com 02 quartos à venda   Residencial Greenville,Residencial Greenville,Zona Norte,2,1,1,52.0,250000.0,4807.69230769231,4670.88804474239,4316.94719953754
215924,Apartamento de 45m² com 01 quarto à venda   Jardim Irajá,Jardim Iraja,Zona Sul,1,1,1,45.0,250000.0,5555.55555555556,5843.60369977321,7019.92781217448
215348,Apartamento de 46m² com 02 quartos à venda   Jardim Manoel Penna,Jardim Manoel Penna,Zona Leste,2,1,1,46.0,250000.0,5434.78260869565,4812.40737129408,4646.24632076016
212771,Apartamento de 48m² 02 quartos para locação e venda   Ipiranga,Ipiranga,Zona Oeste,2,1,1,48.0,250000.0,5208.33333333333,4227.19529650629,4568.83198282477
209828,Apartamento de 67m² com 02 quartos para venda   Residencial Florida,Residencial Florida,Zona Sul,2,2,1,67.0,250000.0,3731.34328358209,4586.9287610429,7019.92781217448
209594,Apartamento de 38m² com 01 quarto   Condomínio Itamaraty,Jardim Iraja,Zona Sul,1,1,1,38.0,250000.0,6578.94736842105,5843.60369977321,7019.92781217448
207332,Apartamento   Padrão,City Ribeirao,Zona Sul,2,1,1,47.0,250000.0,5319.14893617021,5481.73996829135,7019.92781217448
205883,Apartamento de 43m² com 02 quartos à venda   Recreio das Acácias,Recreio das Acacias,Zona Leste,2,1,1,43.0,250000.0,5813.95348837209,5924.20433221203,4646.24632076016
204602,Apartamento de 72m² com 02 quartos à venda   Jardim Palma Travassos,Jardim Palma Travassos,Zona Leste,2,2,1,72.0,250000.0,3472.22222222222,4725.02380139251,4646.24632076016
200960,EXCELENTE APARTAMENTO PARA VENDA NO BAIRRO JARDIM IRAJÁ,Jardim Iraja,Zona Sul,1,2,1,37.0,250000.0,6756.75675675676,5843.60369977321,7019.92781217448
198044,EXCELENTE APARTAMENTO PARA VENDA NO BAIRRO LAGOINHA,Parque Industrial Lagoinha,Zona Leste,3,2,1,66.0,250000.0,3787.87878787879,4502.88532269356,4646.24632076016
197069,Apartamento de 43m² com 02 quartos   Santa Marta em Bonfim Paulista,Loteamento Santa Marta,Zona Norte,2,1,1,43.0,250000.0,5813.95348837209,5386.60691471388,4316.94719953754
195773,Apartamento de 47m² com 02 quartos para locação  City Ribeirão,City Ribeirao,Zona Sul,2,1,1,47.0,250000.0,5319.14893617021,5481.73996829135,7019.92781217448
195686,LINDO APARTAMENTO NO IGUATEMI,Iguatemi,Zona Norte,1,1,1,45.0,250000.0,5555.55555555556,4838.13811749042,4316.94719953754
194603,Apartamento   Padrão,Alto da Boa Vista,Zona Sul,2,1,1,47.0,250000.0,5319.14893617021,5935.13838933655,7019.92781217448
192791,EXCELENTE APARTAMENTO TÉRREO NO PRESIDENTE MEDICI,Presidente Medici,Zona Leste,3,2,2,71.0,250000.0,3521.12676056338,4508.64185474962,4646.24632076016
192788,APARTAMENTO PRÓXIMO JARDIM PAULISTA,Jardim Paulista,Zona Leste,2,2,1,57.0,250000.0,4385.9649122807,4839.65243893052,4646.24632076016
192503,Apartamento de 81m² com 02 quartos à venda   Nova Ribeirânia,Nova Ribeirania,Zona Leste,2,2,1,81.0,250000.0,3086.41975308642,6636.64015183677,4646.24632076016
192134,Apartamento Condomínio Mirante Sul Resort,Condominio Mirante Sul,Zona Sul,2,1,1,98.0,250000.0,2551.02040816327,5048.35903353727,7019.92781217448
189530,Apartamento de 44m² com 02 quartos à venda   Jardim Paulista,Jardim Paulista,Zona Leste,1,1,1,44.0,250000.0,5681.81818181818,4839.65243893052,4646.24632076016
188561,UMA ÓTIMA OPORTUNIDADE,Parque dos Bandeirantes,Zona Leste,2,2,1,69.0,250000.0,3623.1884057971,4072.45658506483,4646.24632076016
188450,APARTAMENTO NOVO EM CONDOMINIO FECHADO,Chacaras Pedro Correa de Carvalho,Zona Norte,2,2,1,56.0,250000.0,4464.28571428572,4124.52491399826,4316.94719953754
187577,Apartamento de 55m² com 01 quarto para venda   Centro,Centro,Centro,1,1,1,55.0,250000.0,4545.45454545455,3969.0889863009,4114.37759196461
183818,APARTAMENTO PRÓXIMO À AVENIDA CORONEL QUITO JUNQUEIRA,Campos Eliseos,Zona Norte,3,2,1,73.0,250000.0,3424.65753424658,4308.89631323999,4316.94719953754
183563,APARTAMENTO NA LAGOINHA,Ribeirania,Zona Leste,2,1,1,49.0,250000.0,5102.04081632653,6622.45012983218,4646.24632076016
183497,Apartamento a Venda no Centro de Ribeirão Preto,Centro,Centro,2,2,1,65.0,250000.0,3846.15384615385,3969.0889863009,4114.37759196461
180518,Apartamento   Padrão,Residencial e Comercial Palmares,Zona Leste,3,2,1,85.0,250000.0,2941.17647058824,3830.73455662616,4646.24632076016
180020,APARTAMENTO NO PARQUE SÃO SEBASTIÃO,Parque Sao Sebastiao,Zona Leste,2,1,1,54.0,250000.0,4629.62962962963,4018.24997986766,4646.24632076016
179804,Apartamento de 58m² com 02 quartos   Campos Eliseos,Campos Eliseos,Zona Norte,2,1,1,58.0,250000.0,4310.34482758621,4308.89631323999,4316.94719953754
178931,Apartamento de 72m² com 02 quartos à venda   Presidente Médici,Presidente Medici,Zona Leste,2,2,1,72.0,250000.0,3472.22222222222,4508.64185474962,4646.24632076016
177557,Apartamento de 45m² com 02 quartos para venda   Vila Virgínia,Vila Virginia,Zona Oeste,2,1,1,45.0,250000.0,5555.55555555556,4199.44386633332,4568.83198282477
177491,Apartamento de 50m² com 02 quartos á venda   Alto do Ipiranga,Alto do Ipiranga,Zona Oeste,2,1,1,50.0,250000.0,5000.0,4537.91893063963,4568.83198282477
177320,APARTAMENTO NO PARQUE INDUSTRIAL LAGOINHA,Parque Industrial Lagoinha,Zona Leste,2,1,1,42.0,250000.0,5952.38095238095,4502.88532269356,4646.24632076016
177026,EXCELENTE APARTAMENTO RESIDENCIAL FLOR DE LOTUS,Recreio das Acacias,Zona Leste,2,1,1,46.0,250000.0,5434.78260869565,5924.20433221203,4646.24632076016
174404,APARTAMENTO NO CENTRO,Centro,Centro,1,1,1,63.0,250000.0,3968.25396825397,3969.0889863009,4114.37759196461
171128,Apartamento com 01 dormitórios à venda   Centro,Centro,Centro,1,1,1,46.0,250000.0,5434.78260869565,3969.0889863009,4114.37759196461
171116,APARTAMENTO EM BONFIM PAULISTA,Condominio Mirante Sul,Zona Sul,2,1,1,48.0,250000.0,5208.33333333333,5048.35903353727,7019.92781217448
170315,APARTAMENTO EM BONFIM PAULISTA,Jardim Santa Cecilia,Zona Norte,2,1,1,42.0,250000.0,5952.38095238095,4420.63492063492,4316.94719953754
168866,APARTAMENTO DIFERENCIADO NO IPIRANGA,Ipiranga,Zona Oeste,2,1,1,49.0,250000.0,5102.04081632653,4227.19529650629,4568.83198282477
166331,Apartamento de 47m² com 01 quarto   Vila Seixas,Vila Seixas,Centro,1,1,1,47.0,250000.0,5319.14893617021,4862.36131633665,4114.37759196461
162116,Apartamento de 42m² com 01 quarto à venda   Nova Aliança.,Nova Alianca,Zona Sul,1,1,1,42.0,250000.0,5952.38095238095,7235.27815404702,7019.92781217448
159407,APARTAMENTO PRÓXIMO À AVENIDA NOVE DE JULHO,Alto da Boa Vista,Zona Sul,2,1,1,78.0,250000.0,3205.12820512821,5935.13838933655,7019.92781217448
159368,Apartamento de 76m² com 02 quartos sendo 01 suíte á venda   Alto do Ipiranga,Alto do Ipiranga,Zona Oeste,2,2,1,76.0,250000.0,3289.47368421053,4537.91893063963,4568.83198282477
158420,**APARTAMENTO PRÓXIMO BANANAL,Jardim Zara,Zona Leste,2,1,1,53.0,250000.0,4716.98113207547,3994.52759311292,4646.24632076016
158237,Apartamento de 49m² com 02 quartos à venda   Campos Elíseos,Campos Eliseos,Zona Norte,2,1,1,49.0,250000.0,5102.04081632653,4308.89631323999,4316.94719953754
156317,Apartamento mobiliado de 37m² com 01 quarto para locação e venda   Nova Aliança,Nova Alianca,Zona Sul,1,1,1,37.0,250000.0,6756.75675675676,7235.27815404702,7019.92781217448
155780,Apartamento de 40m² com 01 quarto para venda   Jardim Palma Travassos,Jardim Palma Travassos,Zona Leste,1,1,1,40.0,250000.0,6250.0,4725.02380139251,4646.24632076016
155357,Apartamento de 79m² com 03 quartos para venda   Jardim Mosteiro,Jardim Mosteiro,Centro,3,2,1,79.0,250000.0,3164.55696202532,3999.29676511955,4114.37759196461
154889,Apartamento de 39m² com 01 quarto para venda   Vila Ana Maria,Vila Ana Maria,Zona Sul,1,1,1,39.0,250000.0,6410.25641025641,6534.36599324832,7019.92781217448
153830,APARTAMENTO TERREO PRÓXIMO À AVENIDA TREZE DE MAIO,Parque dos Bandeirantes,Zona Leste,2,2,1,77.0,250000.0,3246.75324675325,4072.45658506483,4646.24632076016
152216,APARTAMENTO TÉRREO PRÓXIMO À AVENIDA BARÃO DO BANANAL,Residencial e Comercial Palmares,Zona Leste,2,2,2,64.0,250000.0,3906.25,3830.73455662616,4646.24632076016
148382,*** Excelente Oportunidade***,Jardim Paulistano,Zona Leste,2,1,1,47.0,250000.0,5319.14893617021,4354.41245373771,4646.24632076016
148283,Apartamento de 42m² com 02 quartos   Parque Industrial Lagoinha,Parque Industrial Lagoinha,Zona Leste,2,1,1,42.0,250000.0,5952.38095238095,4502.88532269356,4646.24632076016
147248,Apartamento de 42m² com 02 quartos para locação e venda   Vila Ana Maria,Vila Ana Maria,Zona Sul,1,1,1,42.0,250000.0,5952.38095238095,6534.36599324832,7019.92781217448
145601,Apartamento de 64m² com 02 quartos sendo 01 suíte à venda   Jardim Anhangüera,Jardim Anhanguera,Zona Leste,2,2,2,64.0,250000.0,3906.25,4372.03682882804,4646.24632076016
144668,Apartamento de 45m²com 01 quarto para locação   Nova Aliança,Nova Alianca,Zona Sul,1,1,1,45.0,250000.0,5555.55555555556,7235.27815404702,7019.92781217448
144350,**LINDO APARTAMENTO PRÓXIMO A NESTLE**,Residencial Parque dos Servidores,Zona Leste,2,3,2,69.0,250000.0,3623.1884057971,4474.21131539829,4646.24632076016
142838,Apartamento de 43m² com 01 quarto à venda   Vila Ana Maria,Vila Ana Maria,Zona Sul,1,1,1,43.0,250000.0,5813.95348837209,6534.36599324832,7019.92781217448
141116,Apartamento de 69m² com 03 quartos sendo 01 suíte à venda   Centro,Centro,Centro,3,3,1,69.0,250000.0,3623.1884057971,3969.0889863009,4114.37759196461
140978,Apartamento de 74m² com 3 quartos à venda   Residencial Palmares,Residencial e Comercial Palmares,Zona Leste,3,2,1,74.0,250000.0,3378.37837837838,3830.73455662616,4646.24632076016
140315,APARTAMENTO NO JARDIM PAULISTA,Jardim Paulista,Zona Leste,2,1,1,62.0,250000.0,4032.25806451613,4839.65243893052,4646.24632076016
139313,APARTAMENTO NO JARDIM ANHANGUERA,Jardim Anhanguera,Zona Leste,3,2,1,70.0,250000.0,3571.42857142857,4372.03682882804,4646.24632076016
136565,APARTAMENTO NO CENTRO,Centro,Centro,1,1,1,89.0,250000.0,2808.98876404494,3969.0889863009,4114.37759196461
136469,Apartamento de 64m² com 03 quartos à venda   Jardim Palma Travassos,Jardim Palma Travassos,Zona Leste,3,2,1,64.0,250000.0,3906.25,4725.02380139251,4646.24632076016
135812,APARTAMENTO NOS CAMPOS ELÍSEOS,Campos Eliseos,Zona Norte,2,1,1,58.0,250000.0,4310.34482758621,4308.89631323999,4316.94719953754
135218,Apartamento de 53m² com 01 quarto à venda   Centro,Centro,Centro,1,1,1,53.0,250000.0,4716.98113207547,3969.0889863009,4114.37759196461
135050,APARTAMENTO NO SUMAREZINHO,Sumarezinho,Zona Oeste,2,1,1,68.0,250000.0,3676.47058823529,4702.46841942496,4568.83198282477
135041,** OPORTUNIDADE DE APARTAMENTO NO PALMARES **,Residencial e Comercial Palmares,Zona Leste,3,2,1,86.0,250000.0,2906.97674418605,3830.73455662616,4646.24632076016
134273,Apartamento de 57m² com 02 quartos   Jardim Paulista,Jardim Paulista,Zona Leste,2,1,1,57.0,250000.0,4385.9649122807,4839.65243893052,4646.24632076016
131336,APARTAMENTO PRÓXIMO À USP,Vila Monte Alegre,Zona Oeste,3,2,1,84.0,250000.0,2976.19047619048,5171.67916226382,4568.83198282477
130364,Apartamento de 95m²...Oportunidade!,Residencial e Comercial Palmares,Zona Leste,3,2,1,95.0,250000.0,2631.57894736842,3830.73455662616,4646.24632076016
128984,Apartamento de 67m² com 02 quartos   Vila Amélia,Vila Amelia,Zona Oeste,2,2,1,67.0,250000.0,3731.34328358209,4740.17583820671,4568.83198282477
128498,Apartamento loft de 34m² com 01 quarto à venda   Santa Cruz do José Jacques,Santa Cruz do Jose Jacques,Zona Sul,1,1,1,34.0,250000.0,7352.94117647059,6190.18466407645,7019.92781217448
127703,Apartamento de 2 quartos para locação e venda   Vila Virgínia,Vila Virginia,Zona Oeste,2,1,1,48.0,250000.0,5208.33333333333,4199.44386633332,4568.83198282477
127034,Apartamento de 45m² com 01 quarto   Nova Aliança,Nova Alianca,Zona Sul,1,1,1,45.0,250000.0,5555.55555555556,7235.27815404702,7019.92781217448
126866,Apartamento de 41m² com 01 quarto para à venda   Jardim Irajá,Jardim Iraja,Zona Sul,1,1,1,41.0,250000.0,6097.56097560976,5843.60369977321,7019.92781217448
123233,Apartamento de 66m² com 02 quartos à venda   Alto do Ipiranga,Alto do Ipiranga,Zona Oeste,2,2,1,66.0,250000.0,3787.87878787879,4537.91893063963,4568.83198282477
122684,APARTAMENTO NO PARQUE INDUSTRIAL LAGOINHA,Parque Industrial Lagoinha,Zona Leste,2,1,1,42.0,250000.0,5952.38095238095,4502.88532269356,4646.24632076016
120065,Apartamento de 45m² com 02 quartos á venda   Nova Aliança,Nova Alianca,Zona Sul,2,1,1,45.0,250000.0,5555.55555555556,7235.27815404702,7019.92781217448
120005,Apartamento de 38m² com 01 quarto para locação   Nova Aliança,Nova Alianca,Zona Sul,1,1,1,38.0,250000.0,6578.94736842105,7235.27815404702,7019.92781217448
119132,Apartamento   Padrão,Nova Alianca,Zona Sul,1,1,1,49.0,250000.0,5102.04081632653,7235.27815404702,7019.92781217448
115853,APARTAMENTO PRÓXIMO À AVENIDA BRAZ OLAIA ACOSTA,Nova Alianca,Zona Sul,1,1,1,18.0,250000.0,13888.8888888889,7235.27815404702,7019.92781217448
114980,Apartamento de 53m² com 02 quartos   Reserva Sul,Condominio Mirante Sul,Zona Sul,2,2,1,53.0,250000.0,4716.98113207547,5048.35903353727,7019.92781217448
105140,Apartamento de 69m² com 01 quarto   Centro,Centro,Centro,1,1,1,69.0,250000.0,3623.1884057971,3969.0889863009,4114.37759196461
104537,Apartamento de 110m² com armarios a venda   Jardim Macedo,Jardim Palma Travassos,Zona Leste,2,1,1,110.0,250000.0,2272.72727272727,4725.02380139251,4646.24632076016
104330,APARTAMENTO NA CITY RIBEIRÃO,City Ribeirao,Zona Sul,1,2,1,60.0,250000.0,4166.66666666667,5481.73996829135,7019.92781217448
104327,Apartamento   Padrão,City Ribeirao,Zona Sul,1,1,1,60.0,250000.0,4166.66666666667,5481.73996829135,7019.92781217448
102533,Apartamento 2 dormitórios próximo a avenida Independência   65m²,Residencial Florida,Zona Sul,2,1,1,65.0,250000.0,3846.15384615385,4586.9287610429,7019.92781217448
102314,Excelente apartamento no Nova Aliança Sul.,Jardim Nova Alianca Sul,Zona Sul,1,1,1,43.0,250000.0,5813.95348837209,6999.09526420546,7019.92781217448
101318,Apartamento de 63m² com 01 quarto à venda   Centro,Centro,Centro,1,1,1,63.0,250000.0,3968.25396825397,3969.0889863009,4114.37759196461
100976,Apartamento semi mobiliado para venda   Nova Aliança,Nova Alianca,Zona Sul,2,1,1,46.0,250000.0,5434.78260869565,7235.27815404702,7019.92781217448
98540,Apartamento de 43m² com 01 quarto para venda   Jardim Irajá,Jardim Iraja,Zona Sul,1,1,1,43.0,250000.0,5813.95348837209,5843.60369977321,7019.92781217448
98504,EXCELNTE APARTAMENTO PRÓXIMO À FACULDADE BARÃO DE MAUÁ,Jardim Paulista,Zona Leste,3,2,1,69.0,250000.0,3623.1884057971,4839.65243893052,4646.24632076016
98198,Apartamento de 01 quarto á venda   Vila Seixas,Vila Seixas,Centro,1,1,1,39.0,250000.0,6410.25641025641,4862.36131633665,4114.37759196461
97973,"Apartamento de 57,7m² com 2 quartos à venda   Alto da Boa Vista",Republica,Zona Oeste,2,1,1,7.0,250000.0,35714.2857142857,5849.08600873347,4568.83198282477
97661,Apartamento de 45m² com 01 quarto à venda   Jardim Irajá,Jardim Iraja,Zona Sul,1,1,1,45.0,250000.0,5555.55555555556,5843.60369977321,7019.92781217448
96890,APARTAMENTO NO JARDIM BOTÂNICO,Jardim Botanico,Zona Sul,1,1,1,61.0,250000.0,4098.36065573771,7403.36272123417,7019.92781217448
94160,Apartamento de 90m² com 03 quartos sendo 01 suíte para locação   Jardim Anhanguera,Jardim Anhanguera,Zona Leste,3,3,2,90.0,250000.0,2777.77777777778,4372.03682882804,4646.24632076016
92561,APARTAMENTO PRÓXIMO À AVENIDA CARAMURU,Centro,Centro,2,1,1,106.0,250000.0,2358.49056603774,3969.0889863009,4114.37759196461
90038,APARTAMENTO NO ANA MARIA,Vila Ana Maria,Zona Sul,1,1,1,24.0,250000.0,10416.6666666667,6534.36599324832,7019.92781217448
89375,Apartamento de 44m² com 01 suíte para locação   Jardim Sumaré,Jardim Sumare,Zona Sul,1,1,1,44.0,250000.0,5681.81818181818,6366.17718327786,7019.92781217448
88739,Apartamento de 46m² com 02 quartos para locação e venda   Nova Aliança,Nova Alianca,Zona Sul,2,1,1,46.0,250000.0,5434.78260869565,7235.27815404702,7019.92781217448
76454,APARTAMENTO NO JARDIM PAULISTA,Jardim Paulista,Zona Leste,1,1,1,48.0,250000.0,5208.33333333333,4839.65243893052,4646.24632076016
75926,APARTAMENTO PRÓXIMO À AVENIDA CARAMURU,Jardim Sumare,Zona Sul,1,1,1,44.0,250000.0,5681.81818181818,6366.17718327786,7019.92781217448
68459,Apartamento de 69m² com 02 quartos para venda   Jardim Independência,Independencia,Zona Norte,2,2,1,69.0,250000.0,3623.1884057971,3844.6605743041,4316.94719953754
62306,Apartamento de 67m² com 02 quartos à venda   Jardim Anhanguera,Jardim Anhanguera,Zona Leste,2,2,1,67.0,250000.0,3731.34328358209,4372.03682882804,4646.24632076016
53777,Apartamento de 44m² com 01 suíte para locação e venda   Jardim Sumaré,Jardim Sumare,Zona Sul,1,1,1,44.0,250000.0,5681.81818181818,6366.17718327786,7019.92781217448
38507,Apartamento de 96m² com 03 quartos à venda   Jardim Paulista,Jardim Paulista,Zona Leste,3,2,1,96.0,250000.0,2604.16666666667,4839.65243893052,4646.24632076016
29600,Apartamento de 42m² com 01 quarto para venda e locação   Vila Ana Maria,Vila Ana Maria,Zona Sul,1,1,1,42.0,250000.0,5952.38095238095,6534.36599324832,7019.92781217448
12977,APARTAMENTO NA LAGOINHA,Parque Industrial Lagoinha,Zona Leste,3,2,1,66.0,250000.0,3787.87878787879,4502.88532269356,4646.24632076016
209495,Apartamento de 45m² com 01 quarto para locação   Nova Aliança,Nova Alianca,Zona Sul,1,1,1,45.0,251000.0,5577.77777777778,7235.27815404702,7019.92781217448
129431,Apartamento de 51m² com 02 quartos sendo 01 suíte à venda   Presidente Médici,Presidente Medici,Zona Leste,2,2,1,51.0,251000.0,4921.56862745098,4508.64185474962,4646.24632076016
133862,Apartamento   Padrão,Residencial Greenville,Zona Norte,2,2,1,52.0,245000.0,4711.53846153846,4670.88804474239,4316.94719953754
204338,Apartamento reformado de 46m² com 02 quartos à venda   City Ribeirão,City Ribeirao,Zona Sul,2,1,1,46.0,254000.0,5521.73913043478,5481.73996829135,7019.92781217448
146828,Apartamento de 44m² com 02 quartos à venda   Residencial Greenville,Residencial Greenville,Zona Norte,2,1,1,44.0,254000.0,5772.72727272727,4670.88804474239,4316.94719953754
222635,Apartamento de 43m² com 02 quartos à venda   Loteamento Santa Marta,Loteamento Santa Marta,Zona Norte,2,1,1,43.0,240000.0,5581.39534883721,5386.60691471388,4316.94719953754
159365,Apartamento de 54m² com 02 quartos para venda   Residencial e Comercial Palmares,Residencial e Comercial Palmares,Zona Leste,2,1,1,54.0,254400.0,4711.11111111111,3830.73455662616,4646.24632076016
144929,Apartamento de 42m² com 02 quartps à venda   Ipiranga,Ipiranga,Zona Oeste,2,1,1,42.0,254400.0,6057.14285714286,4227.19529650629,4568.83198282477
68525,Apartamento de 44m² com 01 suíte para locação e venda   Jardim Sumaré,Jardim Sumare,Zona Sul,1,1,1,44.0,254400.0,5781.81818181818,6366.17718327786,7019.92781217448
102410,Apartamento de 02 quartos á venda   Vila Maria Luiza,Vila Maria Luiza,Zona Norte,2,1,1,50.0,220000.0,4400.0,4653.00485819842,4316.94719953754
220157,Apartamento térreo de 34m² com 01 quarto à venda   Bonfim Paulista,Quintas de Sao Jose,Zona Norte,1,1,1,34.0,240000.0,7058.82352941177,6785.09085009028,4316.94719953754
157508,Apartamento de 67m² com 03 quartos à venda   Jardim Palma Travassos,Jardim Palma Travassos,Zona Leste,3,2,1,67.0,240000.0,3582.08955223881,4725.02380139251,4646.24632076016
147173,APARTAMENTO PRÓXIMO Á AVENIDA CARAMURU,Residencial Florida,Zona Sul,2,1,1,62.0,240000.0,3870.96774193548,4586.9287610429,7019.92781217448
115628,EXCELENTE APARTAMENTO NO CAMPOS ELÍSEOS,Campos Eliseos,Zona Norte,2,2,1,82.0,245000.0,2987.80487804878,4308.89631323999,4316.94719953754
115031,Apartamento   Padrão,Campos Eliseos,Zona Norte,2,1,1,53.0,245000.0,4622.64150943396,4308.89631323999,4316.94719953754
241103,Apartamento de 58m² com 02 quartos sendo 01 suíte à venda   Campos Elíseos,Campos Eliseos,Zona Norte,2,2,1,58.0,255000.0,4396.55172413793,4308.89631323999,4316.94719953754
226415,Apartamento de 80m² com 03 quartos à venda   Jardim Palma Travassos,Jardim Palma Travassos,Zona Leste,3,2,1,80.0,255000.0,3187.5,4725.02380139251,4646.24632076016
223814,Apartamento de 44m² com 02 quartos à venda   Recreio das Acácias,Recreio das Acacias,Zona Leste,2,1,1,44.0,255000.0,5795.45454545455,5924.20433221203,4646.24632076016
223412,Apartamento de 52m² com 02 quartos à venda   Alto do Ipiranga,Alto do Ipiranga,Zona Oeste,2,1,1,52.0,255000.0,4903.84615384615,4537.91893063963,4568.83198282477
209843,Apartamento de 53m² à venda   Residencial Greenville,Residencial Greenville,Zona Norte,2,2,1,53.0,255000.0,4811.32075471698,4670.88804474239,4316.94719953754
207758,Apartamento de 44m² com 02 quartos à venda   Reserva Imperial,Residencial Greenville,Zona Norte,2,1,1,44.0,255000.0,5795.45454545455,4670.88804474239,4316.94719953754
198731,Apartamento de 40m² com 02 quartos   Recreio das Acácias,Recreio das Acacias,Zona Leste,2,1,1,40.0,255000.0,6375.0,5924.20433221203,4646.24632076016
192164,EXCELENTE APARTAMENTO À VENDA NA CITY RIBEIRÃO,City Ribeirao,Zona Sul,2,1,1,47.0,255000.0,5425.53191489362,5481.73996829135,7019.92781217448
184574,APARTAMENTO NO JARDIM ANHANGUERA,Jardim Formoso,Zona Oeste,2,2,1,67.0,255000.0,3805.97014925373,3805.97014925373,4568.83198282477
182873,APARTAMENTO PRÓXIMO À AVENIDA DOUTOR FRANCISCO JUNQUEIRA,Centro,Centro,2,2,1,76.0,255000.0,3355.26315789474,3969.0889863009,4114.37759196461
178844,APARTAMENTO NO RESIDENCIAL PALMARES,Residencial e Comercial Palmares,Zona Leste,2,2,2,71.0,255000.0,3591.54929577465,3830.73455662616,4646.24632076016
178382,Apartamento de 48m² com 02 quartos para locação e venda   Condomínio Mirante Sul,Condominio Mirante Sul,Zona Sul,2,1,1,48.0,255000.0,5312.5,5048.35903353727,7019.92781217448
166676,APARTAMENTO NO CENTRO,Vila Seixas,Centro,2,2,1,41.0,255000.0,6219.51219512195,4862.36131633665,4114.37759196461
162719,APARTAMENTO PRÓXIMO A AV. PORTUGAL,Vila Seixas,Centro,1,1,1,58.0,255000.0,4396.55172413793,4862.36131633665,4114.37759196461
159473,EXCELENTE APARTAMENTO NA LAGOINHA,Jardim Castelo Branco,Zona Leste,2,1,1,40.0,255000.0,6375.0,4046.86527169807,4646.24632076016
152408,Apartamento de 82m² com 03 quartos para locação e venda   Palmares,Residencial e Comercial Palmares,Zona Leste,3,2,2,82.0,255000.0,3109.75609756098,3830.73455662616,4646.24632076016
149978,APARTAMENTO MOBILIADO PRÓXIMO À AVENIDA CASTELO BRANCO,Presidente Medici,Zona Leste,1,1,1,37.0,255000.0,6891.89189189189,4508.64185474962,4646.24632076016
142943,Apartamento de 43m² com 01 quarto para venda   Vila Ana Maria,Vila Ana Maria,Zona Sul,1,1,1,43.0,255000.0,5930.23255813954,6534.36599324832,7019.92781217448
141326,Apartamento de 48m² com 01 quarto à venda   Centro,Centro,Centro,1,1,1,48.0,255000.0,5312.5,3969.0889863009,4114.37759196461
132119,Apartamento de 47m² com 02 quartos à venda   Alto do Ipiranga,Alto do Ipiranga,Zona Oeste,2,1,1,47.0,255000.0,5425.53191489362,4537.91893063963,4568.83198282477
128666,APARTAMENTO NO JARDIM NOVA ALIANÇA,Nova Alianca,Zona Sul,1,1,1,38.0,255000.0,6710.52631578947,7235.27815404702,7019.92781217448
118931,Apartamento de 53m² com 02 quartos para locação e venda   Condomínio Mirante Sul,Condominio Mirante Sul,Zona Sul,2,1,1,53.0,255000.0,4811.32075471698,5048.35903353727,7019.92781217448
118592,Apartamento de 59m² com 02 quartos à venda   Residencial e Comercial Palmares,Residencial e Comercial Palmares,Zona Leste,2,2,1,59.0,255000.0,4322.03389830509,3830.73455662616,4646.24632076016
107666,Apartamento de 46m² com 01 quartos para locação   Vila Seixas,Vila Seixas,Centro,1,1,1,46.0,255000.0,5543.47826086957,4862.36131633665,4114.37759196461
98255,Apartamento   Padrão,Reserva Sul Condominio,Zona Sul,2,1,1,117.0,255000.0,2179.48717948718,4662.25639219501,7019.92781217448
79169,Apartamento de 48m² com 01 suíte para venda   Centro,Centro,Centro,1,1,1,48.0,255000.0,5312.5,3969.0889863009,4114.37759196461
76694,Apartamento de 48m² com 02 quartos à venda   Vila Maria Luiza,Sumarezinho,Zona Oeste,2,1,1,48.0,255000.0,5312.5,4702.46841942496,4568.83198282477
18701,Apartamento de 3 quartos   Vila Tibério,Vila Tiberio,Zona Oeste,3,2,1,100.0,255000.0,2550.0,5772.27801236641,4568.83198282477
213965,Apartamento de 56m² com 02 quartos à venda   Ipiranga,Ipiranga,Zona Oeste,2,2,1,56.0,256000.0,4571.42857142857,4227.19529650629,4568.83198282477
124244,Apartamento   Padrão,Jardim Castelo Branco,Zona Leste,2,2,1,70.0,258000.0,3685.71428571429,4046.86527169807,4646.24632076016
116300,Apartamento de 46m² com 01 quarto para venda   Jardim Paulista,Jardim Paulista,Zona Leste,1,1,1,46.0,258000.0,5608.69565217391,4839.65243893052,4646.24632076016
239963,Apartamento de 61m² com 02 quartos à venda   Jardim Zara,Jardim Zara,Zona Leste,2,2,1,61.0,258900.0,4244.26229508197,3994.52759311292,4646.24632076016
243938,Exclusividade   Apartamento de 46m² com 02 quartos à venda   Clube Parque das Árvores,Jardim Manoel Penna,Zona Leste,2,1,1,46.0,249000.0,5413.04347826087,4812.40737129408,4646.24632076016
245240,Apartamento de 50m² com 02 quartos à venda   Jardim Novo Mundo,Jardim Novo Mundo,Zona Leste,2,1,1,50.0,259000.0,5180.0,5425.53576663943,4646.24632076016
240515,Apartamento de 55m² com 01 quarto para venda   Centro,Centro,Centro,1,1,1,55.0,259000.0,4709.09090909091,3969.0889863009,4114.37759196461
142253,Apartamento de 02 quartos para locação   Bonfim Paulista,Jardim Sao Fernando,Zona Oeste,2,1,1,48.0,259900.0,5414.58333333333,4718.15476190476,4568.83198282477
205100,Apartamento de 322m² com 04 suítes e 04 vagas de garagem para locação e venda   Vila do Golf,Vila do Golf,Zona Sul,4,7,4,322.0,2880000.0,8944.09937888199,9872.36315439169,7019.92781217448
151436,Apartamento de 69m² com 02 quartos à venda   Jardim Macedo,Jardim Macedo,Zona Leste,2,1,1,69.0,210000.0,3043.47826086957,4049.64935899923,4646.24632076016
83294,Apartamento de 69m² com 02 quartos   Jardim Paulista,Jardim Paulista,Zona Leste,2,2,1,69.0,210000.0,3043.47826086957,4839.65243893052,4646.24632076016
167804,Apartamento de 55m² com 01 quarto à venda   Centro,Centro,Centro,1,1,1,55.0,220000.0,4000.0,3969.0889863009,4114.37759196461
168461,Apartamento de 48m² com 02 quartos para venda   Guaporé,Condominio Mirante Sul,Zona Sul,2,1,1,48.0,230000.0,4791.66666666667,5048.35903353727,7019.92781217448
140615,Apartamento de 48m² com 02 quartos para venda   Jardim Paulistano,Jardim Paulistano,Zona Leste,2,1,1,48.0,240000.0,5000.0,4354.41245373771,4646.24632076016
226736,Apartamento de 41m² com 02 quartos à venda   Residencial Greenville,Residencial Jequitiba,Zona Norte,2,1,1,41.0,245000.0,5975.60975609756,4751.76900217579,4316.94719953754
139736,Apartamento de 68m² com 03 quartos para locação   Lagoinha,Vila Seixas,Centro,2,1,1,68.0,245000.0,3602.94117647059,4862.36131633665,4114.37759196461
180386,Apartamento de 57m² com 02 quartos sendo 01 suíte para venda   Residencial Greenville,Residencial Greenville,Zona Norte,2,2,1,57.0,250000.0,4385.9649122807,4670.88804474239,4316.94719953754
159419,APARTAMENTO PRÓXIMO À CATEDRAL,Centro,Centro,2,2,1,78.0,250000.0,3205.12820512821,3969.0889863009,4114.37759196461
79994,Apartamento de 78m² com 02 quartos para locação e venda   Centro,Centro,Centro,2,3,1,78.0,250000.0,3205.12820512821,3969.0889863009,4114.37759196461
223406,Apartamento térreo de 40m² com 02 quartos para locação   Jardim Ouro Branco,Jardim Ouro Branco,Zona Leste,2,1,1,40.0,255000.0,6375.0,4456.14834639336,4646.24632076016
138611,Apartamento de 62m² com 03 quartos à venda   Presidente Médici,Presidente Medici,Zona Leste,3,2,1,62.0,259000.0,4177.41935483871,4508.64185474962,4646.24632076016
243347,Apartamento de 83m² com 03 quartos sendo 01 suíte à venda   Presidente Médici,Presidente Medici,Zona Leste,3,2,1,83.0,260000.0,3132.53012048193,4508.64185474962,4646.24632076016
241427,Apartamento de 55m² com 02 quartos à venda   Vila Ana Maria,Vila Maria Luiza,Zona Norte,2,1,1,55.0,260000.0,4727.27272727273,4653.00485819842,4316.94719953754
240839,Apartamento de 47m² com 02 quartos à venda   Ipiranga,Ipiranga,Zona Oeste,2,1,1,47.0,260000.0,5531.91489361702,4227.19529650629,4568.83198282477
239153,Apartamento de 56m² com 02 quartos sendo 01 suíte à venda   Chácaras Pedro Corrêa de Carvalho,Chacaras Pedro Correa de Carvalho,Zona Norte,2,1,1,56.0,260000.0,4642.85714285714,4124.52491399826,4316.94719953754
237527,Apartamento mobiliado de 35m² com 01 quarto para locação e venda   Vila Seixas,Vila Seixas,Centro,1,1,1,35.0,260000.0,7428.57142857143,4862.36131633665,4114.37759196461
236747,Apartamento de 47m² com 02 quartos á venda   Ipiranga,Ipiranga,Zona Oeste,2,1,1,47.0,260000.0,5531.91489361702,4227.19529650629,4568.83198282477
234344,Apartamento de 45m² com 01 quarto para venda   Recreio das Acácias,Recreio das Acacias,Zona Leste,2,1,1,45.0,260000.0,5777.77777777778,5924.20433221203,4646.24632076016
234017,Apartamento de 47m² com 01 quarto à venda   Vila Seixas,Centro,Centro,1,1,1,47.0,260000.0,5531.91489361702,3969.0889863009,4114.37759196461
231320,Apartamento de 41m² com 02 quartos á venda   Residencial Jequitibá,Residencial Jequitiba,Zona Norte,2,1,1,41.0,260000.0,6341.46341463415,4751.76900217579,4316.94719953754
229295,Apartamento de 42m² com 02 quartos para locação   Vila Virgínia,Vila Virginia,Zona Oeste,2,1,1,42.0,260000.0,6190.47619047619,4199.44386633332,4568.83198282477
228374,Apartamento de 51m² com 02 quartos à venda   Jardim Novo Mundo,Jardim Novo Mundo,Zona Leste,2,1,1,51.0,260000.0,5098.03921568627,5425.53576663943,4646.24632076016
226913,Apartamento térreo de 81m² com 02 quartos com 01 suíte e 02 vagas de garagem à venda   Jardim Novo Mundo,Jardim Novo Mundo,Zona Leste,2,3,2,81.0,260000.0,3209.87654320988,5425.53576663943,4646.24632076016
226766,Apartamento térreo de 58m² com 02 quartos à venda   Residencial Greenville,Residencial Greenville,Zona Norte,2,2,1,58.0,260000.0,4482.75862068966,4670.88804474239,4316.94719953754
226109,Apartamento de 91m² com 03 quartos à venda   Jardim Anhanguera,Jardim Anhanguera,Zona Leste,3,2,1,91.0,260000.0,2857.14285714286,4372.03682882804,4646.24632076016
222962,Apartamento de 47m² com 02 quartos à venda   Residencial Jequitibá,Residencial Jequitiba,Zona Norte,2,1,1,47.0,260000.0,5531.91489361702,4751.76900217579,4316.94719953754
220628,Apartamento de 48m² com 02 quartos para locação   Jardim Paulistano,Jardim Paulistano,Zona Leste,2,1,1,48.0,260000.0,5416.66666666667,4354.41245373771,4646.24632076016
220391,Apartamento térreo de 54m² com 02 quartos sendo 01 suíte à venda   Residencial Greenville,Residencial Greenville,Zona Norte,2,2,1,54.0,260000.0,4814.81481481482,4670.88804474239,4316.94719953754
220148,Apartamento de 44m² com 02 quartos para venda   Recreio das Acácias,Recreio das Acacias,Zona Leste,2,1,1,44.0,260000.0,5909.09090909091,5924.20433221203,4646.24632076016
218147,Apartamento de 75m² com 02 quartos à venda   Vila Amélia,Vila Amelia,Zona Oeste,2,2,1,75.0,260000.0,3466.66666666667,4740.17583820671,4568.83198282477
214142,Apartamento de 46m² com 02 quartos à venda   Sumarezinho,Sumarezinho,Zona Oeste,2,1,1,46.0,260000.0,5652.17391304348,4702.46841942496,4568.83198282477
213917,Apartamento de 49m² com 02 quartos à venda   Quintas de São José,Quintas de Sao Jose,Zona Norte,2,1,1,49.0,260000.0,5306.12244897959,6785.09085009028,4316.94719953754
213293,Apartamento de 56m² com 02 quartos à venda   Chácaras Pedro Corrêa de Carvalho,Chacaras Pedro Correa de Carvalho,Zona Norte,2,2,1,56.0,260000.0,4642.85714285714,4124.52491399826,4316.94719953754
213290,Apartamento de 56m² com 02 quartos à venda   Chácara Pedro Correa de Carvalho,Chacaras Pedro Correa de Carvalho,Zona Norte,2,2,1,56.0,260000.0,4642.85714285714,4124.52491399826,4316.94719953754
207359,Apartamento de 51m² com 02 quartos à venda   Ipiranga,Residencial das Americas,Zona Norte,2,1,1,51.0,260000.0,5098.03921568627,3341.29895223855,4316.94719953754
201521,Excelente apartamento no Jardim Botânico,Jardim Botanico,Zona Sul,1,1,1,45.0,260000.0,5777.77777777778,7403.36272123417,7019.92781217448
199109,LINDO APARTAMENTO NO JARDIM PALMA TRAVASSOS,Iguatemi,Zona Norte,3,3,1,65.0,260000.0,4000.0,4838.13811749042,4316.94719953754
198914,LINDO APARTAMENTO NO JARDIM PALMA TRAVASSOS,Iguatemi,Zona Norte,3,3,1,65.0,260000.0,4000.0,4838.13811749042,4316.94719953754
197459,APARTAMENTO NO CENTRO,Centro,Centro,1,1,1,47.0,260000.0,5531.91489361702,3969.0889863009,4114.37759196461
197207,APARTAMENTO NO NOVA ALIANÇA,Nova Alianca,Zona Sul,1,1,1,41.0,260000.0,6341.46341463415,7235.27815404702,7019.92781217448
196787,APARTAMENTO EM EXCELENTE LOCALIZAÇÃO NO CENTRO,Centro,Centro,1,1,1,52.0,260000.0,5000.0,3969.0889863009,4114.37759196461
195986,APARTAMENTO NO CENTRO EDIFICIO TABAJARA,Vila Seixas,Centro,2,2,1,65.0,260000.0,4000.0,4862.36131633665,4114.37759196461
195473,Apartamento de 57m² com 02 quartos e quintal à venda   Residencial Greenville,Residencial Greenville,Zona Norte,2,1,1,57.0,260000.0,4561.40350877193,4670.88804474239,4316.94719953754
195134,Apartamento de 47m² com 02 quartos à venda   Vila Virgínia,Vila Virginia,Zona Oeste,2,1,1,47.0,260000.0,5531.91489361702,4199.44386633332,4568.83198282477
194831,EXCELENTE APARTAMENTO PARA LOCAÇÃO E VENDA NO BAIRRO JARDIM PALMARES.,Residencial e Comercial Palmares,Zona Leste,2,2,2,62.0,260000.0,4193.54838709678,3830.73455662616,4646.24632076016
193412,EXCELENTE OPORTUNIDADE DE APARTAMENTO NO CENTRO,Centro,Centro,2,2,1,180.0,260000.0,1444.44444444444,3969.0889863009,4114.37759196461
187247,Apartamento de 02 quartos para locação   Jardim Antártica,Jardim Antartica,Zona Oeste,2,1,1,42.0,260000.0,6190.47619047619,4464.91601599781,4568.83198282477
184793,Apartamento   Padrão,Campos Eliseos,Zona Norte,3,1,1,58.0,260000.0,4482.75862068966,4308.89631323999,4316.94719953754
182078,Apartamento de 71m² com 03 quartos à venda   Vila Monte Alegre,Vila Monte Alegre,Zona Oeste,3,1,1,71.0,260000.0,3661.97183098592,5171.67916226382,4568.83198282477
181466,Apartamento de 84m² com 02 quartos   Jardim Paulista,Jardim Paulista,Zona Leste,2,2,1,84.0,260000.0,3095.2380952381,4839.65243893052,4646.24632076016
176777,Apartamento de 48m² com 02 quartos para venda   Jardim Paulistano,Jardim Paulistano,Zona Leste,2,1,1,48.0,260000.0,5416.66666666667,4354.41245373771,4646.24632076016
173339,Apartamento 48m² com 02 quartos à venda   Parque São Sebastião,Parque Sao Sebastiao,Zona Leste,2,1,1,48.0,260000.0,5416.66666666667,4018.24997986766,4646.24632076016
171860,APARTAMENTO NO RESIDENCIAL FLORIDA,Residencial Florida,Zona Sul,2,2,1,65.0,260000.0,4000.0,4586.9287610429,7019.92781217448
167114,APARTAMENTO NA VILA SEIXAS,Centro,Centro,2,2,1,35.0,260000.0,7428.57142857143,3969.0889863009,4114.37759196461
163955,Apartamento térrea de 53m² com 02 quartos para venda   Jardim Manoel Penna,Residencial Greenville,Zona Norte,2,2,1,53.0,260000.0,4905.66037735849,4670.88804474239,4316.94719953754
154064,Apartamento de 50m² com 02 quartos à venda   Jardim Anhangüera,Jardim Anhanguera,Zona Leste,2,1,1,50.0,260000.0,5200.0,4372.03682882804,4646.24632076016
136877,Apartamento de 75m² com 03 quartos   Presidente Médici,Presidente Medici,Zona Leste,3,1,1,75.0,260000.0,3466.66666666667,4508.64185474962,4646.24632076016
136526,APARTAMENTO COM PORTARIA 24 HORAS NO CENTRO,Centro,Centro,1,1,1,69.0,260000.0,3768.11594202899,3969.0889863009,4114.37759196461
134039,* Excelente Oportunidade *,Vila Monte Alegre,Zona Oeste,2,2,1,59.0,260000.0,4406.77966101695,5171.67916226382,4568.83198282477
133052,Apartamento de 79 m² com 03 quartos à venda   Campos Elíseos,Campos Eliseos,Zona Norte,3,2,1,79.0,260000.0,3291.13924050633,4308.89631323999,4316.94719953754
128819,Apartamento   Padrão,Jardim Zara,Zona Leste,3,2,1,83.0,260000.0,3132.53012048193,3994.52759311292,4646.24632076016
128678,Apartamento com 65m² de 02 quartos   Centro,Centro,Centro,2,2,1,65.0,260000.0,4000.0,3969.0889863009,4114.37759196461
120785,Apartamento de 02 quartos para locação   Campos Elíseos,Campos Eliseos,Zona Norte,2,1,1,47.0,260000.0,5531.91489361702,4308.89631323999,4316.94719953754
116210,Apartamento reformado de 57m² com 02 quartos para venda   Alto da Boa Vista,Republica,Zona Oeste,2,1,1,57.0,260000.0,4561.40350877193,5849.08600873347,4568.83198282477
108212,Apartamento de 47m² com 02 quartos á venda   Alto do Ipiranga,Alto do Ipiranga,Zona Oeste,2,1,1,47.0,260000.0,5531.91489361702,4537.91893063963,4568.83198282477
105398,Apartamento de 68m² com 3 quartos e suíte   Centro,Centro,Centro,3,2,1,68.0,260000.0,3823.52941176471,3969.0889863009,4114.37759196461
104336,Apartamento de 60m² com 01 suíte para locação e venda   City Ribeirão,City Ribeirao,Zona Sul,1,2,1,60.0,260000.0,4333.33333333333,5481.73996829135,7019.92781217448
103325,Apartamento de 46m² com 01 quarto à venda   Nova Aliança,Nova Alianca,Zona Sul,1,1,1,46.0,260000.0,5652.17391304348,7235.27815404702,7019.92781217448
101282,Apartamento   Padrão,Residencial Florida,Zona Sul,2,2,1,65.0,260000.0,4000.0,4586.9287610429,7019.92781217448
100454,Apartamento   Padrão,Centro,Centro,1,1,1,43.0,260000.0,6046.51162790698,3969.0889863009,4114.37759196461
91334,Apartamento de 39m² com 01 quarto para locação   Nova Aliança,Nova Alianca,Zona Sul,1,1,1,39.0,260000.0,6666.66666666667,7235.27815404702,7019.92781217448
86579,Apartamento de 49m² com 02 quartos sendo 01 suíte para locação e venda  Nova Aliança,Nova Alianca,Zona Sul,2,1,1,49.0,260000.0,5306.12244897959,7235.27815404702,7019.92781217448
64448,Apartamento de 01 quarto para locação   Jardim Botânico,Jardim Botanico,Zona Sul,1,1,2,48.0,260000.0,5416.66666666667,7403.36272123417,7019.92781217448
20243,Apartamento de 43m² com 01 quarto para locação e venda   Centro,Centro,Centro,1,1,1,43.0,260000.0,6046.51162790698,3969.0889863009,4114.37759196461
203888,Apartamento novo de 51m² com 02 quartos à venda   Jardim Novo Mundo,Jardim Novo Mundo,Zona Leste,2,1,1,51.0,263500.79,5166.68215686275,5425.53576663943,4646.24632076016
160403,APARTAMENTO NOVO NO BAIRRO JARDIM ANHANGUERA,Jardim Novo Mundo,Zona Leste,2,1,1,51.0,263500.79,5166.68215686275,5425.53576663943,4646.24632076016
159923,Apartamento de 56m² com 02 quartos para venda   Parque São Sebastião,Parque Sao Sebastiao,Zona Leste,2,1,1,56.0,262000.0,4678.57142857143,4018.24997986766,4646.24632076016
203324,Apartamento de 50m² com 02 quartos e sacada à venda   Fiúsa 016,Alto da Boa Vista,Zona Sul,2,1,1,50.0,264600.0,5292.0,5935.13838933655,7019.92781217448
157502,LINDO APARTAMENTO PRÓXIMO A AV. DOM PEDRO,Ipiranga,Zona Oeste,2,2,1,68.0,264947.7,3896.28970588235,4227.19529650629,4568.83198282477
75050,Apartamento   Padrão,Ipiranga,Zona Oeste,2,2,1,49.0,155000.0,3163.26530612245,4227.19529650629,4568.83198282477
157397,Apartamento de 82m² com 02 quartos à venda   Campos Elíseos,Campos Eliseos,Zona Norte,2,2,1,82.0,212000.0,2585.36585365854,4308.89631323999,4316.94719953754
220742,Apartamento de 47m² com 02 quartos à venda   Campos Elíseos,Campos Eliseos,Zona Norte,2,1,1,47.0,230000.0,4893.6170212766,4308.89631323999,4316.94719953754
220214,Apartamento com 49m² com 02 quartos à venda   Jardim Novo Mundo,Jardim Novo Mundo,Zona Leste,2,1,1,49.0,235000.0,4795.91836734694,5425.53576663943,4646.24632076016
89882,Apartamento de 69m² com 02 quartos à venda   Jardim Anhanguera,Jardim Anhanguera,Zona Leste,2,2,1,69.0,235000.0,3405.79710144928,4372.03682882804,4646.24632076016
147317,Apartamento do 48m² com 02 quartos para a locação   Campos Elíseos,Campos Eliseos,Zona Norte,2,1,1,48.0,239000.0,4979.16666666667,4308.89631323999,4316.94719953754
188633,Apartamento de 52m² com 02 quartos à venda   Jardim Bom Pastor,Jardim Bom Pastor,Zona Oeste,2,1,1,52.0,240000.0,4615.38461538462,4738.46153846154,4568.83198282477
205025,Apartamento de 29m² com 01 quarto à venda   Jardim Palma Travassos,Jardim Palma Travassos,Zona Leste,1,1,1,29.0,243800.0,8406.89655172414,4725.02380139251,4646.24632076016
215816,Apartamento de 40m² com 02 quartos à venda   Recreio das Acácias,Recreio das Acacias,Zona Leste,2,1,1,40.0,250000.0,6250.0,5924.20433221203,4646.24632076016
211277,Apartamento de 48m² 02 quartos para locação e venda   Bonfim Paulista,Reserva Sul Condominio,Zona Sul,2,1,1,48.0,250000.0,5208.33333333333,4662.25639219501,7019.92781217448
166862,Apartamento de 55m² com 01 quarto para locação e venda   Centro,Vila Seixas,Centro,1,1,1,55.0,250000.0,4545.45454545455,4862.36131633665,4114.37759196461
132122,APARTAMENTO NO CAMPOS ELÍSEOS,Campos Eliseos,Zona Norte,2,1,1,66.0,250000.0,3787.87878787879,4308.89631323999,4316.94719953754
131573,APARTAMENTO NO PALMARES,Residencial e Comercial Palmares,Zona Leste,2,1,1,54.0,250000.0,4629.62962962963,3830.73455662616,4646.24632076016
189056,Apartamento de 40m² com 02 quartos à venda   Recreio das Acácias,Recreio das Acacias,Zona Leste,2,1,1,40.0,260000.0,6500.0,5924.20433221203,4646.24632076016
244346,Apartamento de 45m² com 01 quarto à venda   Nova Aliança,Nova Alianca,Zona Sul,1,1,1,45.0,265000.0,5888.88888888889,7235.27815404702,7019.92781217448
241535,Apartamento de 51m² com 02 quartos para venda   Jardim Zara,Jardim Zara,Zona Leste,2,1,1,51.0,265000.0,5196.07843137255,3994.52759311292,4646.24632076016
241250,Apartamento de 73m² com 02 quartos à venda   Residencial e Comercial Palmares,Residencial e Comercial Palmares,Zona Leste,2,1,1,73.0,265000.0,3630.13698630137,3830.73455662616,4646.24632076016
239600,Apartamento de 63m² com 02 quartos à venda   Planalto Verde,Planalto Verde,Zona Oeste,2,2,1,63.0,265000.0,4206.34920634921,4021.97926976394,4568.83198282477
235958,Apartamento de 56m² com 02 quartos à venda   Ipiranga,Ipiranga,Zona Oeste,2,1,1,56.0,265000.0,4732.14285714286,4227.19529650629,4568.83198282477
234014,Apartamento de 60m² com 02 quartos para venda   Jardim Anhanguera,Jardim Zara,Zona Leste,2,2,1,60.0,265000.0,4416.66666666667,3994.52759311292,4646.24632076016
232955,Apartamento de 46m² com 02 quartos à venda   Bonfim Paulista,Loteamento Santa Marta,Zona Norte,2,1,1,46.0,265000.0,5760.86956521739,5386.60691471388,4316.94719953754
223838,Apartamento de 66m² com 02 quartos sendo 01 suíte à venda   Parque Industrial Lagoinha,Parque Industrial Lagoinha,Zona Leste,2,2,1,66.0,265000.0,4015.15151515152,4502.88532269356,4646.24632076016
221534,Apartamento de 52m² com 02 quartos à venda   Jardim Anhanguera,Jardim Anhanguera,Zona Leste,2,1,1,52.0,265000.0,5096.15384615385,4372.03682882804,4646.24632076016
220796,Apartamento mobiliado de 46m² com 02 quartos à venda   Nova Aliança,Nova Alianca,Zona Sul,2,2,1,46.0,265000.0,5760.86956521739,7235.27815404702,7019.92781217448
219425,Apartamento de 53m² com 01 quarto para locação   Residencial e Comercial Palmares,Residencial e Comercial Palmares,Zona Leste,1,1,1,53.0,265000.0,5000.0,3830.73455662616,4646.24632076016
218117,Apartamento de 56m² com 02 quartos à venda   Chácaras Pedro Corrêa de Carvalho,Chacaras Pedro Correa de Carvalho,Zona Norte,2,2,1,56.0,265000.0,4732.14285714286,4124.52491399826,4316.94719953754
207647,Apartamento de 34 m² com 1 quarto   Bonfim Paulista,Quintas de Sao Jose,Zona Norte,1,1,1,34.0,265000.0,7794.11764705882,6785.09085009028,4316.94719953754
205058,Apartamento de 42m² com 02 quartos   Residencial Parque dos Servidores,Residencial Parque dos Servidores,Zona Leste,2,1,1,42.0,265000.0,6309.52380952381,4474.21131539829,4646.24632076016
204314,APARTAMENTO À VENDA NO BAIRRO RIBEIRÃO VERDE,Jardim Florestan Fernandes,Zona Norte,2,1,1,42.0,265000.0,6309.52380952381,4173.34114617131,4316.94719953754
203054,APARTAMENTO NO CENTRO DE RIBEIRÃO PRETO,Centro,Centro,2,2,1,78.0,265000.0,3397.4358974359,3969.0889863009,4114.37759196461
201686,APARTAMENTO NA VILA TAMANDARÉ,Vila Tamandare,Zona Norte,3,2,1,97.0,265000.0,2731.9587628866,3367.29624340591,4316.94719953754
195299,"EXCELENTE APARTAMENTO, NOVO, PARA LOCAÇÃO E VENDA NA AVENIDA BARÃO DO BANANAL",Jardim Anhanguera,Zona Leste,2,1,1,50.0,265000.0,5300.0,4372.03682882804,4646.24632076016
193871,APARTAMENTO NO NOVA ALIANÇA,Nova Alianca,Zona Sul,1,1,1,49.0,265000.0,5408.16326530612,7235.27815404702,7019.92781217448
193661,APARTAMENTO NO JARDIM INTERLAGOS,Jardim Interlagos,Zona Leste,2,1,1,63.0,265000.0,4206.34920634921,4158.11293993337,4646.24632076016
191774,APARTAMENTO NO PARQUE DOS BANDEIRANTES,Parque dos Bandeirantes,Zona Leste,2,3,1,100.0,265000.0,2650.0,4072.45658506483,4646.24632076016
188702,EXCELENTE APARTAMENTO NO BAIRRO VILA ANA MARIA,Vila Ana Maria,Zona Sul,1,1,1,31.0,265000.0,8548.38709677419,6534.36599324832,7019.92781217448
186629,Ótimo apartamento próximo ao Sesi,Presidente Medici,Zona Leste,3,2,1,72.0,265000.0,3680.55555555556,4508.64185474962,4646.24632076016
182093,APARTAMENTO PRÓXIMO À UNIP,Nova Alianca,Zona Sul,1,1,1,45.0,265000.0,5888.88888888889,7235.27815404702,7019.92781217448
179903,APARTAMENTO NO CENTRO,Centro,Centro,1,1,1,47.0,265000.0,5638.29787234043,3969.0889863009,4114.37759196461
177119,Kitnet de 30m² com 01 para venda   Vila Seixas,Vila Seixas,Centro,1,1,1,30.0,265000.0,8833.33333333333,4862.36131633665,4114.37759196461
176303,Ótimo apartamento padrão na Zona Sul,Residencial Florida,Zona Sul,2,1,1,65.0,265000.0,4076.92307692308,4586.9287610429,7019.92781217448
174455,APARTAMENTO NO PARQUE DOS BANDEIRANTES,Parque dos Bandeirantes,Zona Leste,2,2,1,78.0,265000.0,3397.4358974359,4072.45658506483,4646.24632076016
174383,APARTAMENTO NO ALTO DO IPIRANGA,Alto do Ipiranga,Zona Oeste,3,2,1,82.0,265000.0,3231.70731707317,4537.91893063963,4568.83198282477
171950,APARTAMENTO NO CENTRO,Centro,Centro,3,3,1,116.0,265000.0,2284.48275862069,3969.0889863009,4114.37759196461
168179,LINDO APARTAMENTO NO PALMARES,Residencial e Comercial Palmares,Zona Leste,2,2,1,65.0,265000.0,4076.92307692308,3830.73455662616,4646.24632076016
167300,Apartamento de 49m² com 02 quartos para locação e venda   Bonfim Paulista,Loteamento Santa Marta,Zona Norte,2,2,1,49.0,265000.0,5408.16326530612,5386.60691471388,4316.94719953754
164504,Apartamento de 51m² com 02 quartos à venda   Jardim Presidente Dutra,Jardim Presidente Dutra,Zona Norte,2,1,1,51.0,265000.0,5196.07843137255,4905.73152337858,4316.94719953754
163151,APARTAMENTO TÉRREO NO JARDIM ANHANGUERA,Jardim Anhanguera,Zona Leste,3,2,1,85.0,265000.0,3117.64705882353,4372.03682882804,4646.24632076016
163034,APARTAMENTO PRÓXIMO À AVENIDA LEÃO XIII,Jardim Palma Travassos,Zona Leste,3,2,1,64.0,265000.0,4140.625,4725.02380139251,4646.24632076016
161591,Apartamento mobiliado de 66m² com 01 quarto à venda   Nova Aliança,Nova Alianca,Zona Sul,1,1,1,66.0,265000.0,4015.15151515152,7235.27815404702,7019.92781217448
156401,APARTAMENTO NO ALTO DO IPIRANGA,Alto do Ipiranga,Zona Oeste,2,1,1,47.0,265000.0,5638.29787234043,4537.91893063963,4568.83198282477
152804,Apartamento de 34m² com 01 quarto à venda   Quintas de São José,Quintas de Sao Jose,Zona Norte,1,1,1,34.0,265000.0,7794.11764705882,6785.09085009028,4316.94719953754
147443,APARTAMENTO PRÓXIMO À RUA PARANAPANEMA,Sumarezinho,Zona Oeste,2,2,1,81.0,265000.0,3271.60493827161,4702.46841942496,4568.83198282477
141716,APARTAMENTO PRÓXIMO À PRAÇA 7 DE SETEMBRO,Centro,Centro,1,1,1,47.0,265000.0,5638.29787234043,3969.0889863009,4114.37759196461
139205,Apartamento de 45m² com 01 quarto para locação   Jardim Nova Aliança,Nova Alianca,Zona Sul,1,1,1,45.0,265000.0,5888.88888888889,7235.27815404702,7019.92781217448
132029,APARTAMENTO DIFERENCIADO,Reserva Sul Condominio,Zona Sul,2,1,1,49.0,265000.0,5408.16326530612,4662.25639219501,7019.92781217448
131285,EXCELENTE APARTAMENTO NO CASTELO BRANCO,Jardim Castelo Branco,Zona Leste,2,1,1,72.0,265000.0,3680.55555555556,4046.86527169807,4646.24632076016
125333,APARTAMENTO PRÓXIMO À AVENIDA MEIRA JÚNIOR,Jardim Paulistano,Zona Leste,2,1,1,48.0,265000.0,5520.83333333333,4354.41245373771,4646.24632076016
104054,APARTAMENTO NO JARDIM CASTELO BRANCO,Parque Industrial Lagoinha,Zona Leste,2,1,1,54.0,265000.0,4907.40740740741,4502.88532269356,4646.24632076016
99719,APARTAMENTO NO JARDIM PALMA TRAVASSOS,Jardim Palma Travassos,Zona Leste,2,1,1,51.0,265000.0,5196.07843137255,4725.02380139251,4646.24632076016
99629,APARTAMENTO NO JARDIM PAULISTA,Jardim Paulista,Zona Leste,2,3,1,72.0,265000.0,3680.55555555556,4839.65243893052,4646.24632076016
98624,Apartamento de 34m² com 01 quarto à venda   Jardim Irajá,Condominio Itamaraty,Zona Oeste,1,1,1,34.0,265000.0,7794.11764705882,5336.72097624817,4568.83198282477
96407,APARTAMENTO NO RESIDENCIAL FLORIDA,Residencial Florida,Zona Sul,3,2,2,71.0,265000.0,3732.39436619718,4586.9287610429,7019.92781217448
96044,Apartamento de 35m² com 01 quarto à venda   Jardim Irajá,Jardim Iraja,Zona Sul,1,1,1,35.0,265000.0,7571.42857142857,5843.60369977321,7019.92781217448
96041,Apartamento de 34m² com 01 quarto à venda   Jardim Irajá,Jardim Iraja,Zona Sul,1,1,1,34.0,265000.0,7794.11764705882,5843.60369977321,7019.92781217448
92090,APARTAMENTO NO PARQUE DOS LAGOS,Parque dos Lagos,Zona Leste,2,2,1,80.0,265000.0,3312.5,4175.19186695209,4646.24632076016
88370,Apartamento de 01 quarto para locação   Jardim Irajá,Jardim Iraja,Zona Sul,1,1,1,34.0,265000.0,7794.11764705882,5843.60369977321,7019.92781217448
87149,Apartamento de 49m com 1 quarto   Centro,Centro,Centro,1,1,1,49.0,265000.0,5408.16326530612,3969.0889863009,4114.37759196461
86762,Apartamento próximo ao COC,Ribeirania,Zona Leste,1,1,1,39.0,265000.0,6794.8717948718,6622.45012983218,4646.24632076016
86636,APARTAMENTO NO BAIRRO JARDIM IRAJÁ,Jardim Iraja,Zona Sul,1,1,2,34.0,265000.0,7794.11764705882,5843.60369977321,7019.92781217448
64961,APARTAMENTO PRÓXIMO À UNAERP,Presidente Medici,Zona Leste,3,1,1,72.0,265000.0,3680.55555555556,4508.64185474962,4646.24632076016
60185,APARTAMENTO NO RESIDENCIAL PALMARES,Residencial e Comercial Palmares,Zona Leste,2,2,1,70.0,265000.0,3785.71428571429,3830.73455662616,4646.24632076016
41582,APARTAMENTO PRÓXIMO AO SHOPING SANTA ÚRSULA,Centro,Centro,1,1,1,49.0,265000.0,5408.16326530612,3969.0889863009,4114.37759196461
188549,Apartamento com 48m² com 02 quartos   Ipiranga,Ipiranga,Zona Oeste,2,1,1,48.0,267000.0,5562.5,4227.19529650629,4568.83198282477
169250,APARTAMENTO NO RESERVA REAL,Reserva Real,Zona Sul,2,2,1,44.0,267990.0,6090.68181818182,4252.08579993765,7019.92781217448
221771,Apartamento de 49m² com 02 quartos à venda   Ipiranga,Ipiranga,Zona Oeste,2,1,1,49.0,268000.0,5469.38775510204,4227.19529650629,4568.83198282477
168530,APARTAMENTO NO IPIRANGA,Ipiranga,Zona Oeste,2,2,1,62.0,268557.5,4331.57258064516,4227.19529650629,4568.83198282477
190400,APARTAMENTO NO JARDIM CASTELO BRANCO,Jardim Castelo Branco,Zona Leste,2,2,1,70.0,258000.0,3685.71428571429,4046.86527169807,4646.24632076016
245096,Apartamento de 49m² com 02 quartos à venda   Ipiranga,Ipiranga,Zona Oeste,2,1,1,49.0,269000.0,5489.79591836735,4227.19529650629,4568.83198282477
241658,Apartamento de 51m² com 02 quartos à venda   Jardim Novo Mundo,Jardim Novo Mundo,Zona Leste,2,1,1,51.0,269000.0,5274.50980392157,5425.53576663943,4646.24632076016
191972,Apartamento de 89m² com 03 quartos à venda   Jardim Paulista,Jardim Paulista,Zona Leste,3,2,1,89.0,269000.0,3022.47191011236,4839.65243893052,4646.24632076016
150263,Apartamento de 44m² com 01 suíte á venda   Nova Aliança,Nova Alianca,Zona Sul,1,2,1,44.0,269000.0,6113.63636363636,7235.27815404702,7019.92781217448
134279,APARTAMENTO PRÓXIMO À AVENIDA ALFREDO RAVANELI,Parque Sao Sebastiao,Zona Leste,2,1,1,54.0,269850.0,4997.22222222222,4018.24997986766,4646.24632076016
217157,Apartamento de 49m² com 02 quartos à venda   Jardim Sumaré,Jardim Sumare,Zona Sul,2,1,1,49.0,230000.0,4693.87755102041,6366.17718327786,7019.92781217448
93092,Apartamento de 73m² com 02 quartos   Parque Industrial Lagoinha,Parque Industrial Lagoinha,Zona Leste,2,2,1,73.0,230000.0,3150.68493150685,4502.88532269356,4646.24632076016
69842,Duplex de 43m² com 01 suítes à venda   Vila Ana Maria,Vila Ana Maria,Zona Sul,1,2,1,43.0,230000.0,5348.83720930233,6534.36599324832,7019.92781217448
188318,Apartamento de 52m² com 02 quartos à venda   Jardim Bom Pastor,Jardim Bom Pastor,Zona Oeste,2,1,1,52.0,240000.0,4615.38461538462,4738.46153846154,4568.83198282477
128876,APARTAMENTO NO ALTO DA BOA VISTA,Alto da Boa Vista,Zona Sul,3,2,1,61.0,240000.0,3934.4262295082,5935.13838933655,7019.92781217448
220934,Apartamento de 71m² de 02 quartos sendo 01 suíte à venda   Residencial Flórida,Residencial Florida,Zona Sul,2,2,1,71.0,250000.0,3521.12676056338,4586.9287610429,7019.92781217448
182303,****OTIMO APARTAMENTO TERREO BONFIM PAULISTA****,Jardim Sao Fernando,Zona Oeste,2,1,1,48.0,250000.0,5208.33333333333,4718.15476190476,4568.83198282477
18581,Apartamento de 66m² com 03 quartos sendo 01 suíte à venda   Parque Industrial Lagoinha,Parque Industrial Lagoinha,Zona Leste,3,2,1,66.0,250000.0,3787.87878787879,4502.88532269356,4646.24632076016
211817,Apartamento de 76m² com 02 quartos à venda   Centro,Centro,Centro,2,3,1,76.0,260000.0,3421.05263157895,3969.0889863009,4114.37759196461
209909,Apartamento de 68m² com 02 quartos à venda   Castelo Branco,Jardim Castelo Branco,Zona Leste,2,2,1,68.0,260000.0,3823.52941176471,4046.86527169807,4646.24632076016
159758,APARTAMENTO PRÓXIMO À RUA MONTE ALEGRE,Sumarezinho,Zona Oeste,2,2,1,63.0,260000.0,4126.98412698413,4702.46841942496,4568.83198282477
118571,APARTAMENTO PRÓXIMO A RODOVIA ANHANGUERA,Residencial e Comercial Palmares,Zona Leste,2,2,1,56.0,260000.0,4642.85714285714,3830.73455662616,4646.24632076016
152309,APARTAMENTO PRÓXIMO À AVENIDA MEIRA JÚNIOR,Jardim Paulistano,Zona Leste,2,1,1,46.0,265000.0,5760.86956521739,4354.41245373771,4646.24632076016
243740,Apartamento reformado de 74m²com 02 quartos à venda   Jardim Zara,Jardim Zara,Zona Leste,2,2,2,74.0,270000.0,3648.64864864865,3994.52759311292,4646.24632076016
242879,Apartamento de 76m² com 03 quartos para venda   Nova Ribeirânea,Nova Ribeirania,Zona Leste,3,2,1,76.0,270000.0,3552.63157894737,6636.64015183677,4646.24632076016
242543,Apartamento de 51m² com 02 quartos para venda   Presidente Médici,Presidente Medici,Zona Leste,2,1,1,51.0,270000.0,5294.11764705882,4508.64185474962,4646.24632076016
242198,Apartamento de 66m² com 02 quartos à venda   Campos Elíseos,Campos Eliseos,Zona Norte,2,1,1,66.0,270000.0,4090.90909090909,4308.89631323999,4316.94719953754
241172,Apartamento de 44m² com 02 quartos à venda   Reserva São José,Reserva Sao Jose,Zona Norte,2,1,1,44.0,270000.0,6136.36363636364,6267.81462822185,4316.94719953754
240146,Apartamento de 50m² com 01 suíte à venda   Parque Bandeirantes,Parque dos Bandeirantes,Zona Leste,1,1,1,50.0,270000.0,5400.0,4072.45658506483,4646.24632076016
239477,Apartamento de 95m² com 02 quartos à venda   Vila Seixas,Centro,Centro,2,2,1,95.0,270000.0,2842.1052631579,3969.0889863009,4114.37759196461
238310,Apartamento de 59m² com 02 quartos à venda   Independência,Independencia,Zona Norte,2,2,1,59.0,270000.0,4576.27118644068,3844.6605743041,4316.94719953754
234695,Apartamento de 50m² com 02 quartos para venda   Vila Tibério,Vila Tiberio,Zona Oeste,2,2,1,50.0,270000.0,5400.0,5772.27801236641,4568.83198282477
234131,Apartamento de 54m² com 02 quartos à venda   Parque Industrial Lagoinha,Parque Industrial Lagoinha,Zona Leste,2,1,1,54.0,270000.0,5000.0,4502.88532269356,4646.24632076016
232865,Apartamento de 48m² com 02 quartos para venda   Jardim Paulistano,Jardim Paulistano,Zona Leste,2,1,1,48.0,270000.0,5625.0,4354.41245373771,4646.24632076016
231398,Apartamento de 63m² com 02 quartos sendo 01 suíte à venda   Residencial Flórida,Residencial Florida,Zona Sul,2,2,1,63.0,270000.0,4285.71428571429,4586.9287610429,7019.92781217448
230126,Apartamento mobiliado de 46m² com 01 quarto para locação e venda   Nova Aliança,Nova Alianca,Zona Sul,1,1,1,46.0,270000.0,5869.5652173913,7235.27815404702,7019.92781217448
229403,Apartamento de 47m² com 2 quartos à venda   Jardim Paiva.,Jardim Paiva,Zona Oeste,2,2,1,47.0,270000.0,5744.68085106383,5744.68085106383,4568.83198282477
228593,Apartamento de 48m² com 02 quartos à venda   Centro,Jardim Sao Fernando,Zona Oeste,2,1,1,48.0,270000.0,5625.0,4718.15476190476,4568.83198282477
226895,Apartamento térreo de 85m² com 03 quartos à venda   Sumarezinho,Sumarezinho,Zona Oeste,3,3,1,85.0,270000.0,3176.47058823529,4702.46841942496,4568.83198282477
224648,Apartamento de 46m² com 02 Quartos à Venda   Vila Monte Alegre,Jardim Antartica,Zona Oeste,2,1,1,46.0,270000.0,5869.5652173913,4464.91601599781,4568.83198282477
223823,Apartamento de 69m² com 03 quartos à venda   Jardim Paulista,Jardim Paulista,Zona Leste,3,1,1,69.0,270000.0,3913.04347826087,4839.65243893052,4646.24632076016
223517,Apartamento de 76m² com 02 quartos à venda   Centro,Centro,Centro,2,3,1,76.0,270000.0,3552.63157894737,3969.0889863009,4114.37759196461
216788,Apartamento de 43m² com 01 suíte à venda   Nova Aliança,Nova Alianca,Zona Sul,1,1,1,43.0,270000.0,6279.06976744186,7235.27815404702,7019.92781217448
215216,Apartamento de 54m² com 02 quartos à venda   Jardim Zara,Jardim Zara,Zona Leste,2,2,1,54.0,270000.0,5000.0,3994.52759311292,4646.24632076016
213944,Apartamento de 47m² com 02 quartos à venda   Jardim Paiva,Jardim Paiva,Zona Oeste,2,2,1,47.0,270000.0,5744.68085106383,5744.68085106383,4568.83198282477
211238,Apartamento de 47m² com 01 quarto à venda   Vila Seixas,Centro,Centro,1,1,1,47.0,270000.0,5744.68085106383,3969.0889863009,4114.37759196461
206723,Apartamento de 47m² com 01 quarto à venda   Centro,Centro,Centro,1,1,1,47.0,270000.0,5744.68085106383,3969.0889863009,4114.37759196461
205991,Apartamento de 92m² com 03 quartos para locação e venda   Centro,Centro,Centro,3,3,1,92.0,270000.0,2934.78260869565,3969.0889863009,4114.37759196461
199679,Apartamento de 64m² com 03 quartos sendo 01 suíte para locação e venda   Campos Elísios,Campos Eliseos,Zona Norte,3,2,1,64.0,270000.0,4218.75,4308.89631323999,4316.94719953754
199607,Apartamento de 64m² com 03 quartos para locação   Campos Eliseos,Campos Eliseos,Zona Norte,3,2,1,64.0,270000.0,4218.75,4308.89631323999,4316.94719953754
191876,Apartamento de 53m² com 02 quartos à venda   Jardim Zara,Jardim Zara,Zona Leste,2,1,1,53.0,270000.0,5094.33962264151,3994.52759311292,4646.24632076016
191342,Apartamento com 02 quartos sendo 01 suíte à venda   Ipiranga,Ipiranga,Zona Oeste,2,1,1,61.0,270000.0,4426.22950819672,4227.19529650629,4568.83198282477
186491,Apartamento de 32m² com 01 quarto para venda   Nova Ribeirânia,Nova Ribeirania,Zona Leste,1,1,1,32.0,270000.0,8437.5,6636.64015183677,4646.24632076016
186350,Apartamento a Venda no Jardim Paulistano em Ribeirão Preto,Jardim Paulistano,Zona Leste,2,1,1,46.0,270000.0,5869.5652173913,4354.41245373771,4646.24632076016
185198,Apartamento de 02 quartos para locação   Centro,Centro,Centro,2,1,1,65.0,270000.0,4153.84615384615,3969.0889863009,4114.37759196461
182969,Apartamento de 44m² com 02 quartos à venda   Jardim Paulista,Jardim Paulista,Zona Leste,2,1,1,44.0,270000.0,6136.36363636364,4839.65243893052,4646.24632076016
182474,Apartamento de 46m² com 01 quarto   Jardim Botânico,Jardim Botanico,Zona Sul,1,1,1,46.0,270000.0,5869.5652173913,7403.36272123417,7019.92781217448
180515,APARTAMENTO NA VILA TIBÉRIO,Vila Tiberio,Zona Oeste,2,1,1,61.0,270000.0,4426.22950819672,5772.27801236641,4568.83198282477
174959,APARTAMENTO NO JARDIM ANHANGUERA,Jardim Anhanguera,Zona Leste,2,2,1,53.0,270000.0,5094.33962264151,4372.03682882804,4646.24632076016
174503,APARTAMENTO PRÓXIMO À AVENIDA INDEPENDÊNCIA,Vila Seixas,Centro,2,2,1,102.0,270000.0,2647.05882352941,4862.36131633665,4114.37759196461
173444,APARTAMENTO NO JARDIM OURO BRANCO,Jardim Ouro Branco,Zona Leste,2,1,1,49.0,270000.0,5510.20408163265,4456.14834639336,4646.24632076016
172751,APARTAMENTO NO ALTO DA BOA VISTA,Alto da Boa Vista,Zona Sul,3,2,1,58.0,270000.0,4655.1724137931,5935.13838933655,7019.92781217448
172394,Apartamento de 66m² com 02 quartos à venda   Sumarezinho,Sumarezinho,Zona Oeste,2,2,1,66.0,270000.0,4090.90909090909,4702.46841942496,4568.83198282477
170801,APARTAMENTO NO PARQUE INDUSTRIAL LAGOINHA,Parque Industrial Lagoinha,Zona Leste,3,2,1,66.0,270000.0,4090.90909090909,4502.88532269356,4646.24632076016
162887,APARTAMENTO PRÓXIMO À AVENIDA LEÃO XIII,Jardim Castelo Branco,Zona Leste,2,1,1,40.0,270000.0,6750.0,4046.86527169807,4646.24632076016
161687,Apartamento de 44m² com 01 quarto à venda   Jardim Sumaré,Jardim Sumare,Zona Sul,1,1,1,44.0,270000.0,6136.36363636364,6366.17718327786,7019.92781217448
157826,Apartamento de 56² com 2 quartos á venda   Parque São Sebastião,Parque Sao Sebastiao,Zona Leste,2,1,1,56.0,270000.0,4821.42857142857,4018.24997986766,4646.24632076016
157820,Apartamento de 56m² com 02 qartos á venda   Parque São Sebastião,Parque Sao Sebastiao,Zona Leste,2,1,1,56.0,270000.0,4821.42857142857,4018.24997986766,4646.24632076016
149627,Apartamento de 44m² com 02 quartos à venda   Jardim Paulista,Jardim Paulista,Zona Leste,2,1,1,44.0,270000.0,6136.36363636364,4839.65243893052,4646.24632076016
147932,Apartamento de 02 quartos para locação   Parque dos Lagos,Parque dos Lagos,Zona Leste,2,2,2,63.0,270000.0,4285.71428571429,4175.19186695209,4646.24632076016
137498,Apartamento de 03 quartos para locação   Centro,Centro,Centro,3,3,1,85.0,270000.0,3176.47058823529,3969.0889863009,4114.37759196461
133205,Apartamento de 47m² com 02 quartos para venda  City Ribeirão,City Ribeirao,Zona Sul,2,1,1,47.0,270000.0,5744.68085106383,5481.73996829135,7019.92781217448
113483,Apartamento de 94m² com 03 quartos à venda   Jardim Palma Travassos,Jardim Palma Travassos,Zona Leste,3,2,2,94.0,270000.0,2872.34042553192,4725.02380139251,4646.24632076016
106634,APARTAMENTO NO BAIRRO VILA MONTE ALEGRE,Sumarezinho,Zona Oeste,2,2,1,66.0,270000.0,4090.90909090909,4702.46841942496,4568.83198282477
101285,Apartamento   Padrão,Residencial Florida,Zona Sul,2,2,1,65.0,270000.0,4153.84615384615,4586.9287610429,7019.92781217448
101276,APARTAMENTO NO JARDIM FLORIDA,Residencial Florida,Zona Sul,2,2,1,65.0,270000.0,4153.84615384615,4586.9287610429,7019.92781217448
101273,Apartamento   Padrão,Residencial Florida,Zona Sul,2,2,1,65.0,270000.0,4153.84615384615,4586.9287610429,7019.92781217448
101135,APARTAMENTO PRÓXIMO À RODOVIA ANHANGUERA,Residencial e Comercial Palmares,Zona Leste,3,2,1,90.0,270000.0,3000.0,3830.73455662616,4646.24632076016
100628,APARTAMENTO NO MONTE ALEGRE,Vila Monte Alegre,Zona Oeste,2,2,1,73.0,270000.0,3698.6301369863,5171.67916226382,4568.83198282477
100421,Apartamento de 48m² com 1 quarto para locação e venda  Nova Aliança,Nova Alianca,Zona Sul,1,1,1,48.0,270000.0,5625.0,7235.27815404702,7019.92781217448
96938,APARTAMENTO PRÓXIMO À AVENIDA BARÃO DO BANANAL,Jardim Novo Mundo,Zona Leste,2,2,2,63.0,270000.0,4285.71428571429,5425.53576663943,4646.24632076016
96242,Apartamento de 78m² com 03 quartos à venda   Jardim Califórnia,Residencial Florida,Zona Sul,3,2,2,78.0,270000.0,3461.53846153846,4586.9287610429,7019.92781217448
94553,Apartamento de 29m² com 01 quarto à venda   Vila Amélia,Vila Amelia,Zona Oeste,1,1,1,29.0,270000.0,9310.34482758621,4740.17583820671,4568.83198282477
94265,EXCELENTE LOCALIZAÇÃO NO CENTRO,Centro,Centro,3,2,1,115.0,270000.0,2347.82608695652,3969.0889863009,4114.37759196461
93353,APARTAMENTO TÉRREO NO RESIDENCIAL FLORIDA,Residencial Florida,Zona Sul,3,2,1,65.0,270000.0,4153.84615384615,4586.9287610429,7019.92781217448
92117,Apartamento de 02 quartos para locação   Jd. Califórnia,Jardim California,Zona Sul,2,2,1,60.0,270000.0,4500.0,7048.58207831218,7019.92781217448
89852,OPORTUNIDADE DE NEGÓCIO,Planalto Verde,Zona Oeste,2,1,1,62.0,270000.0,4354.83870967742,4021.97926976394,4568.83198282477
75248,APARTAMENTO A VENDA NA ARNALDO VICTALIANO,Jardim Palma Travassos,Zona Leste,3,1,1,64.0,270000.0,4218.75,4725.02380139251,4646.24632076016
73832,EXCELENTE APARTAMENTOPARA VENDA NO BAIRRO ALTO DO IPIRANGA,Alto do Ipiranga,Zona Oeste,2,1,1,60.0,270000.0,4500.0,4537.91893063963,4568.83198282477
70424,Apartamento   Padrão,Jardim Botanico,Zona Sul,1,2,1,46.0,270000.0,5869.5652173913,7403.36272123417,7019.92781217448
66089,Apartamento de 03 quartos para locação   Jardim Paulista,Jardim Paulista,Zona Leste,3,1,1,102.0,270000.0,2647.05882352941,4839.65243893052,4646.24632076016
63641,Apartamento de 65m² com 03 quartos sendo 01 suíte à venda   Jardim Palma Travassos,Jardim Palma Travassos,Zona Leste,3,2,1,65.0,270000.0,4153.84615384615,4725.02380139251,4646.24632076016
26993,APARTAMENTO NO JARDIM PAULISTANO,Jardim Paulistano,Zona Leste,3,2,1,86.0,270000.0,3139.53488372093,4354.41245373771,4646.24632076016
163211,Apartamento de 53m² com 02 quartos à venda   Parque São Sebastião,Parque Sao Sebastiao,Zona Leste,2,1,1,53.0,270900.0,5111.32075471698,4018.24997986766,4646.24632076016
126635,APARTAMENTO NO RESIDENCIAL FLORIDA,Residencial Florida,Zona Sul,1,1,1,36.0,271000.0,7527.77777777778,4586.9287610429,7019.92781217448
209918,Apartamento de 38m² com 01 quarto para Venda Mobiliado   Residencial Florida,Jardim California,Zona Sul,1,1,1,38.0,229000.0,6026.31578947368,7048.58207831218,7019.92781217448
219053,Apartamento de 51m² com 02 quartos à venda   Jardim Novo Mundo,Jardim Novo Mundo,Zona Leste,2,1,1,51.0,235000.0,4607.8431372549,5425.53576663943,4646.24632076016
71657,Apartamento de 43m² com 01 quarto à venda   Vila Ana Maria,Vila Ana Maria,Zona Sul,1,2,1,43.0,235000.0,5465.11627906977,6534.36599324832,7019.92781217448
182948,Apartamento   Padrão,Residencial e Comercial Palmares,Zona Leste,3,2,1,86.0,260000.0,3023.25581395349,3830.73455662616,4646.24632076016
159920,Apartamento de 56 m² com 02 quartos   Parque São Sebastião,Parque Sao Sebastiao,Zona Leste,2,1,1,56.0,265000.0,4732.14285714286,4018.24997986766,4646.24632076016
156551,Apartamento de 83m² com 03 quartos à venda   Presidente Médici,Presidente Medici,Zona Leste,3,1,1,83.0,265000.0,3192.77108433735,4508.64185474962,4646.24632076016
99524,* Excelente Oportunidade *,Parque Sao Sebastiao,Zona Leste,2,1,1,56.0,265650.0,4743.75,4018.24997986766,4646.24632076016
192308,EXCELENTE APARTAMENTO NOVO PARA LOCAÇÃO E VENDA EM AVENIDA DE GRANDE FLUXO,Jardim Anhanguera,Zona Leste,2,1,1,50.0,269000.0,5380.0,4372.03682882804,4646.24632076016
241538,Apartamento de 74m² com 03 quartos sendo 01 suíte à venda   Parque dos Bandeirantes,Parque dos Bandeirantes,Zona Leste,3,2,1,74.0,275000.0,3716.21621621622,4072.45658506483,4646.24632076016
238721,Apartamento de 48m² com 02 quartos para venda   Residencial Jequitibá,Residencial Jequitiba,Zona Norte,2,1,1,48.0,275000.0,5729.16666666667,4751.76900217579,4316.94719953754
232505,Apartamento de 40m² com 02 quartos para venda   Recreio das Acácias,Recreio das Acacias,Zona Leste,2,1,1,40.0,275000.0,6875.0,5924.20433221203,4646.24632076016
232184,Apartamento de 45m² com 02 quartos para venda e locação   Nova Aliança,Nova Alianca,Zona Sul,2,1,1,45.0,275000.0,6111.11111111111,7235.27815404702,7019.92781217448
230303,Apartamento de 46m² com 02 quartos á venda   Jardim Manoel Penna,Jardim Manoel Penna,Zona Leste,2,1,2,46.0,275000.0,5978.26086956522,4812.40737129408,4646.24632076016
214307,Apartamento de 46m² com 02 quartos à venda   Bonfim Paulista,Loteamento Santa Marta,Zona Norte,2,1,1,46.0,275000.0,5978.26086956522,5386.60691471388,4316.94719953754
203492,APARTAMENTO COM SACADA NO BAIRRO JARDIM NOVO MUNDO,Jardim Novo Mundo,Zona Leste,3,2,1,115.0,275000.0,2391.30434782609,5425.53576663943,4646.24632076016
201827,APARTAMENTO NO JARDIM MANOEL PENNA,Jardim Manoel Penna,Zona Leste,2,1,1,46.0,275000.0,5978.26086956522,4812.40737129408,4646.24632076016
193442,Apartamento de 56m² com 02 quartos à venda   Vila Amélia,Vila Amelia,Zona Oeste,2,1,1,56.0,275000.0,4910.71428571429,4740.17583820671,4568.83198282477
193013,Apartamento de 47m² com 02 quartos para locação  City Ribeirão,City Ribeirao,Zona Sul,2,1,1,47.0,275000.0,5851.06382978723,5481.73996829135,7019.92781217448
187988,APARTAMENTO NO MONTE ALEGRE,Vila Monte Alegre,Zona Oeste,2,1,1,61.0,275000.0,4508.19672131148,5171.67916226382,4568.83198282477
187985,APARTAMENTO NO MONTE ALEGRE,Vila Monte Alegre,Zona Oeste,2,1,1,61.0,275000.0,4508.19672131148,5171.67916226382,4568.83198282477
187982,APARTAMENTO NO MONTE ALEGRE,Vila Monte Alegre,Zona Oeste,2,1,1,61.0,275000.0,4508.19672131148,5171.67916226382,4568.83198282477
159938,Apartamento   Padrão,Parque Sao Sebastiao,Zona Leste,2,1,1,56.0,275000.0,4910.71428571429,4018.24997986766,4646.24632076016
157934,Apartamento de 65m² com 03 quartos à venda   Jardim Palma Travassos,Jardim Palma Travassos,Zona Leste,3,2,1,65.0,275000.0,4230.76923076923,4725.02380139251,4646.24632076016
154430,Apartamento de 44m² com 02 quartos para venda   Quinta da Primavera,Quinta da Primavera,Zona Sul,2,1,1,44.0,275000.0,6250.0,8334.13944069942,7019.92781217448
136757,Apartamento de 46m² com 02 quartos para venda   Ribeirânia,Ribeirania,Zona Leste,2,1,1,46.0,275000.0,5978.26086956522,6622.45012983218,4646.24632076016
135578,APARTAMENTO NO JARDIM PAULISTANO,Jardim Paulistano,Zona Leste,3,2,1,87.0,275000.0,3160.91954022989,4354.41245373771,4646.24632076016
134276,APARTAMENTO NA LAGOINHA,Parque Industrial Lagoinha,Zona Leste,3,2,1,66.0,275000.0,4166.66666666667,4502.88532269356,4646.24632076016
101270,Apartamento   Padrão,Residencial Florida,Zona Sul,2,2,1,65.0,275000.0,4230.76923076923,4586.9287610429,7019.92781217448
91313,APARTAMENTO NA VILA AMELIA,Vila Amelia,Zona Oeste,2,2,1,75.0,275000.0,3666.66666666667,4740.17583820671,4568.83198282477
88541,Apartamento de 45m² com 01 quarto para venda   Nova Aliança,Nova Alianca,Zona Sul,1,1,1,45.0,275000.0,6111.11111111111,7235.27815404702,7019.92781217448
196226,APARTAMENTO À VENDA NO BAIRRO IGUATEMI,Jardim Palma Travassos,Zona Leste,3,1,1,74.0,275500.0,3722.97297297297,4725.02380139251,4646.24632076016
190769,Apartamento de 67 m² com 03 quartos para venda   Jardim Europa,Parque Industrial Lagoinha,Zona Leste,3,2,1,67.0,260000.0,3880.59701492537,4502.88532269356,4646.24632076016
226550,Apartamento de 54m² com 02 quartos à venda   Parque Anhanguera,Parque Anhanguera,Zona Leste,2,1,1,54.0,275600.0,5103.7037037037,4177.86557112983,4646.24632076016
203885,Apartamento novo de 49m² com 02 quartos à venda   Jardim Novo Mundo,Jardim Novo Mundo,Zona Leste,2,1,1,49.0,275923.33,5631.08836734694,5425.53576663943,4646.24632076016
203882,Apartamento novo de 49m² com 02 quartos à venda   Jardim Novo Mundo,Jardim Novo Mundo,Zona Leste,2,1,1,49.0,275923.33,5631.08836734694,5425.53576663943,4646.24632076016
136907,APARTAMENTO PADRÃO   ÚNICO RESIDENCIAL,Jardim Novo Mundo,Zona Leste,2,1,1,54.0,275923.33,5109.6912962963,5425.53576663943,4646.24632076016
147479,APARTAMENTO PRÓXIMO AO PARQUE CARLOS RAYA,Jardim Botanico,Zona Sul,2,1,1,42.0,219000.0,5214.28571428572,7403.36272123417,7019.92781217448
225296,Apartamento de 56m² com 02 quartos à venda   Alto do Ipiranga,Alto do Ipiranga,Zona Oeste,2,1,1,56.0,270000.0,4821.42857142857,4537.91893063963,4568.83198282477
156179,Apartamento de 59m² com 02 quartos à venda   Residencial Palmares,Residencial e Comercial Palmares,Zona Leste,2,2,1,59.0,275000.0,4661.01694915254,3830.73455662616,4646.24632076016
240317,Apartamento de 90m² com 03 quartos à venda   Jardim Castelo Branco,Jardim Castelo Branco,Zona Leste,3,3,1,90.0,276000.0,3066.66666666667,4046.86527169807,4646.24632076016
216173,Apartamento de 50m² com 02 quartos à venda   Jardim Paulistano,Jardim Anhanguera,Zona Leste,2,1,1,50.0,276000.0,5520.0,4372.03682882804,4646.24632076016
179651,Apartamento de 56m² com 02 quartos à venda   Chácaras Pedro Corrêa de Carvalho,Chacaras Pedro Correa de Carvalho,Zona Norte,2,2,1,56.0,276000.0,4928.57142857143,4124.52491399826,4316.94719953754
173864,APARTAMENTO NA VILA TIBÉRIO,Vila Tiberio,Zona Oeste,2,1,1,77.0,276000.0,3584.41558441558,5772.27801236641,4568.83198282477
161498,Apartamento de 50m² com 02 quartos para locação e venda   Iguatemi,Jardim Palma Travassos,Zona Leste,2,1,1,50.0,276000.0,5520.0,4725.02380139251,4646.24632076016
154637,Apartamento de 76m² com 02 quartos à venda   Centro,Centro,Centro,2,3,1,76.0,276000.0,3631.57894736842,3969.0889863009,4114.37759196461
123263,Apartamento de 79m² para locação e venda   Jardim Paulistano,Jardim Paulistano,Zona Leste,2,2,1,79.0,276000.0,3493.67088607595,4354.41245373771,4646.24632076016
90644,APARTAMENTO NO CENTRO,Centro,Centro,2,2,1,122.0,276000.0,2262.29508196721,3969.0889863009,4114.37759196461
72596,Apartamento   Padrão,Jardim Botanico,Zona Sul,1,1,1,46.0,276000.0,6000.0,7403.36272123417,7019.92781217448
18569,Apartamento de 46m² com 01 dormitório   Centro,Centro,Centro,1,1,1,46.0,276000.0,6000.0,3969.0889863009,4114.37759196461
219350,Apartamento de 54m² com 02 quartos à venda   Ipiranga,Ipiranga,Zona Oeste,2,1,1,54.0,276600.0,5122.22222222222,4227.19529650629,4568.83198282477
174224,Apartamento de 48m² com 02 quartos para locação   Residencial Greenville,Residencial Greenville,Zona Norte,2,2,1,48.0,277000.0,5770.83333333333,4670.88804474239,4316.94719953754
59159,Apartamento   Padrão,Jardim Palma Travassos,Zona Leste,1,1,1,40.0,277000.0,6925.0,4725.02380139251,4646.24632076016
54167,Apartamento   Padrão,Jardim Palma Travassos,Zona Leste,1,1,1,40.0,277000.0,6925.0,4725.02380139251,4646.24632076016
189344,Apartamento com 2 dormitórios em ótima localização,Jardim Novo Mundo,Zona Leste,2,1,1,64.0,279000.0,4359.375,5425.53576663943,4646.24632076016
233195,Lançamento: Gran Primavera   Apartamento de 50m² com 02 quartos à venda   Região do Jardim Olhos D`Água,Quinta da Primavera,Zona Sul,2,1,1,50.0,279900.0,5598.0,8334.13944069942,7019.92781217448
165419,APARTAMENTO MOBILIADO,Jardim Jose Wilson Toni,Zona Norte,2,1,1,46.0,206700.0,4493.47826086957,3558.22945254947,4316.94719953754
219950,Apartamento mobiliado de 60m² com 02 quartos à venda   Vila Amélia,Vila Amelia,Zona Oeste,2,1,1,60.0,245000.0,4083.33333333333,4740.17583820671,4568.83198282477
223508,Apartamento de 48m² com 02 quartos para venda   Parque das Oliveiras,Parque das Oliveiras,Zona Norte,2,1,1,48.0,250000.0,5208.33333333333,6187.10691823899,4316.94719953754
158354,Apartamento de 109m² com 02 quartos à venda   Jardim Macedo,Jardim Macedo,Zona Leste,2,2,1,109.0,250000.0,2293.57798165138,4049.64935899923,4646.24632076016
141710,Apartamento de 76m² com 02 quartos á venda   Vila Monte Alegre,Vila Monte Alegre,Zona Oeste,2,1,1,76.0,250000.0,3289.47368421053,5171.67916226382,4568.83198282477
125153,Apartamento   Padrão,Jardim Paulista,Zona Leste,3,2,1,96.0,250000.0,2604.16666666667,4839.65243893052,4646.24632076016
103598,Apartamento de 30m² com 01 quarto e varanda à venda   Nova Aliança,Nova Alianca,Zona Sul,1,1,1,30.0,260000.0,8666.66666666667,7235.27815404702,7019.92781217448
151913,Apartamento de 81m² com 03 quartos à venda   Jardim Paulista,Jardim Paulista,Zona Leste,3,2,1,81.0,265000.0,3271.60493827161,4839.65243893052,4646.24632076016
205715,Apartamento de 52m² com 02 quartos à venda   Jardim Zara,Jardim Zara,Zona Leste,2,2,1,52.0,269900.0,5190.38461538462,3994.52759311292,4646.24632076016
229481,Apartamento de 46m² com 01 quarto à venda   Nova Aliança,Nova Alianca,Zona Sul,1,1,1,46.0,270000.0,5869.5652173913,7235.27815404702,7019.92781217448
199883,Apartamento de 47m² com 2 quartos à venda   Ipiranga,Ipiranga,Zona Oeste,2,2,1,47.0,270000.0,5744.68085106383,4227.19529650629,4568.83198282477
191756,Ótimo apartamento no Jardim Paulista   Edifício Capri,Jardim Paulista,Zona Leste,2,2,1,66.0,270000.0,4090.90909090909,4839.65243893052,4646.24632076016
170258,APARTAMENTO NOVO NO BAIRRO VILA MONTE ALEGRE,Vila Monte Alegre,Zona Oeste,2,2,1,61.0,275000.0,4508.19672131148,5171.67916226382,4568.83198282477
170255,APARTAMENTO NOVO NO BAIRRO VILA MONTE ALEGRE,Vila Monte Alegre,Zona Oeste,2,2,1,61.0,275000.0,4508.19672131148,5171.67916226382,4568.83198282477
229583,Apartamento de 75m² com 02 quartos à venda porteira fechada   Campos Eliseos,Campos Eliseos,Zona Norte,2,1,1,75.0,279000.0,3720.0,4308.89631323999,4316.94719953754
244844,Apartamento de 71m² de 03 quartos sendo uma suíte   Iguatemi,Iguatemi,Zona Norte,3,1,1,71.0,280000.0,3943.66197183099,4838.13811749042,4316.94719953754
244199,Apartamento de 71m² de 03 quartos sendo uma suíte   Iguatemi,Iguatemi,Zona Norte,3,2,1,71.0,280000.0,3943.66197183099,4838.13811749042,4316.94719953754
242660,Apartamento de 56m² com 02 quartos à venda   Planalto Verde,Planalto Verde,Zona Oeste,2,1,1,56.0,280000.0,5000.0,4021.97926976394,4568.83198282477
240854,Apartamento de 71m² de 03 quartos sendo uma suíte   Iguatemi,Iguatemi,Zona Norte,3,2,1,71.0,280000.0,3943.66197183099,4838.13811749042,4316.94719953754
238073,Apartamento de 75m² com 02 quartos à venda   Presidente Médici,Presidente Medici,Zona Leste,2,1,1,75.0,280000.0,3733.33333333333,4508.64185474962,4646.24632076016
237899,Apartamento de 134m² com 03 quartos à venda   Jardim Sumaré,Jardim Sumare,Zona Sul,3,2,1,134.0,280000.0,2089.55223880597,6366.17718327786,7019.92781217448
229895,Apartamento de 61m² com 02 quartos à venda  Jardim Palma Ttravasso,Jardim Palma Travassos,Zona Leste,2,1,1,61.0,280000.0,4590.16393442623,4725.02380139251,4646.24632076016
229406,Apartamento de 72m² com 03 quartos para venda e locação   Presidente Médici,Presidente Medici,Zona Leste,3,2,1,72.0,280000.0,3888.88888888889,4508.64185474962,4646.24632076016
225734,Apartamento de 48m² com 02 quartos à venda   Bonfim Paulista,Jardim Sao Fernando,Zona Oeste,2,1,1,48.0,280000.0,5833.33333333333,4718.15476190476,4568.83198282477
223499,Apartamento de 48m² com 02 quartos à venda   Bonfim Paulista,Jardim Sao Fernando,Zona Oeste,2,1,1,48.0,280000.0,5833.33333333333,4718.15476190476,4568.83198282477
213938,Apartamento térreo de 48m² com 02 quartos para locação   Parque das Oliveiras II,Parque das Oliveiras,Zona Norte,2,1,1,48.0,280000.0,5833.33333333333,6187.10691823899,4316.94719953754
209180,Apartamento térreo de 42 m² com 01 quarto   Jardim Irajá.,Jardim Iraja,Zona Sul,1,1,1,42.0,280000.0,6666.66666666667,5843.60369977321,7019.92781217448
206939,Apartamento de 44m² com 02 quartos   Quintas de São José,Quintas de Sao Jose,Zona Norte,2,1,1,44.0,280000.0,6363.63636363636,6785.09085009028,4316.94719953754
201746,KITNET NO JARDIM CALIFORNIA,Jardim California,Zona Sul,1,1,1,25.0,280000.0,11200.0,7048.58207831218,7019.92781217448
200795,Apartamento de 52m² com 02 quartos sendo 01 suíte à venda   Quintas de São José,Quintas de Sao Jose,Zona Norte,2,2,1,52.0,280000.0,5384.61538461539,6785.09085009028,4316.94719953754
198314,LINDO APARTAMENTO COM QUINTAL PRÓXIMO AO NOVO SHOOPING,Residencial Jequitiba,Zona Norte,2,1,1,49.0,280000.0,5714.28571428572,4751.76900217579,4316.94719953754
194702,Apartamento de 121m² com 02 quartos à venda   Centro,Centro,Centro,2,2,1,121.0,280000.0,2314.04958677686,3969.0889863009,4114.37759196461
191456,Apartamento de 02 quartos para locação   Vila Tibério,Jardim Antartica,Zona Oeste,2,1,1,46.0,280000.0,6086.95652173913,4464.91601599781,4568.83198282477
191429,Apartamento de 60m² com 02 quartos à venda   Monte Alegre,Vila Monte Alegre,Zona Oeste,2,1,1,60.0,280000.0,4666.66666666667,5171.67916226382,4568.83198282477
185282,Apartamento   Padrão,Centro,Centro,2,2,1,72.0,280000.0,3888.88888888889,3969.0889863009,4114.37759196461
174974,APARTAMENTO NO JARDIM CASTELO BRANCO,Jardim Castelo Branco,Zona Leste,3,2,2,83.0,280000.0,3373.49397590362,4046.86527169807,4646.24632076016
172946,Apartamento mobiliado de 35m² com 01 quarto à venda   Vila Seixas,Vila Seixas,Centro,1,1,1,35.0,280000.0,8000.0,4862.36131633665,4114.37759196461
171266,APARTAMENTO NO JARDIM ZARA,Jardim Zara,Zona Leste,2,1,1,53.0,280000.0,5283.01886792453,3994.52759311292,4646.24632076016
163979,Apartamento de 41m² com 2 quartos para venda e locação   Jardim José Sampaio,Jardim Jose Sampaio Junior,Zona Norte,2,1,1,41.0,280000.0,6829.26829268293,4089.5276809911,4316.94719953754
162788,Apartamento 48m² com 02 quartos   Vila Seixas,Vila Seixas,Centro,1,1,1,48.0,280000.0,5833.33333333333,4862.36131633665,4114.37759196461
159824,Apartamento de 40m² com 02 quartos para locação e venda   Ipiranga,Ipiranga,Zona Oeste,2,1,1,40.0,280000.0,7000.0,4227.19529650629,4568.83198282477
152213,Apartamento de 120m² com 03 quartos à venda   Centro,Centro,Centro,3,2,1,120.0,280000.0,2333.33333333333,3969.0889863009,4114.37759196461
150659,APARTAMENTO DE 1 DORMITÓRIO OPORTUNIDADE,Jardim Paulista,Zona Leste,1,1,1,45.0,280000.0,6222.22222222222,4839.65243893052,4646.24632076016
150119,Apartamento 3 dormitórios   Lagoinha,Parque Industrial Lagoinha,Zona Leste,3,2,1,66.0,280000.0,4242.42424242424,4502.88532269356,4646.24632076016
148715,APARTAMENTO PRÓXIMO À AVENIDA MARIA DE JESUS CONDEIXA,Jardim Palma Travassos,Zona Leste,2,2,1,73.0,280000.0,3835.61643835617,4725.02380139251,4646.24632076016
148340,Apartamento de 96m² com 03 quartos à venda   Jardim Paulistano,Jardim Paulistano,Zona Leste,3,2,1,96.0,280000.0,2916.66666666667,4354.41245373771,4646.24632076016
148052,APARTAMENTO PRÓXIMO À AVENIDA INDEPENDÊNCIA,Residencial Florida,Zona Sul,1,1,1,36.0,280000.0,7777.77777777778,4586.9287610429,7019.92781217448
147536,LINDO APARTAMENTO PRÓXIMO À AVENIDA NOVE DE JULHO,Centro,Centro,2,2,1,89.0,280000.0,3146.06741573034,3969.0889863009,4114.37759196461
143675,APARTAMENTO DIFERENCIADO,Jardim Anhanguera,Zona Leste,2,2,1,69.0,280000.0,4057.97101449275,4372.03682882804,4646.24632076016
135785,Duplex de 49m² 01 quarto à venda   Centro,Centro,Centro,1,1,1,49.0,280000.0,5714.28571428572,3969.0889863009,4114.37759196461
128825,Apartamento   Padrão,Jardim Zara,Zona Leste,3,2,1,83.0,280000.0,3373.49397590362,3994.52759311292,4646.24632076016
127211,Apartamento de 01 quarto para venda   Nova Aliança,Nova Alianca,Zona Sul,1,1,1,40.0,280000.0,7000.0,7235.27815404702,7019.92781217448
125828,Apartamento de 65m² com 02 quartos para locação e venda   Centro,Centro,Centro,2,1,1,65.0,280000.0,4307.69230769231,3969.0889863009,4114.37759196461
121874,EXCELENTE APARTAMENTO NA ZONA SUL,Jardim Botanico,Zona Sul,1,1,1,46.0,280000.0,6086.95652173913,7403.36272123417,7019.92781217448
117617,Apartamento   Padrão,Jardim Iraja,Zona Sul,2,1,1,86.0,280000.0,3255.81395348837,5843.60369977321,7019.92781217448
116975,Apartamento de 62m² com 02 quartos á venda   Vila Maria Luiza,Vila Maria Luiza,Zona Norte,2,2,1,62.0,280000.0,4516.12903225806,4653.00485819842,4316.94719953754
115733,Apartamento térreo de 46m² para locação   Jardim Marchesi,Jardim Marchesi,Zona Oeste,2,1,1,46.0,280000.0,6086.95652173913,3706.13254567216,4568.83198282477
107849,ÓTIMO APARTAMENTO NO RESIDENCIAL PALMARES,Residencial e Comercial Palmares,Zona Leste,3,2,2,172.0,280000.0,1627.90697674419,3830.73455662616,4646.24632076016
101573,Apartamento   Padrão,Centro,Centro,1,1,1,63.0,280000.0,4444.44444444444,3969.0889863009,4114.37759196461
100373,Apartamento   Padrão,Sumarezinho,Zona Oeste,2,1,1,66.0,280000.0,4242.42424242424,4702.46841942496,4568.83198282477
98642,APARTAMENTO NO JARDIM NOVA ALIANÇA,Nova Alianca,Zona Sul,1,1,1,55.0,280000.0,5090.90909090909,7235.27815404702,7019.92781217448
94394,Apartamento de 69m² com 01 quarto para locação   Centro,Higienopolis,Centro,1,1,1,69.0,280000.0,4057.97101449275,3745.12101181726,4114.37759196461
93101,Apartamento de 71m² com 02 quartos para locação   Jardim Paulista,Jardim Paulista,Zona Leste,2,1,1,71.0,280000.0,3943.66197183099,4839.65243893052,4646.24632076016
92876,APARTAMENTO PRÓXIMO À CATEDRAL,Centro,Centro,2,1,1,65.0,280000.0,4307.69230769231,3969.0889863009,4114.37759196461
85481,APARTAMENTO NO CENTRO COM 2 DORMITÓRIOS,Centro,Centro,2,2,1,65.0,280000.0,4307.69230769231,3969.0889863009,4114.37759196461
83804,Apartamento   Padrão,Parque Industrial Lagoinha,Zona Leste,3,2,1,73.0,280000.0,3835.61643835617,4502.88532269356,4646.24632076016
79601,Apartamento   Padrão,Centro,Centro,2,2,1,78.0,280000.0,3589.74358974359,3969.0889863009,4114.37759196461
77732,Apartamento de 59m² à venda   Parque Industrial Lagoinha,Parque Industrial Lagoinha,Zona Leste,2,1,1,59.0,280000.0,4745.76271186441,4502.88532269356,4646.24632076016
68102,Apartamento   Padrão,Jardim America,Zona Sul,1,1,1,40.0,280000.0,7000.0,5600.32705609696,7019.92781217448
67538,Apartamento de 44m² com 01 quarto à venda   Jardim Sumaré,Jardim Sumare,Zona Sul,1,1,1,44.0,280000.0,6363.63636363636,6366.17718327786,7019.92781217448
54965,Apartamento de 69m² com 03 quartos à venda   Jardim Paulista,Jardim Paulista,Zona Leste,3,1,1,69.0,280000.0,4057.97101449275,4839.65243893052,4646.24632076016
48944,Apartamento de 66m² com 03 quartos para venda   Lagoinha,Parque Industrial Lagoinha,Zona Leste,3,2,1,66.0,280000.0,4242.42424242424,4502.88532269356,4646.24632076016
32882,APARTAMENTO PRÓXIMO AO PARQUE CARLOS RAYA,Jardim Iraja,Zona Sul,3,2,2,75.0,280000.0,3733.33333333333,5843.60369977321,7019.92781217448
6605,Apartamento de 46m² com 01 quarto   Jardim Botânico,Jardim Botanico,Zona Sul,1,1,1,46.0,280000.0,6086.95652173913,7403.36272123417,7019.92781217448
195608,APARTAMENTO NO PARQUE DOS LAGOS,Parque dos Lagos,Zona Leste,2,1,1,53.0,281000.0,5301.88679245283,4175.19186695209,4646.24632076016
175325,APARTAMENTO NO PARQUE INDUSTRIAL LAGOINHA,Parque Industrial Lagoinha,Zona Leste,3,2,1,66.0,281000.0,4257.57575757576,4502.88532269356,4646.24632076016
126332,APARTAMENTO NO JARDIM SUMARÉ,Jardim Sumare,Zona Sul,1,1,1,44.0,281000.0,6386.36363636364,6366.17718327786,7019.92781217448
167708,Apartamento de 62m² com 03 quartos à venda   Alto do Ipiranga,Alto do Ipiranga,Zona Oeste,3,2,1,62.0,282000.0,4548.38709677419,4537.91893063963,4568.83198282477
214040,Lançamento Portugal 2207   Apartamento de 38m² com 01 quarto à venda   Santa Cruz do José Jacques,Santa Cruz do Jose Jacques,Zona Sul,1,1,1,38.0,282290.74,7428.70368421053,6190.18466407645,7019.92781217448
209885,Apartamento de 55m² com 02 quartos à venda   Campos Elíseos,Campos Eliseos,Zona Norte,2,2,1,55.0,283990.0,5163.45454545455,4308.89631323999,4316.94719953754
180392,Apartamento com 53m² 2 quartos sendo 1 suíte à venda no Parque dos Lagos. Mirante dos Lagos,Parque dos Lagos,Zona Leste,2,2,1,53.0,230000.0,4339.62264150943,4175.19186695209,4646.24632076016
236723,Apartamento de 44m² com 02 quartos para venda   Recreio das Acácias,Recreio das Acacias,Zona Leste,2,1,1,44.0,275000.0,6250.0,5924.20433221203,4646.24632076016
235931,Apartamento de 2 quartos térreo com 47 m² no Guaporé,Quinta da Primavera,Zona Sul,2,1,1,47.0,276000.0,5872.34042553192,8334.13944069942,7019.92781217448
241220,Apartamento de 49m² com 02 quartos sendo 01 suite à venda   Residencial Greenville,Residencial Greenville,Zona Norte,2,2,1,49.0,285000.0,5816.32653061225,4670.88804474239,4316.94719953754
234257,Apartamento de 59m² com 02 quartos sendo 01 suite à venda   Residencial Greenville,Residencial Greenville,Zona Norte,2,2,1,59.0,285000.0,4830.50847457627,4670.88804474239,4316.94719953754
189350,LINDO APARTAMENTO PRÓXIMO A BANANAL,Jardim Zara,Zona Leste,2,1,1,54.0,285000.0,5277.77777777778,3994.52759311292,4646.24632076016
186806,APARTAMENTO NO CAMPOS ELÍSEOS,Campos Eliseos,Zona Norte,2,2,1,60.0,285000.0,4750.0,4308.89631323999,4316.94719953754
157532,Apartamento de 64m² com 02 quartos sendo 01 suíte   Jardim Palma Travassos,Jardim Palma Travassos,Zona Leste,2,2,1,64.0,285000.0,4453.125,4725.02380139251,4646.24632076016
100568,Apartamento   Padrão,Jardim Palma Travassos,Zona Leste,3,2,1,68.0,285000.0,4191.17647058824,4725.02380139251,4646.24632076016
68573,Apartamento de 44m² com 1 suíte para locação e venda   Jardim Paulista,Jardim Paulista,Zona Leste,1,1,1,44.0,285000.0,6477.27272727273,4839.65243893052,4646.24632076016
12719,Apartamento de 86m² com 03 quartos para venda   Vila Virgínia,Vila Virginia,Zona Oeste,3,2,1,86.0,285000.0,3313.95348837209,4199.44386633332,4568.83198282477
212720,Apartamento de 57m² com 02 quartos à venda   Ipiranga,Ipiranga,Zona Oeste,2,1,1,57.0,286000.0,5017.54385964912,4227.19529650629,4568.83198282477
139316,APARTAMENTO NO SUMAREZINHO,Sumarezinho,Zona Oeste,3,1,1,103.0,286000.0,2776.69902912621,4702.46841942496,4568.83198282477
243539,Apartamento mobiliado de 31m² com 01 quarto à venda   Ribeirânia,Ribeirania,Zona Leste,1,1,1,31.0,287000.0,9258.06451612903,6622.45012983218,4646.24632076016
214793,Apartamento de 56m² com 01 quarto para locação   Centro,Centro,Centro,1,1,1,56.0,287000.0,5125.0,3969.0889863009,4114.37759196461
203984,APARTAMENTO À VENDA NO JARDIM MANOEL PENNA,Jardim Manoel Penna,Zona Leste,2,1,1,46.0,287000.0,6239.13043478261,4812.40737129408,4646.24632076016
197435,EXCELENTE APARTAMENTO PARA VENDA NO BAIRRO JARDIM BOTÂNICO,Jardim Botanico,Zona Sul,1,1,1,46.0,287000.0,6239.13043478261,7403.36272123417,7019.92781217448
163043,Apartamento de 01 quarto para locação   Centro,Centro,Centro,1,1,1,55.0,287000.0,5218.18181818182,3969.0889863009,4114.37759196461
159953,APARTAMENTO NO BAIRRO CITY RIBEIRÃO,City Ribeirao,Zona Sul,2,2,1,52.0,287000.0,5519.23076923077,5481.73996829135,7019.92781217448
99806,Apartamento de 48m² com 01 quarto para locação   Jardim botânico,Jardim Botanico,Zona Sul,1,1,1,48.0,287000.0,5979.16666666667,7403.36272123417,7019.92781217448
231317,Apartamento com 77 m² 02 quartos à venda   Jardim Paulista,Jardim Paulista,Zona Leste,2,2,1,77.0,289000.0,3753.24675324675,4839.65243893052,4646.24632076016
159944,Apartamento   Padrão,Parque Sao Sebastiao,Zona Leste,2,1,1,56.0,289000.0,5160.71428571429,4018.24997986766,4646.24632076016
156251,Apartamento de 47 m² com 02 quartos à venda   Condomínio Mirante Sul.,Condominio Mirante Sul,Zona Sul,2,1,1,47.0,289000.0,6148.93617021277,5048.35903353727,7019.92781217448
72602,Apartamento mobiliado de 46m² com 01 quarto à venda   Jardim Botânico,Jardim Botanico,Zona Sul,1,1,1,46.0,289000.0,6282.60869565217,7403.36272123417,7019.92781217448
120938,Apartamento de 40m² com 01 quarto à venda   Jardim Palma Travassos,Jardim Palma Travassos,Zona Leste,1,1,1,40.0,250000.0,6250.0,4725.02380139251,4646.24632076016
109340,Apartamento de 40m² com 01 quarto à venda   Jardim Palma Travassos,Jardim Palma Travassos,Zona Leste,1,1,1,40.0,250000.0,6250.0,4725.02380139251,4646.24632076016
91022,Apartamento de 48m² com 01 quarto à venda   Centro,Centro,Centro,1,1,1,48.0,250000.0,5208.33333333333,3969.0889863009,4114.37759196461
196220,Apartamento de 44m² com 02 quartos à venda   Bonfim Paulista,Quintas de Sao Jose,Zona Norte,2,1,1,44.0,255000.0,5795.45454545455,6785.09085009028,4316.94719953754
153536,Apartamento de 64m² com 02 quartos à venda   Vila Monte Alegre,Sumarezinho,Zona Oeste,2,2,1,64.0,260000.0,4062.5,4702.46841942496,4568.83198282477
90089,Apartamento de 80m² com 03 quartos para locação   Vila Seixas,Vila Seixas,Centro,3,2,1,80.0,260000.0,3250.0,4862.36131633665,4114.37759196461
121259,Apartamento   Padrão,Jardim Zara,Zona Leste,2,2,1,70.0,270000.0,3857.14285714286,3994.52759311292,4646.24632076016
204833,Apartamento de 47m² com 02 quartos à venda   Jardim Paulistano,Jardim Paulistano,Zona Leste,2,1,1,47.0,275000.0,5851.06382978723,4354.41245373771,4646.24632076016
82118,Apartamento de 02 quartos com 73m² para locação e venda   Centro,Centro,Centro,2,2,1,73.0,275000.0,3767.12328767123,3969.0889863009,4114.37759196461
242561,Apartamento térreo de 62m² com quintal e 02 quartos sendo 01 suíte à venda   Lagoinha,Parque Industrial Lagoinha,Zona Leste,2,2,2,62.0,280000.0,4516.12903225806,4502.88532269356,4646.24632076016
216779,Apartamento de 107m² com 03 quartos à venda   Centro,Centro,Centro,3,3,1,107.0,285000.0,2663.55140186916,3969.0889863009,4114.37759196461
245345,Apartamento de 49m² com 02 quartos à venda   Mirante Sul,Condominio Mirante Sul,Zona Sul,2,1,1,49.0,290000.0,5918.36734693878,5048.35903353727,7019.92781217448
245330,Apartamento de 48m² com 02 quartos à venda   Vila Virginia,Vila Virginia,Zona Oeste,2,1,1,48.0,290000.0,6041.66666666667,4199.44386633332,4568.83198282477
229445,Apartamento de 45m² com 01 quarto à venda   Nova Aliança,Nova Alianca,Zona Sul,1,1,1,45.0,290000.0,6444.44444444444,7235.27815404702,7019.92781217448
226964,Apartamento de 67m² com 02 quartos à venda   Parque dos Bandeirantes,Parque dos Bandeirantes,Zona Leste,2,2,2,67.0,290000.0,4328.35820895522,4072.45658506483,4646.24632076016
223811,Apartamento de 46m² com 02 quartos à venda   Reserva Flor de Lotus,Recreio das Acacias,Zona Leste,2,1,1,46.0,290000.0,6304.34782608696,5924.20433221203,4646.24632076016
221336,Apartamento de 53m² com 02 quartos sendo 01 suíte à venda   Reserva Sul Condomínio,Reserva Sul Condominio,Zona Sul,2,2,1,53.0,290000.0,5471.69811320755,4662.25639219501,7019.92781217448
220088,Apartamento de 40m² com 02 quartos à venda   Recreio das Acácias,Recreio das Acacias,Zona Leste,2,1,1,40.0,290000.0,7250.0,5924.20433221203,4646.24632076016
217091,Apartamento de 47m² com 02 quartos à venda   Ipiranga,Ipiranga,Zona Oeste,2,1,1,47.0,290000.0,6170.21276595745,4227.19529650629,4568.83198282477
215450,Apartamento de 53m² com 02 quartos para locação   Jardim Zara,Jardim Zara,Zona Leste,2,1,1,53.0,290000.0,5471.69811320755,3994.52759311292,4646.24632076016
208448,Apartamento de 43m² com 02 quartos para locação e venda   Reserva Macaúba,Reserva Macauba,Zona Norte,2,1,1,43.0,290000.0,6744.18604651163,4441.08952445151,4316.94719953754
203696,Apartamento de 74m² com 02 quartos   Residencial Florida,Residencial Florida,Zona Sul,2,2,1,74.0,290000.0,3918.91891891892,4586.9287610429,7019.92781217448
203165,Apartamento de 02 quartos à venda   Sumarezinho,Vila Maria Luiza,Zona Norte,2,1,1,55.0,290000.0,5272.72727272727,4653.00485819842,4316.94719953754
198602,APARTAMENTO NO JARDIM PAULISTA,Jardim Paulista,Zona Leste,2,1,1,74.0,290000.0,3918.91891891892,4839.65243893052,4646.24632076016
195833,Apartamento de 40m² com 02 quartos para locação   Recreio das Acácias,Recreio das Acacias,Zona Leste,2,1,1,40.0,290000.0,7250.0,5924.20433221203,4646.24632076016
195224,BELISSIMO APARTAMENTO NA ZONA SUL,Reserva Sul Condominio,Zona Sul,2,2,1,53.0,290000.0,5471.69811320755,4662.25639219501,7019.92781217448
194993,Apartamento de 66m² com 02 quartos à venda   Residencial e Comercial Palmares,Residencial e Comercial Palmares,Zona Leste,2,2,1,66.0,290000.0,4393.93939393939,3830.73455662616,4646.24632076016
189368,Apartamento duplex de 92m² com 03 quartos   Vila Recreio,Vila Recreio,Zona Norte,3,2,1,92.0,290000.0,3152.17391304348,3984.05797101449,4316.94719953754
182927,Apartamento de 49m² com 02 quartos   Santa Marta,Loteamento Santa Marta,Zona Norte,2,2,1,49.0,290000.0,5918.36734693878,5386.60691471388,4316.94719953754
176690,Apartamento de 66m² com 03 quartos á venda   Jardim Paulista,Jardim Paulista,Zona Leste,3,2,1,66.0,290000.0,4393.93939393939,4839.65243893052,4646.24632076016
174935,Apartamento de 47m² com 02 quartos à venda   Jardim Paulistano,Jardim Paulistano,Zona Leste,2,1,1,47.0,290000.0,6170.21276595745,4354.41245373771,4646.24632076016
174488,APARTAMENTO NO JARDIM PAULISTANO,Jardim Paulistano,Zona Leste,2,2,2,74.0,290000.0,3918.91891891892,4354.41245373771,4646.24632076016
169157,Apartamento de 50m² com 02 quartos à venda   Jardim Anhanguera,Jardim Anhanguera,Zona Leste,2,1,1,50.0,290000.0,5800.0,4372.03682882804,4646.24632076016
168893,APARTAMENTO NOVO NO MONTE ALEGRE,Vila Monte Alegre,Zona Oeste,2,2,1,58.0,290000.0,5000.0,5171.67916226382,4568.83198282477
163541,Apartamento com 75m² com 2 quartos à venda   Centro,Alto da Boa Vista,Zona Sul,2,2,1,75.0,290000.0,3866.66666666667,5935.13838933655,7019.92781217448
163403,Apartamento de 46m² com 02 quartos   Reserva do sul,Reserva Sul Condominio,Zona Sul,2,1,1,46.0,290000.0,6304.34782608696,4662.25639219501,7019.92781217448
162701,Apartamento de 96m² com 03 quartos para venda   Jardim Paulista,Jardim Paulista,Zona Leste,3,2,1,96.0,290000.0,3020.83333333333,4839.65243893052,4646.24632076016
159353,APARTAMENTO PRÓXIMO À AVENIDA INDEPENDÊNCIA,Alto da Boa Vista,Zona Sul,1,2,1,73.0,290000.0,3972.60273972603,5935.13838933655,7019.92781217448
156578,Apartamento   Padrão,Jardim Anhanguera,Zona Leste,2,1,1,52.0,290000.0,5576.92307692308,4372.03682882804,4646.24632076016
156548,Apartamento de 50m² com 01 quarto para venda   Jardim Anhangüera,Jardim Anhanguera,Zona Leste,1,1,1,50.0,290000.0,5800.0,4372.03682882804,4646.24632076016
150851,APARTAMENTO NO CENTRO PRÓXIMO À CATEDRAL,Centro,Centro,2,3,1,99.0,290000.0,2929.29292929293,3969.0889863009,4114.37759196461
147116,Apartamento 76m² com 03 quartos à venda   Presidente Médici,Presidente Medici,Zona Leste,3,1,1,76.0,290000.0,3815.78947368421,4508.64185474962,4646.24632076016
144926,APARTAMENTO LINDO PRÓXIMO À AVENIDA CARAMURU,Residencial Florida,Zona Sul,2,2,1,96.0,290000.0,3020.83333333333,4586.9287610429,7019.92781217448
142154,APARTAMENTO PRÓXIMO À UNIVERSIDADE BARÃO DE MAUÁ,Jardim Paulista,Zona Leste,3,2,1,96.0,290000.0,3020.83333333333,4839.65243893052,4646.24632076016
124469,Apartamento de 66m² com 03 quartos sendo 01 suíte para venda   Parque Industrial Lagoinha,Parque Industrial Lagoinha,Zona Leste,3,2,1,66.0,290000.0,4393.93939393939,4502.88532269356,4646.24632076016
121262,Apartamento de 75m² com 03 quartos para locação   Jardim Zara,Jardim Zara,Zona Leste,3,2,1,75.0,290000.0,3866.66666666667,3994.52759311292,4646.24632076016
117227,Apartamento   Padrão,Condominio Itamaraty,Zona Oeste,3,3,1,100.0,290000.0,2900.0,5336.72097624817,4568.83198282477
115202,Apartamento de 03 quartos para locação   Jd. Castelo Branco,Jardim Castelo Branco,Zona Leste,3,2,1,68.0,290000.0,4264.70588235294,4046.86527169807,4646.24632076016
105092,Apartamento   Padrão,Parque dos Bandeirantes,Zona Leste,3,2,1,98.0,290000.0,2959.18367346939,4072.45658506483,4646.24632076016
104606,Apartamento   Padrão,Jardim Paulista,Zona Leste,2,2,1,80.0,290000.0,3625.0,4839.65243893052,4646.24632076016
101267,APARTAMENTO NO RESIDENCIAL FLÓRIDA,Residencial Florida,Zona Sul,2,2,1,73.0,290000.0,3972.60273972603,4586.9287610429,7019.92781217448
101264,APARTAMENTO PRÓXIMO AO RIBEIRÃO SHOPPING,Residencial Florida,Zona Sul,2,2,1,65.0,290000.0,4461.53846153846,4586.9287610429,7019.92781217448
101132,Apartamento   Padrão,Residencial e Comercial Palmares,Zona Leste,3,2,1,90.0,290000.0,3222.22222222222,3830.73455662616,4646.24632076016
94250,Apartamento de 54m² com 2 quartos   Jardim São Luiz,Jardim Sao Luiz,Zona Sul,2,1,1,54.0,290000.0,5370.37037037037,5775.49648772587,7019.92781217448
85160,"APARTAMENTO 41m², 1 DORMITÓRIO MOBILIADO, NO JARDIM NOVA ALIANÇA",Nova Alianca,Zona Sul,1,1,1,41.0,290000.0,7073.17073170732,7235.27815404702,7019.92781217448
64559,APARTAMENTO NO JARDIM FLORIDA,Residencial Florida,Zona Sul,3,1,1,65.0,290000.0,4461.53846153846,4586.9287610429,7019.92781217448
64493,Apartamento   Padrão,Jardim Paulistano,Zona Leste,3,2,1,96.0,290000.0,3020.83333333333,4354.41245373771,4646.24632076016
18797,Apartamento   Padrão,Vila Virginia,Zona Oeste,3,1,1,116.0,290000.0,2500.0,4199.44386633332,4568.83198282477
104909,Apartamento de 63 m² com 02 quartos   Jardim São José.,Jardim Sao Jose,Zona Norte,2,1,2,63.0,320000.0,5079.36507936508,5893.88238355451,4316.94719953754
205598,Apartamento térreo de 48m² com 02 quartos à venda   Jardim Heitor Rigon,Jardim Heitor Rigon,Zona Norte,2,1,1,48.0,148400.0,3091.66666666667,3530.62855692946,4316.94719953754
205568,Apartamento de 43m² com 02 quartos à venda   Reserva Macaúba,Reserva Macauba,Zona Norte,2,1,1,43.0,202200.0,4702.32558139535,4441.08952445151,4316.94719953754
137237,Apartamento de 43m² com 02 quartos à venda   Vila Guiomar,Vila Guiomar,Zona Norte,2,1,1,43.0,205000.0,4767.44186046512,5616.68624226764,4316.94719953754
156458,Apartamento de 40m² com 01 quarto para locação   Jardim Palma Travassos,Jardim Palma Travassos,Zona Leste,1,1,1,40.0,270000.0,6750.0,4725.02380139251,4646.24632076016
110072,Apartamento de 49m² com 02 quartos à venda   Campos Elíseos,Campos Eliseos,Zona Norte,2,1,1,49.0,280000.0,5714.28571428572,4308.89631323999,4316.94719953754
237884,Apartamento de 01 quarto para locação   Bosque das Juritis,Jardim Botanico,Zona Sul,1,1,1,40.0,285000.0,7125.0,7403.36272123417,7019.92781217448
144713,"Apartamento de 48,73m² com 02 quartos à venda   Jardim Paulista",Jardim Paulista,Zona Leste,2,1,1,73.0,285000.0,3904.1095890411,4839.65243893052,4646.24632076016
242936,Apartamento de 58m² com 02 quartos à venda   Residencial Parque dos Servidores,Residencial Parque dos Servidores,Zona Leste,2,2,1,58.0,295000.0,5086.20689655172,4474.21131539829,4646.24632076016
236462,Apartamento mobiliado de 62m² com 02 quartos à venda   Vila Maria Luiza,Vila Maria Luiza,Zona Norte,2,2,1,62.0,295000.0,4758.06451612903,4653.00485819842,4316.94719953754
212390,Apartamento de 44m² com 01 quarto à venda   Nova Ribeirânia,Nova Ribeirania,Zona Leste,1,1,1,44.0,295000.0,6704.54545454546,6636.64015183677,4646.24632076016
177791,Apartamento de 48m² com 02 quartos à venda   Vila Maria Luiza,Vila Maria Luiza,Zona Norte,2,1,1,48.0,295000.0,6145.83333333333,4653.00485819842,4316.94719953754
166385,APARTAMENTO NO PARQUE DOS LAGOS,Parque dos Lagos,Zona Leste,2,2,2,53.0,295000.0,5566.03773584906,4175.19186695209,4646.24632076016
106370,Apartamento duplex de 60m² com 01 quarto   Jardim Palma Travassos,Jardim Palma Travassos,Zona Leste,1,2,1,60.0,295000.0,4916.66666666667,4725.02380139251,4646.24632076016
193250,Apartamento de 48m² com 02 quartos à venda   Quintas de São José,Quintas de Sao Jose,Zona Norte,2,1,1,48.0,296000.0,6166.66666666667,6785.09085009028,4316.94719953754
157514,Apartamento de 63m² com 02 quartos à venda   Ipiranga,Ipiranga,Zona Oeste,2,2,1,63.0,296000.0,4698.4126984127,4227.19529650629,4568.83198282477
118016,Apartamento   Padrão,Residencial e Comercial Palmares,Zona Leste,2,2,1,66.0,296000.0,4484.84848484849,3830.73455662616,4646.24632076016
235991,Apartamento de 47m² com 02 quartos à venda   Quinta da Primavera,Quinta da Primavera,Zona Sul,2,1,1,47.0,286000.0,6085.10638297872,8334.13944069942,7019.92781217448
89549,Apartamento de 77m² com 02 quartos à venda   Jardim Antártica,Jardim Antartica,Zona Oeste,2,2,1,77.0,296800.0,3854.54545454546,4464.91601599781,4568.83198282477
165665,Apartamento de 61m² com 02 quartos sendo 01 suite à venda   Residencial e Comercial Palmares,Residencial e Comercial Palmares,Zona Leste,2,2,1,61.0,275000.0,4508.19672131148,3830.73455662616,4646.24632076016
157610,APARTAMENTO PRÓXIMO À AVENIDA DOUTOR FRANCISCO JUNQUEIRA,Centro,Centro,3,3,1,111.0,286000.0,2576.57657657658,3969.0889863009,4114.37759196461
239579,Apartamento térreo com quintal de 48m² com 02 quartos à venda   Bonfim Paulista,Bonfim Paulista,Zona Sul,2,1,1,48.0,297000.0,6187.5,8197.59279884853,7019.92781217448
218723,Apartamento mobiliado de 44m² com 01 quarto à venda   Nova Aliança,Nova Alianca,Zona Sul,1,1,1,44.0,297000.0,6750.0,7235.27815404702,7019.92781217448
203393,APARTAMENTO NO BAIRRO JARDIM ANHANGUERA,Jardim Novo Mundo,Zona Leste,2,1,1,50.0,297000.0,5940.0,5425.53576663943,4646.24632076016
163334,APARTAMENTO PRÓXIMO À RODOVIA ANTÔNIO MACHADO SANTANNA,Reserva Sul Condominio,Zona Sul,2,1,1,46.0,297000.0,6456.52173913044,4662.25639219501,7019.92781217448
162845,APARTAMENTO PRÓXIMO À AVENIDA TREZE DE MAIO,Jardim Paulistano,Zona Leste,3,2,1,87.0,297000.0,3413.79310344828,4354.41245373771,4646.24632076016
162338,Apartamento de 126m² com 03 quartos para locação e venda   Residencial e Comercial Palmares,Residencial e Comercial Palmares,Zona Leste,3,2,1,126.0,297000.0,2357.14285714286,3830.73455662616,4646.24632076016
148415,Apartamento de 89m² com 03 quartos à venda   Centro,Centro,Centro,3,2,1,89.0,297000.0,3337.07865168539,3969.0889863009,4114.37759196461
146186,APARTAMENTO PRÓXIMO À AVENIDA LUÍS GALVÃO CÉSAR,Planalto Verde,Zona Oeste,2,1,1,56.0,297000.0,5303.57142857143,4021.97926976394,4568.83198282477
91307,APARTAMENTO PRÓXIMO À AVENIDA BRAZ OLAIA ACOSTA,Nova Alianca,Zona Sul,1,2,1,41.0,297000.0,7243.90243902439,7235.27815404702,7019.92781217448
195551,APARTAMENTO COM VARANDA GOURMET NA ZONA SUL,Real Sul,Zona Sul,2,1,1,47.0,297890.0,6338.08510638298,5616.30356336225,7019.92781217448
140588,Apartamento de 37m² com 01 quarto à venda   Nova Aliança,Nova Alianca,Zona Sul,1,1,1,37.0,253000.0,6837.83783783784,7235.27815404702,7019.92781217448
201695,Apartamento de 92m² com 3 quartos à venda   Vila Seixas,Vila Seixas,Centro,3,2,1,92.0,280000.0,3043.47826086957,4862.36131633665,4114.37759196461
220292,Apartamento de 95m² com 02 quartos à venda   Vila Seixas,Vila Seixas,Centro,2,2,1,95.0,298000.0,3136.84210526316,4862.36131633665,4114.37759196461
214409,Apartamento de 84m² com 03 quartos para locação e venda   Residencial Greenville,Residencial Greenville,Zona Norte,3,2,1,84.0,298000.0,3547.61904761905,4670.88804474239,4316.94719953754
135734,Apartamento de 60m² com 02 quartos para venda   Jardim Botânico,Jardim Botanico,Zona Sul,2,2,1,60.0,298000.0,4966.66666666667,7403.36272123417,7019.92781217448
100496,APARTAMENTO PRÓXIIMO À UNIP,Nova Alianca,Zona Sul,1,1,1,46.0,298000.0,6478.26086956522,7235.27815404702,7019.92781217448
142340,Apartamento de 56m² com 02 quartos à venda   Alto do Ipiranga,Alto do Ipiranga,Zona Oeste,2,1,1,56.0,270000.0,4821.42857142857,4537.91893063963,4568.83198282477
159737,Apartamento de 81m² com 02 quarto à venda   Sumarezinho,Ipiranga,Zona Oeste,2,1,1,81.0,285000.0,3518.51851851852,4227.19529650629,4568.83198282477
231794,Apartamento de 52m² com 02 quartos para locação venda   Loteamento Santa Marta,Bonfim Paulista,Zona Sul,2,2,1,52.0,289900.0,5575.0,8197.59279884853,7019.92781217448
239339,Apartamento de 76m² com 02 quartos à venda   Residencial Flórida,Residencial Florida,Zona Sul,2,2,1,76.0,299000.0,3934.21052631579,4586.9287610429,7019.92781217448
235916,Apartamento 56m² com 03 quartos á venda   Planalto Verde,Planalto Verde,Zona Oeste,3,1,1,56.0,299000.0,5339.28571428572,4021.97926976394,4568.83198282477
178787,Lançamento em Bonfim Paulista! Montverde Residencial,Bonfim Paulista,Zona Sul,2,1,1,55.0,299000.0,5436.36363636364,8197.59279884853,7019.92781217448
178781,Lançamento em Bonfim Paulista! Montverde Residencial,Bonfim Paulista,Zona Sul,2,1,1,55.0,299000.0,5436.36363636364,8197.59279884853,7019.92781217448
134831,Apartamento de 72m² com 03 quartos para venda e locação   Presidente Médici,Presidente Medici,Zona Leste,3,2,1,72.0,299000.0,4152.77777777778,4508.64185474962,4646.24632076016
195545,APARTAMENTO COM VARANDA GOURMET NA ZONA SUL,Real Sul,Zona Sul,2,1,1,47.0,299657.0,6375.68085106383,5616.30356336225,7019.92781217448
191030,Apartamento de 86m² com 2 quartos   Nova Ribeirânia,Nova Ribeirania,Zona Leste,2,2,1,86.0,290000.0,3372.09302325581,6636.64015183677,4646.24632076016
170486,Apartamento mobiliado de 39m² com 01 quarto para locação e venda   Jardim Sumaré,Jardim Sumare,Zona Sul,1,1,1,39.0,500000.0,12820.5128205128,6366.17718327786,7019.92781217448
207287,Apartamento de 54m² com 02 quartos para locação e venda   Campos Elíseos,Ipiranga,Zona Oeste,2,1,1,54.0,360000.0,6666.66666666667,4227.19529650629,4568.83198282477
231983,Apartamento de 71m² com 02 quartos para locação e venda   Bosque das Juritis,Bosque das Juritis,Zona Sul,2,2,2,71.0,520000.0,7323.94366197183,8028.33244392152,7019.92781217448
231986,Apartamento de 71m² com 02 quartos à venda   Bosque das Juritis,Bosque das Juritis,Zona Sul,2,2,2,71.0,530000.0,7464.78873239437,8028.33244392152,7019.92781217448
187451,Apartamento de 59m² com 02 quartos para locação e venda   Ribeirânia,Ribeirania,Zona Leste,2,2,1,59.0,450000.0,7627.1186440678,6622.45012983218,4646.24632076016
239279,Apartamento de 59m² com 02 quartos para locação e venda   Residencial Taiwan,Residencial Taiwan,Zona Sul,2,1,1,59.0,480000.0,8135.59322033898,8758.91786179922,7019.92781217448
39398,Apartamento 146m² com 03 quartos para locação e venda   Jardim Macedo,Jardim Macedo,Zona Leste,3,2,1,146.0,499000.0,3417.80821917808,4049.64935899923,4646.24632076016
238337,Apartamento de 75m² com 03 quartos para locação e venda   Presidente Médici,Presidente Medici,Zona Leste,3,2,1,75.0,520000.0,6933.33333333333,4508.64185474962,4646.24632076016
62978,Apartamento de 156m² com 04 quartos para venda e locação  Centro,Centro,Centro,4,4,2,156.0,750000.0,4807.69230769231,3969.0889863009,4114.37759196461
245165,Apartamento de 367m² com 04 suítes à venda   Jardim Ilhas do Sul,Jardim Ilhas do Sul,Zona Sul,4,5,2,367.0,3000000.0,8174.38692098093,8797.52735990227,7019.92781217448
245162,Apartamento de 367m² com 04 suítes à venda   Jardim Ilhas do Sul,Jardim Ilhas do Sul,Zona Sul,4,5,2,367.0,3000000.0,8174.38692098093,8797.52735990227,7019.92781217448
228680,Apartamento de 367m² com 04 suítes à venda   Jardim Ilhas do Sul,Jardim Ilhas do Sul,Zona Sul,4,7,4,367.0,3000000.0,8174.38692098093,8797.52735990227,7019.92781217448
228677,Apartamento de 367m² com 04 suítes à venda   Jardim Ilhas do Sul,Jardim Ilhas do Sul,Zona Sul,4,7,4,367.0,3000000.0,8174.38692098093,8797.52735990227,7019.92781217448
228674,Apartamento de 367m² com 04 suítes à venda   Jardim Ilhas do Sul,Jardim Ilhas do Sul,Zona Sul,4,7,4,367.0,3000000.0,8174.38692098093,8797.52735990227,7019.92781217448
228668,Apartamento de 367m² com 04 suítes à venda   Jardim Ilhas do Sul,Jardim Ilhas do Sul,Zona Sul,4,7,4,367.0,3000000.0,8174.38692098093,8797.52735990227,7019.92781217448
168869,Apartamento de 367m² com 04 suítes à venda   Jardim Ilhas do Sul,Jardim Ilhas do Sul,Zona Sul,4,7,4,367.0,3000000.0,8174.38692098093,8797.52735990227,7019.92781217448
128372,Apartamento de 310m² com 04 quartos à venda   Jardim Botânico,Jardim Botanico,Zona Sul,4,7,2,310.0,3040000.0,9806.45161290323,7403.36272123417,7019.92781217448
224069,Apartamento de 461m² com 04 suítes à venda   Ilhas do Sul,Jardim Ilhas do Sul,Zona Sul,4,7,5,461.0,3090000.0,6702.81995661605,8797.52735990227,7019.92781217448
168629,Apartamento de 107m² com 02 quartos para locação e venda   Centro,Centro,Centro,2,2,1,107.0,380000.0,3551.40186915888,3969.0889863009,4114.37759196461
231116,Apartamento de 173m² com 04 quartos para venda e locação   Centro,Centro,Centro,4,5,2,173.0,850000.0,4913.29479768786,3969.0889863009,4114.37759196461
229205,Apartamento de 39m² com 01 quarto para locação e venda   Jardim Sumaré,Jardim Sumare,Zona Sul,1,1,1,39.0,455000.0,11666.6666666667,6366.17718327786,7019.92781217448
101651,Apartamento de 146m² com 03 suítes para locação e venda   Jardim São Luiz,Jardim Sao Luiz,Zona Sul,4,5,2,146.0,850000.0,5821.91780821918,5775.49648772587,7019.92781217448
231989,Apartamento de 71m² com 02 quartos à venda   Bosque das Juritis,Bosque das Juritis,Zona Sul,2,2,2,71.0,620000.0,8732.39436619718,8028.33244392152,7019.92781217448
52829,Apartamento de 156m² com 03 quartos para locação e venda   Centro,Centro,Centro,3,5,2,156.0,1038000.0,6653.84615384615,3969.0889863009,4114.37759196461
108599,Apartamento de 76m² com 02 suítes para locação e venda   Jardim Botânico,Jardim Botanico,Zona Sul,2,3,2,76.0,520000.0,6842.1052631579,7403.36272123417,7019.92781217448
239450,Apartamento de 92m² com 02 quartos para venda e locação   Jardim Botânico,Jardim Botanico,Zona Sul,2,2,1,92.0,459000.0,4989.13043478261,7403.36272123417,7019.92781217448
231425,Apartamento de 71m² com 03 quartos para venda e locação   Ribeirânia,Ribeirania,Zona Leste,2,2,2,71.0,600000.0,8450.70422535211,6622.45012983218,4646.24632076016
201467,Apartamento de 62m² com 02 quartos sendo 01 suíte para locação e venda   Jardim Botânico,Alamedas do Botanico,Zona Sul,2,2,1,62.0,660000.0,10645.1612903226,10304.3391731634,7019.92781217448
234083,Apartamento de 57m² com 02 quartos para locação e venda   Jardim Califórnia,Jardim California,Zona Sul,2,1,2,57.0,689000.0,12087.7192982456,7048.58207831218,7019.92781217448
197975,Apartamento de 209m² com 04 suítes à venda   Centro,Centro,Centro,4,5,2,209.0,850000.0,4066.98564593301,3969.0889863009,4114.37759196461
230885,"Apartamento de 367m² com 04 suítes à venda   Ilhas do Sul Localizado próximo à Av. Dep. Sérgio Cardoso de Almeida, Kauai Sports Restaurante, Colégio Pequeno Príncipe e diversos comércios.",Jardim Ilhas do Sul,Zona Sul,4,6,4,367.0,3100000.0,8446.86648501363,8797.52735990227,7019.92781217448
217784,Apartamento de 102m² com 03 quartos para locação   Parque Bandeirantes,Parque dos Bandeirantes,Zona Leste,3,2,2,102.0,350000.0,3431.37254901961,4072.45658506483,4646.24632076016
143582,Apartamento de 348m² com 04 suítes para venda e locação   Morro do Ipê,Residencial Morro do Ipe,Zona Sul,4,6,4,348.0,3360000.0,9655.1724137931,10501.5511367323,7019.92781217448
233405,Apartamento de 111m² com 03 quartos sendo 01 suíte para locação   Nova Aliança,Nova Alianca,Zona Sul,3,4,2,111.0,795000.0,7162.16216216216,7235.27815404702,7019.92781217448
224516,Apartamento de 367m² com 04 suítes à venda   Jardim Ilhas do Sul,Jardim Ilhas do Sul,Zona Sul,4,7,4,367.0,3000000.0,8174.38692098093,8797.52735990227,7019.92781217448
233339,Apartamento de 132m² com 03 quartos para venda e locação   Jardim Botânico,Jardim Botanico,Zona Sul,3,4,2,132.0,680000.0,5151.51515151515,7403.36272123417,7019.92781217448
203759,Apartamento de 314m² com 04 quartos para locação e venda   Centro,Centro,Centro,4,4,4,314.0,1060000.0,3375.79617834395,3969.0889863009,4114.37759196461
87545,Apartamento de83m² com 02 quartos  Vila Tibério,Vila Tiberio,Zona Oeste,2,1,1,83.0,360000.0,4337.34939759036,5772.27801236641,4568.83198282477
197567,Apartamento de 03 quartos para locação e venda   Centro,Centro,Centro,3,1,1,113.0,450000.0,3982.30088495575,3969.0889863009,4114.37759196461
181547,Apartamento de 133m² com 03 quartos para locação e venda   Centro,Centro,Centro,3,4,2,133.0,480000.0,3609.02255639098,3969.0889863009,4114.37759196461
231908,Apartamento de 55m² com 02 quartos para venda e locação   City Ribeirão,Santa Cruz do Jose Jacques,Zona Sul,2,1,2,55.0,530000.0,9636.36363636364,6190.18466407645,7019.92781217448
55031,"Apartamento de 107m² com 03 quartos, sendo 01 suíte para venda e locação   Jardim Paulista",Jardim Paulista,Zona Leste,3,3,2,107.0,530000.0,4953.27102803738,4839.65243893052,4646.24632076016
242465,Apartamento de 60m² com 02 quartos para venda e locação   Residencial Taiwan,Residencial Taiwan,Zona Sul,2,2,1,60.0,580000.0,9666.66666666667,8758.91786179922,7019.92781217448
141215,Apartamento de 85m² com 03 quartos sendo 01 suíte para locação   Bonfim Paulista,Bonfim Paulista,Zona Sul,3,2,2,85.0,650000.0,7647.05882352941,8197.59279884853,7019.92781217448
225698,Apartamento de 95m² com 03 quartos para venda e locação   Jardim Canadá,Jardim Canada,Zona Sul,3,3,2,95.0,640000.0,6736.84210526316,7006.02337064892,7019.92781217448
94349,Apartamento de 90m² com 03 quartos para locação e venda   Nova Aliança,Nova Alianca,Zona Sul,3,2,2,90.0,720000.0,8000.0,7235.27815404702,7019.92781217448
239642,Apartamento de 51m² com 01 quarto para venda e locação   Jardim Irajá,Jardim Iraja,Zona Sul,1,1,1,51.0,750000.0,14705.8823529412,5843.60369977321,7019.92781217448
239639,Apartamento de 51m² com 01 quarto para venda e locação   Jardim Irajá,Alto da Boa Vista,Zona Sul,1,1,1,51.0,750000.0,14705.8823529412,5935.13838933655,7019.92781217448
95819,Apartamento de 107m² com 03 quartos para locação e venda   Jardim paulista,Jardim Paulista,Zona Leste,3,4,2,107.0,750000.0,7009.34579439252,4839.65243893052,4646.24632076016
205520,Apartamento de 62m² com 02 quartos para locação e venda   Jardim Botânico,Alamedas do Botanico,Zona Sul,2,2,2,62.0,780000.0,12580.6451612903,10304.3391731634,7019.92781217448
240629,Apartamento de 158m² com 03 quartos para locação e venda   Centro,Centro,Centro,3,4,2,158.0,800000.0,5063.29113924051,3969.0889863009,4114.37759196461
83384,Apartamento de 95m² com 03 quartos para locação e venda   Jardim Botânico,Jardim Botanico,Zona Sul,3,2,2,95.0,800000.0,8421.05263157895,7403.36272123417,7019.92781217448
44321,Apartamento 148m² com 04 quartos para locação e venda   Santa Cruz do José Jacques,Santa Cruz do Jose Jacques,Zona Sul,4,5,3,148.0,774000.0,5229.72972972973,6190.18466407645,7019.92781217448
207344,Apartamento de 196m² com 03 quartos   Santa Cruz José Jacques,City Ribeirao,Zona Sul,3,5,3,196.0,850000.0,4336.73469387755,5481.73996829135,7019.92781217448
169259,Apartamento de 376m² com 04 suítes à venda   Jardim Ilhas do Sul,Jardim Ilhas do Sul,Zona Sul,4,7,5,376.0,3500000.0,9308.51063829787,8797.52735990227,7019.92781217448
225473,Apartamento de 45m² com 01 quarto para locação e venda   Vila do Golfe,Vila do Golf,Zona Sul,1,1,1,45.0,425000.0,9444.44444444445,9872.36315439169,7019.92781217448
108071,Apartamento de 132m² com 03 quartos para locação e venda   Jardim Botânico,Jardim Botanico,Zona Sul,3,4,2,132.0,700000.0,5303.0303030303,7403.36272123417,7019.92781217448
230417,Apartamento com 140m² com 03 quartos à venda   Nova Aliança,Nova Alianca,Zona Sul,3,3,2,140.0,600000.0,4285.71428571429,7235.27815404702,7019.92781217448
61076,Apartamento de 78m² 03 quartos para locação e venda   Nova Aliança,Nova Alianca,Zona Sul,3,3,2,78.0,600000.0,7692.30769230769,7235.27815404702,7019.92781217448
236228,Apartamento de 64m² com 02 quartos sendo 01 suíte para locação e venda   Quinta da Primavera,Quinta da Primavera,Zona Sul,2,2,1,64.0,690000.0,10781.25,8334.13944069942,7019.92781217448
201761,Apartamento de m² com 02 quartos sendo 01 suíte para locação e venda   Ribeirânia,Ribeirania,Zona Leste,2,2,1,70.0,640000.0,9142.85714285714,6622.45012983218,4646.24632076016
236267,Apartamento de 82m² com 02 quartos para locação   Alamedas do Botânico,Alamedas do Botanico,Zona Sul,3,2,1,82.0,750000.0,9146.34146341463,10304.3391731634,7019.92781217448
119750,Apartamento de 131m² com 04 quartos para locação e venda   Jardim Irajá,Jardim Iraja,Zona Sul,4,4,2,131.0,900000.0,6870.22900763359,5843.60369977321,7019.92781217448
216473,Apartamento de 381m² com 05 quartos sendo 04 suítes à venda   Vila do Golf,Vila do Golf,Zona Sul,5,6,5,381.0,3700000.0,9711.28608923885,9872.36315439169,7019.92781217448
206243,Apartamento de 376m² com 04 suítes à venda   Jardim Olhos Dágua,Jardim Ilhas do Sul,Zona Sul,4,6,5,376.0,3750000.0,9973.40425531915,8797.52735990227,7019.92781217448
231716,Apartamento de 173m² com 03 quartos para venda   Centro,Centro,Centro,3,4,1,173.0,848000.0,4901.73410404624,3969.0889863009,4114.37759196461
48791,Apartamento de 114m² com 03 quartos sendo 01 suíte para locação e venda   Jardim Irajá,Jardim Iraja,Zona Sul,3,3,2,114.0,800000.0,7017.54385964912,5843.60369977321,7019.92781217448
213824,Apartamento de 69m² com 01 suíte para locação e venda   Jardim Olhos D`Água,Jardim Olhos DAgua,Zona Sul,1,2,1,69.0,792000.0,11478.2608695652,9706.16858313729,7019.92781217448
232148,Apartamento de 63m² com 01 suíte para venda e locação   Nova Aliança,Nova Alianca,Zona Sul,1,2,1,63.0,800000.0,12698.4126984127,7235.27815404702,7019.92781217448
122342,Apartamento de 106 m² com 03 quartos   locação e venda   Santa Cruz do José Jacques,Santa Cruz do Jose Jacques,Zona Sul,3,2,2,106.0,575000.0,5424.52830188679,6190.18466407645,7019.92781217448
61085,KITNET NO CENTRO,Centro,Centro,1,1,1,34.0,140000.0,4117.64705882353,3969.0889863009,4114.37759196461
209303,Apartamento de 42m² com 02 quartos para venda   Jardim Itaú,Jardim Itau,Zona Norte,2,1,1,42.0,160000.0,3809.52380952381,4105.97173905832,4316.94719953754
133568,APARTAMENTO NO BAIRRO JARDIM INDEPENDÊNCIA,Independencia,Zona Norte,2,1,1,59.0,160000.0,2711.86440677966,3844.6605743041,4316.94719953754
242777,Apartamento de 40m² com 02 quartos à venda   Jardim Itaú,Jardim Itau,Zona Norte,2,1,1,40.0,240000.0,6000.0,4105.97173905832,4316.94719953754
221366,Apartamento de 47m² com 02 quartos para locação   City Ribeirão,City Ribeirao,Zona Sul,2,1,1,47.0,240000.0,5106.3829787234,5481.73996829135,7019.92781217448
156839,Apartamento de 44m² com 02 quartos para locação   Quintas de São José,Quintas de Sao Jose,Zona Norte,2,1,1,44.0,240000.0,5454.54545454546,6785.09085009028,4316.94719953754
137810,Apartamento de 46m² com 02 quartos para venda e locação   Condomínio Mirante Sul,Condominio Mirante Sul,Zona Sul,2,1,1,46.0,244000.0,5304.34782608696,5048.35903353727,7019.92781217448
151535,Apartamento de 60m² com 02 quartos à venda   Vila Tamandaré,Vila Tamandare,Zona Norte,2,2,1,60.0,250000.0,4166.66666666667,3367.29624340591,4316.94719953754
232412,Apartamento 49m² com 02 quartos à venda   Parque Industrial Lagoinha,Parque Industrial Lagoinha,Zona Leste,2,2,1,49.0,255000.0,5204.08163265306,4502.88532269356,4646.24632076016
224735,Apartamento de 58m² com 03 quartos sendo 01 suíte à venda   Alto da Boa Vista,Alto da Boa Vista,Zona Sul,3,2,1,58.0,260000.0,4482.75862068966,5935.13838933655,7019.92781217448
141287,Apartamento de 48m² com 02 quartos à venda   Condomínio Mirante Sul,Condominio Mirante Sul,Zona Sul,2,1,1,48.0,260000.0,5416.66666666667,5048.35903353727,7019.92781217448
237290,Apartamento de 82m² com 03 quartos para e venda   Nova Ribeirânia,Nova Ribeirania,Zona Leste,3,2,1,82.0,265000.0,3231.70731707317,6636.64015183677,4646.24632076016
203570,APARTAMENTO NO BAIRRO JARDIM ANHANGUERA,Jardim Anhanguera,Zona Leste,3,2,1,100.0,270000.0,2700.0,4372.03682882804,4646.24632076016
203567,APARTAMENTO NO BAIRRO JARDIM ANHANGUERA,Jardim Anhanguera,Zona Leste,3,2,1,90.0,270000.0,3000.0,4372.03682882804,4646.24632076016
154520,Apartamento térreo de 69m² com 2 quartos à venda no Residencial Palmares,Residencial e Comercial Palmares,Zona Leste,2,2,1,69.0,270000.0,3913.04347826087,3830.73455662616,4646.24632076016
64490,Apartamento de 72m² com 03 quartos à venda   Presidente Médici,Presidente Medici,Zona Leste,3,1,1,72.0,270000.0,3750.0,4508.64185474962,4646.24632076016
214496,Apartamento de 50m² com 01 suíte à venda   Jardim Nova Aliança,Nova Alianca,Zona Sul,1,1,1,50.0,276000.0,5520.0,7235.27815404702,7019.92781217448
239630,Apartamento mobiliado com 51m² com 02 quartos à venda   Jardim Anhanguera,Jardim Novo Mundo,Zona Leste,2,1,1,51.0,280000.0,5490.19607843137,5425.53576663943,4646.24632076016
197945,APARTAMENTO NO IPIRANGA,Alto do Ipiranga,Zona Oeste,2,1,1,47.0,280000.0,5957.44680851064,4537.91893063963,4568.83198282477
190085,Apartamento térreo com 72m² com 3 quartos à venda   Jardim Palmares,Conjunto Habitacional Jardim das Palmeiras,Zona Norte,3,2,2,72.0,280000.0,3888.88888888889,3512.02019163783,4316.94719953754
180770,APARTAMENTO NO JARDIM ZARA,Jardim Zara,Zona Leste,3,2,1,73.0,285000.0,3904.1095890411,3994.52759311292,4646.24632076016
161789,Apartamento de 72m² com 02 quartos à venda   Centro,Centro,Centro,2,1,1,72.0,285000.0,3958.33333333333,3969.0889863009,4114.37759196461
147446,Apartamento térreo de 63m² com 02 quartos à venda   Parque dos Bandeirantes,Parque dos Bandeirantes,Zona Leste,2,2,2,63.0,285000.0,4523.80952380952,4072.45658506483,4646.24632076016
244256,Apartamento de 40m² com 02 quartos para locação e venda   Reserva São José,Reserva Sao Jose,Zona Norte,2,1,1,40.0,290000.0,7250.0,6267.81462822185,4316.94719953754
217985,Apartamento térreo de 104m² com 03 quartos à venda   Campos Elíseos,Campos Eliseos,Zona Norte,3,2,1,104.0,290000.0,2788.46153846154,4308.89631323999,4316.94719953754
152834,"APARTAMENTO EXCELENTE NO CENTRO, 2 DORMITÓRIOS, SENDO 1 SUÍTE, VARANDA E VAGA, EM ÓTIMO CONDOMÍNIO, COM LAZER E SEGURANÇA 24 HORAS",Centro,Centro,2,2,1,99.0,290000.0,2929.29292929293,3969.0889863009,4114.37759196461
144452,Apartamento de 95m² com 03 Quartos   Centro,Centro,Centro,3,2,1,95.0,290000.0,3052.63157894737,3969.0889863009,4114.37759196461
124217,Apartamento de 60m² com 02 quartos   Jardim Paulista,Jardim Paulista,Zona Leste,2,1,1,60.0,290000.0,4833.33333333333,4839.65243893052,4646.24632076016
83609,Apartamento de 96m² com 3 quartos à venda   Jardim Paulistano,Jardim Paulistano,Zona Leste,3,2,2,96.0,290000.0,3020.83333333333,4354.41245373771,4646.24632076016
25841,Apartamento de 82m² com 03 quartos   Jardim Palma Travassos,Jardim Castelo Branco,Zona Leste,3,2,2,82.0,290000.0,3536.58536585366,4046.86527169807,4646.24632076016
214622,Apartamento de 83m² com 02 quartos à venda   Jardim Irajá,Jardim Iraja,Zona Sul,2,1,1,83.0,295000.0,3554.21686746988,5843.60369977321,7019.92781217448
24359,Apartamento de 122m² com 03 quartos á venda   Campos Elíseos,Campos Eliseos,Zona Norte,3,2,1,122.0,295000.0,2418.03278688525,4308.89631323999,4316.94719953754
132023,Apartamento de 60m² com 03 quartos à venda no Jardim Palma Travassos,Jardim Palma Travassos,Zona Leste,3,2,2,60.0,299000.0,4983.33333333333,4725.02380139251,4646.24632076016
244790,Apartamento de 92m² com 03 quartos à venda   Centro,Centro,Centro,3,3,1,92.0,300000.0,3260.86956521739,3969.0889863009,4114.37759196461
244343,Apartamento de 47m² com 02 quartos à venda   Reserva São José,Reserva Sao Jose,Zona Norte,2,1,1,47.0,300000.0,6382.97872340426,6267.81462822185,4316.94719953754
242618,Apartamento Térreo de 101m² com 03 quartos para venda   Jardim Irajá,Jardim Iraja,Zona Sul,3,2,1,101.0,300000.0,2970.29702970297,5843.60369977321,7019.92781217448
241715,Apartamento 40m² com 02 quartos á venda   Planalto Verde,Planalto Verde,Zona Oeste,2,1,1,40.0,300000.0,7500.0,4021.97926976394,4568.83198282477
241499,Apartamento de 105m² com 03 quartos sendo 01 suíte à venda   Ipiranga,Ipiranga,Zona Oeste,3,2,1,105.0,300000.0,2857.14285714286,4227.19529650629,4568.83198282477
238484,Apartamento de 85m² com 02 quartos à venda   Centro,Centro,Centro,2,3,1,85.0,300000.0,3529.41176470588,3969.0889863009,4114.37759196461
237185,Apartamento de 60m² com 02 quartos à venda   Jardim Mosteiro,Jardim Mosteiro,Centro,2,1,1,60.0,300000.0,5000.0,3999.29676511955,4114.37759196461
235067,Apartamento de 76 m² com 03 quartos   Presidente Médici,Jardim Palma Travassos,Zona Leste,3,1,1,76.0,300000.0,3947.36842105263,4725.02380139251,4646.24632076016
234776,Apartamento de 47m² com 02 quaros para locação   Reserva São José,Reserva Sao Jose,Zona Norte,2,1,1,47.0,300000.0,6382.97872340426,6267.81462822185,4316.94719953754
233939,Apartamento de 57m² com 02 quartos á venda   Residencial e Comercial Palmares,Residencial e Comercial Palmares,Zona Leste,2,2,1,57.0,300000.0,5263.15789473684,3830.73455662616,4646.24632076016
232097,"Apartamento de 96m², semi mobiliado, com 3 quartos sendo 01 suíte   Jardim Paulistano",Jardim Paulistano,Zona Leste,3,2,2,96.0,300000.0,3125.0,4354.41245373771,4646.24632076016
230993,Apartamento de 62m² com 03 quartos à venda no Jardim Palma Travassos,Jardim Palma Travassos,Zona Leste,3,2,1,62.0,300000.0,4838.70967741936,4725.02380139251,4646.24632076016
227960,Apartamento térreo de 58m² com 02 quartos à venda   Parque dos Lagos,Parque dos Lagos,Zona Leste,2,2,1,58.0,300000.0,5172.41379310345,4175.19186695209,4646.24632076016
226856,Apartamento de 47m² com 02 quartos à venda   Jardim Paulistano,Jardim Paulistano,Zona Leste,2,1,1,47.0,300000.0,6382.97872340426,4354.41245373771,4646.24632076016
222944,Apartamento de 58m² com 02 quartos para locação e venda   Parque dos Lagos,Residencial Parque dos Servidores,Zona Leste,2,2,1,58.0,300000.0,5172.41379310345,4474.21131539829,4646.24632076016
221321,Apartamento de 51m² com 02 quartos à venda   Jardim Manoel Penna,Jardim Manoel Penna,Zona Leste,2,1,1,51.0,300000.0,5882.35294117647,4812.40737129408,4646.24632076016
220079,Apartamento de 99m² com 03 quartos à venda   Jardim Paulista,Jardim Paulista,Zona Leste,3,2,2,99.0,300000.0,3030.30303030303,4839.65243893052,4646.24632076016
219224,Apartamento de 52m² com 02 quartos à venda   Jardim Anhanguera,Jardim Anhanguera,Zona Leste,2,1,1,52.0,300000.0,5769.23076923077,4372.03682882804,4646.24632076016
218612,Apartamento de 57m² com 02 quartos para locação   Ipiranga,Ipiranga,Zona Oeste,2,1,1,57.0,300000.0,5263.15789473684,4227.19529650629,4568.83198282477
214895,Apartamento de 48m² com 02 quartos à venda   Vila Maria Luiza,Vila Maria Luiza,Zona Norte,2,1,2,48.0,300000.0,6250.0,4653.00485819842,4316.94719953754
214427,Apartamento de 58m² com 02 quartos à venda   Loteamento Santa Marta,Loteamento Santa Marta,Zona Norte,2,2,1,58.0,300000.0,5172.41379310345,5386.60691471388,4316.94719953754
210707,Apartamento de 39m² com 01 quarto para locação e venda   Nova Aliança,Nova Alianca,Zona Sul,1,1,1,39.0,300000.0,7692.30769230769,7235.27815404702,7019.92781217448
210428,Apartamento de 47m² com 01 quarto à venda   Vila Seixas,Centro,Centro,1,1,1,47.0,300000.0,6382.97872340426,3969.0889863009,4114.37759196461
207914,Apartamento de 82m² com 03 quartos   Jardim Palma Travassos,Jardim Castelo Branco,Zona Leste,3,2,1,82.0,300000.0,3658.53658536585,4046.86527169807,4646.24632076016
206240,Apartamento duplex de 78m² com 01 suíte à venda   Jardim São Luiz,Jardim Sao Luiz,Zona Sul,1,2,1,78.0,300000.0,3846.15384615385,5775.49648772587,7019.92781217448
205493,Apartamento de 74m² com 03 quartos à venda   Residencial e Comercial Palmares,Residencial e Comercial Palmares,Zona Leste,3,2,1,74.0,300000.0,4054.05405405405,3830.73455662616,4646.24632076016
205355,Apartamento de 47m² com 02 quartos à venda   Chácaras Pedro Corrêa de Carvalho,Chacaras Pedro Correa de Carvalho,Zona Norte,2,1,1,47.0,300000.0,6382.97872340426,4124.52491399826,4316.94719953754
202610,Apartamento de 78m² com 03 quartos à venda   Jardim Zara,Jardim Zara,Zona Leste,3,2,1,78.0,300000.0,3846.15384615385,3994.52759311292,4646.24632076016
201389,Apartamento de 02 quartos para venda   Jardim Irajá,Jardim Iraja,Zona Sul,2,2,1,65.0,300000.0,4615.38461538462,5843.60369977321,7019.92781217448
193709,APARTAMENTO PRÓXIMO A CASTELO BRANCO,Presidente Medici,Zona Leste,3,1,1,75.0,300000.0,4000.0,4508.64185474962,4646.24632076016
187004,Apartamento de 36m² com 01 quarto à venda   Vila Ana Maria,Vila Ana Maria,Zona Sul,1,1,1,36.0,300000.0,8333.33333333333,6534.36599324832,7019.92781217448
182615,APARTAMENTO PRÓXIMO À AVENIDA DOUTOR FRANCISCO JUNQUEIRA,Centro,Centro,3,2,1,109.0,300000.0,2752.29357798165,3969.0889863009,4114.37759196461
177203,APARTAMENTO NO CENTRO,Jardim Sumare,Zona Sul,3,3,1,92.0,300000.0,3260.86956521739,6366.17718327786,7019.92781217448
176252,APARTAMENTO NA VILA MONTE ALEGRE,Vila Monte Alegre,Zona Oeste,3,2,1,77.0,300000.0,3896.1038961039,5171.67916226382,4568.83198282477
174980,Apartamento de 54m² com 02 quartos à venda   Parque Industrial Lagoinha,Parque Industrial Lagoinha,Zona Leste,2,1,1,54.0,300000.0,5555.55555555556,4502.88532269356,4646.24632076016
170303,Apartamento de 92m² com 03 quartos para locação   Jardim Sumaré,Jardim Sumare,Zona Sul,3,3,1,92.0,300000.0,3260.86956521739,6366.17718327786,7019.92781217448
169934,APARTAMENTO MOBILIADO NO IGUATEMI,Iguatemi,Zona Norte,1,1,1,40.0,300000.0,7500.0,4838.13811749042,4316.94719953754
169838,Apartamento para venda com 3 quartos   Pres. Medici,Presidente Medici,Zona Leste,3,1,1,75.0,300000.0,4000.0,4508.64185474962,4646.24632076016
168827,Apartamento mobiliado de 02 quartos para locação   Manoel Penna,Jardim Manoel Penna,Zona Leste,2,1,1,46.0,300000.0,6521.73913043478,4812.40737129408,4646.24632076016
168785,Apartamento de 01 quarto para venda   Bosque das Juritis,Bosque das Juritis,Zona Sul,1,1,1,39.0,300000.0,7692.30769230769,8028.33244392152,7019.92781217448
168572,Apartamento de 62m² com 02 quartos para locação e venda   Vila Maria Luiza,Vila Maria Luiza,Zona Norte,2,2,1,62.0,300000.0,4838.70967741936,4653.00485819842,4316.94719953754
165680,Apartamento a venda de 45m² com 02 quartos à venda   Jardim Antártica,Jardim Antartica,Zona Oeste,2,1,1,45.0,300000.0,6666.66666666667,4464.91601599781,4568.83198282477
165314,Apartamento de 44m² com 02 quartos à venda   Quintas de São José,Quintas de Sao Jose,Zona Norte,2,1,1,44.0,300000.0,6818.18181818182,6785.09085009028,4316.94719953754
163157,Apartamento de 50m² com 02 quartos para locação   Jardim Paulistano,Jardim Paulistano,Zona Leste,2,1,1,50.0,300000.0,6000.0,4354.41245373771,4646.24632076016
161603,APARTAMENTO PRÓXIMO À AVENIDA CASTELO BRANCO,Presidente Medici,Zona Leste,3,2,2,72.0,300000.0,4166.66666666667,4508.64185474962,4646.24632076016
161348,Apartamento de 84m² com 03 quartos   Ipiranga,Ipiranga,Zona Oeste,3,2,1,84.0,300000.0,3571.42857142857,4227.19529650629,4568.83198282477
161231,Apartamento de 48m² com 02 quartos à venda   Jardim Paulistano,Jardim Paulistano,Zona Leste,2,1,1,48.0,300000.0,6250.0,4354.41245373771,4646.24632076016
158195,Apartamento de 72m² com 03 quartos para venda   Presidente Médici,Presidente Medici,Zona Leste,3,1,1,72.0,300000.0,4166.66666666667,4508.64185474962,4646.24632076016
153569,Apartamento de 70m² com 03 quartos à venda   Planalto Verde,Planalto Verde,Zona Oeste,3,2,1,70.0,300000.0,4285.71428571429,4021.97926976394,4568.83198282477
153260,Apartamento de 96m² com 03 quartos à venda   Jardim Paulista,Jardim Paulista,Zona Leste,3,2,1,96.0,300000.0,3125.0,4839.65243893052,4646.24632076016
151754,APARTAMENTO PRÓXIMO À AVENIDA NOVE DE JULHO,Centro,Centro,1,1,1,48.0,300000.0,6250.0,3969.0889863009,4114.37759196461
150026,APARTAMENTO EDIFICIO PARAQUE DOS BANDEIRANTES,Parque dos Bandeirantes,Zona Leste,3,1,1,92.0,300000.0,3260.86956521739,4072.45658506483,4646.24632076016
141005,APARTAMENTO PRÓXIMO À UNAERP,Jardim Palma Travassos,Zona Leste,3,2,1,84.0,300000.0,3571.42857142857,4725.02380139251,4646.24632076016
136988,Apartamento de 76m² com 03 quartos   Jardim Palma Travassos,Jardim Palma Travassos,Zona Leste,3,2,1,76.0,300000.0,3947.36842105263,4725.02380139251,4646.24632076016
130448,Apartamento de 92m² com 03 quartos à venda   Jardim Sumaré,Jardim Sumare,Zona Sul,3,2,1,92.0,300000.0,3260.86956521739,6366.17718327786,7019.92781217448
126080,APARTAMENTO NO RESIDENCIAL PALMARES,Residencial e Comercial Palmares,Zona Leste,2,2,1,90.0,300000.0,3333.33333333333,3830.73455662616,4646.24632076016
126077,Apartamento de 02 quartos   Residencial Palmares,Residencial e Comercial Palmares,Zona Leste,2,2,1,90.0,300000.0,3333.33333333333,3830.73455662616,4646.24632076016
121025,Apartamento de 40m² com 01 quarto à venda   Bosque dos Juritis,Bosque das Juritis,Zona Sul,1,1,1,40.0,300000.0,7500.0,8028.33244392152,7019.92781217448
120692,Apartamento   Padrão,Jardim Novo Mundo,Zona Leste,2,2,1,70.0,300000.0,4285.71428571429,5425.53576663943,4646.24632076016
120215,APARTAMENTO PRÓXIMO À AVENIDA MEIRA JÚNIOR,Jardim Paulistano,Zona Leste,2,2,1,83.0,300000.0,3614.4578313253,4354.41245373771,4646.24632076016
119978,Apartamento de 55m com 01 quarto   Centro,Centro,Centro,1,1,1,55.0,300000.0,5454.54545454546,3969.0889863009,4114.37759196461
119150,Aparamento de 45m² com 01 quarto à venda   Nova Aliança,Nova Alianca,Zona Sul,1,1,1,45.0,300000.0,6666.66666666667,7235.27815404702,7019.92781217448
119126,Aparamento de 45m² com 01 quarto à venda   Nova Aliança,Nova Alianca,Zona Sul,1,1,1,45.0,300000.0,6666.66666666667,7235.27815404702,7019.92781217448
119120,Aparamento de 45m² com 01 quarto à venda   Nova Aliança,Nova Alianca,Zona Sul,1,1,1,45.0,300000.0,6666.66666666667,7235.27815404702,7019.92781217448
118925,APARTAMENTO PRÓXIMO À AVENIDA DO CAFÉ,Vila Monte Alegre,Zona Oeste,3,2,1,84.0,300000.0,3571.42857142857,5171.67916226382,4568.83198282477
116492,Apartamento   Padrão,Vila Seixas,Centro,2,1,1,76.0,300000.0,3947.36842105263,4862.36131633665,4114.37759196461
116132,"Apartamento de 86m² com 02 quartos à venda   516,98",Jardim Interlagos,Zona Leste,3,2,1,86.0,300000.0,3488.37209302326,4158.11293993337,4646.24632076016
113399,EXCELENTE APARTAMENTO PARA LOCAÇÃO NO BAIRRO JARDIM ANTÁRTICA,Jardim Antartica,Zona Oeste,2,2,2,85.0,300000.0,3529.41176470588,4464.91601599781,4568.83198282477
112700,APARTAMENTO NO SUMAREZINHO,Vila Maria Luiza,Zona Norte,2,2,1,65.0,300000.0,4615.38461538462,4653.00485819842,4316.94719953754
112508,APARTAMENTO PRÓXIMO À AVENIDA CARAMURU,Alto da Boa Vista,Zona Sul,2,2,1,78.0,300000.0,3846.15384615385,5935.13838933655,7019.92781217448
106409,APARTAMENTO NA CITY,City Ribeirao,Zona Sul,1,1,1,60.0,300000.0,5000.0,5481.73996829135,7019.92781217448
99869,Apartamento de 01 quarto para locação   Nova Aliança,Nova Alianca,Zona Sul,1,1,1,45.0,300000.0,6666.66666666667,7235.27815404702,7019.92781217448
97877,APARTAMENTO NO JARDIM NOVA ALIANÇA,Nova Alianca,Zona Sul,1,1,1,48.0,300000.0,6250.0,7235.27815404702,7019.92781217448
96665,Apartamento   Padrão,Vila Ana Maria,Zona Sul,2,1,1,65.0,300000.0,4615.38461538462,6534.36599324832,7019.92781217448
95870,APARTAMENTO NO CENTRO,Centro,Centro,2,3,1,95.0,300000.0,3157.89473684211,3969.0889863009,4114.37759196461
94127,Apartamento de 94m² com 02 quartos para venda   Centro,Centro,Centro,2,2,1,94.0,300000.0,3191.48936170213,3969.0889863009,4114.37759196461
93056,Apartamento de 71m² com 03 quartos para locação e venda   Jardim Independência,Independencia,Zona Norte,3,1,1,71.0,300000.0,4225.35211267606,3844.6605743041,4316.94719953754
91046,APARTAMENTO PRÓXIMO À PRAÇA 7 DE SETEMBRO,Alto da Boa Vista,Zona Sul,2,1,1,71.0,300000.0,4225.35211267606,5935.13838933655,7019.92781217448
90743,EXCELENTE APARTAMENTO PARA VENDA NO BAIRRO VILA MONTE ALEGRE,Vila Monte Alegre,Zona Oeste,2,1,1,54.0,300000.0,5555.55555555556,5171.67916226382,4568.83198282477
87041,APARTAMENTO PRÓXIMO À AVENIDA COSTÁBILE ROMANO,Jardim Sao Luiz,Zona Sul,3,2,1,85.0,300000.0,3529.41176470588,5775.49648772587,7019.92781217448
86462,Apartamento de 87m² com 02 quartos á venda   Residencial Greenville,Residencial Greenville,Zona Norte,2,2,1,87.0,300000.0,3448.27586206897,4670.88804474239,4316.94719953754
83075,Apartamento de 50m² mobiliado de 50m² com 01 quarto para locação   Jardim Botânico,Jardim Botanico,Zona Sul,1,1,1,50.0,300000.0,6000.0,7403.36272123417,7019.92781217448
82754,Apartamento de 44m² com 01 quarto e sacada para locação e venda   Nova Aliança,Nova Alianca,Zona Sul,1,1,1,44.0,300000.0,6818.18181818182,7235.27815404702,7019.92781217448
81263,Apartamento de 60m² com 02 quartos à venda  Residencial Greenville,Residencial Greenville,Zona Norte,2,2,1,60.0,300000.0,5000.0,4670.88804474239,4316.94719953754
58979,Apartamento de 70m² com 03 quartos sendo 01 suíte para locação   Jardim Independência,Independencia,Zona Norte,3,1,1,70.0,300000.0,4285.71428571429,3844.6605743041,4316.94719953754
58478,APARTAMENTO NO PARQUE INDUSTRIAL LAGOINHA,Parque Industrial Lagoinha,Zona Leste,2,1,1,55.0,300000.0,5454.54545454546,4502.88532269356,4646.24632076016
58454,Apartamento de 45m² com 01 suíte   Jardim Paulista,Jardim Paulista,Zona Leste,1,1,1,45.0,300000.0,6666.66666666667,4839.65243893052,4646.24632076016
51491,Apartamento de 68m² com 02 quartos sendo 01 suíte para locação e venda   Jardim Irajá,Jardim Iraja,Zona Sul,2,2,2,68.0,300000.0,4411.76470588235,5843.60369977321,7019.92781217448
49511,Apartamento de 45m² com sacada à venda   Jardim Paulista,Jardim Paulista,Zona Leste,1,1,1,45.0,300000.0,6666.66666666667,4839.65243893052,4646.24632076016
36668,Apartamento de 116 m² com 3 quartos   Jardim Paulista,Jardim Paulista,Zona Leste,3,3,1,116.0,300000.0,2586.20689655172,4839.65243893052,4646.24632076016
22028,Apartamento de 01 quarto à venda   Jardim Paulista,Jardim Paulista,Zona Leste,1,1,1,45.0,300000.0,6666.66666666667,4839.65243893052,4646.24632076016
203336,APARTAMENTO COM SACADA NO CONDOMÍNIO FIÚSA 016,Alto da Boa Vista,Zona Sul,2,2,1,55.0,300510.0,5463.81818181818,5935.13838933655,7019.92781217448
136913,APARTAMENTO PADRÃO   ÚNICO RESIDENCIAL,Jardim Novo Mundo,Zona Leste,2,1,1,65.0,301972.99,4645.73830769231,5425.53576663943,4646.24632076016
136883,APARTAMENTO PADRÃO   ÚNICO RESIDENCIAL,Jardim Novo Mundo,Zona Leste,2,1,1,50.0,301972.99,6039.4598,5425.53576663943,4646.24632076016
225653,Apartamento de 66m² com 02 quartos à venda   Palmares,Residencial e Comercial Palmares,Zona Leste,2,2,1,66.0,302000.0,4575.75757575758,3830.73455662616,4646.24632076016
201725,EXCELENTE APARTAMENTO PARA VENDA NO BAIRRO JARDIM PAULISTANO,Jardim Paulistano,Zona Leste,2,1,1,48.0,303000.0,6312.5,4354.41245373771,4646.24632076016
167669,Apartamento de 92m² com 03 quartos para locação   Centro,Jardim Sumare,Zona Sul,3,2,1,92.0,303000.0,3293.47826086957,6366.17718327786,7019.92781217448
226826,Apartamento de 54m² com 01 quarto para locação   Centro,Centro,Centro,1,1,1,54.0,245000.0,4537.03703703704,3969.0889863009,4114.37759196461
208784,Apartamento de 56m² com 02 quartos   Portal Mirante da Colina,Chacaras Pedro Correa de Carvalho,Zona Norte,2,2,1,56.0,260000.0,4642.85714285714,4124.52491399826,4316.94719953754
194672,Apartamento de 48m² com 02 quartos para venda   Jardim Paulistano,Jardim Paulistano,Zona Leste,2,1,1,48.0,260000.0,5416.66666666667,4354.41245373771,4646.24632076016
245312,Apartamento de 47m² com 02 quartos à venda   Quinta da Primavera,Quinta da Primavera,Zona Sul,2,1,1,47.0,305000.0,6489.36170212766,8334.13944069942,7019.92781217448
221042,Apartamento de 47m² com 01 suíte à venda   Nova Aliança,Nova Alianca,Zona Sul,1,2,1,47.0,305000.0,6489.36170212766,7235.27815404702,7019.92781217448
218987,Apartamento de 57m² com 02 quartos para venda   Ipiranga,Ipiranga,Zona Oeste,2,2,1,57.0,305000.0,5350.87719298246,4227.19529650629,4568.83198282477
205556,Apartamento de 57m² com 02 quartos para venda   Ipiranga,Ipiranga,Zona Oeste,2,2,1,57.0,305000.0,5350.87719298246,4227.19529650629,4568.83198282477
148178,APARTAMENTO TÉRREO PRÓXIMO À RODOVIA ANHANGUERA,Residencial e Comercial Palmares,Zona Leste,2,2,2,77.0,305000.0,3961.03896103896,3830.73455662616,4646.24632076016
148004,Apartamento de 82m² com 03 quartos   Jardim Palma Travassos,Jardim Castelo Branco,Zona Leste,3,2,2,82.0,305000.0,3719.51219512195,4046.86527169807,4646.24632076016
23948,Apartamento de 45m² com 01 quarto   Jardim Irajá,Jardim Iraja,Zona Sul,1,1,1,45.0,305000.0,6777.77777777778,5843.60369977321,7019.92781217448
170957,Lançamento: Vista do Parque   Apartamento de 48m² com 02 quartos à venda   Vila Virgínia,Vila Virginia,Zona Oeste,2,1,1,48.0,305139.67,6357.07645833333,4199.44386633332,4568.83198282477
218990,Apartamento de 57m² com 02 quartos para venda   Ipiranga,Ipiranga,Zona Oeste,2,2,1,57.0,306000.0,5368.42105263158,4227.19529650629,4568.83198282477
180836,APARTAMENTO NO PARQUE SÃO SEBASTIÃO,Parque Sao Sebastiao,Zona Leste,2,1,1,56.0,250000.0,4464.28571428572,4018.24997986766,4646.24632076016
203879,Apartamento de 50m² com 2 quartos à venda   Jardim Novo Mundo,Jardim Novo Mundo,Zona Leste,2,1,1,50.0,307020.0,6140.4,5425.53576663943,4646.24632076016
157598,Apartamento de 46m² com 02 quartos à venda   Jardim Manoel Penna,Jardim Manoel Penna,Zona Leste,2,1,1,46.0,307400.0,6682.60869565217,4812.40737129408,4646.24632076016
147020,Apartamento de 84m² com 02 quartos para venda   Centro,Centro,Centro,2,1,1,84.0,260000.0,3095.2380952381,3969.0889863009,4114.37759196461
192440,APARTAMENTO EM BONFIM PAULISTA,Loteamento Santa Marta,Zona Norte,2,1,1,51.0,275000.0,5392.1568627451,5386.60691471388,4316.94719953754
139823,Apartamento de 73m² com 02 quartos   Jardim Palma Travassos,Jardim Palma Travassos,Zona Leste,2,2,1,73.0,285000.0,3904.1095890411,4725.02380139251,4646.24632076016
69680,AMPLO APARTAMENTO PRÓXIMO AV. MEIRA JUNIOR,Campos Eliseos,Zona Norte,3,2,2,101.0,298000.0,2950.49504950495,4308.89631323999,4316.94719953754
200363,APARTAMENTO NO JARDIM PALMA TRAVASSOS,Jardim Palma Travassos,Zona Leste,1,1,1,39.0,308000.0,7897.4358974359,4725.02380139251,4646.24632076016
197534,Apartamento para locação de 2 quartos  Jardim Paulistano,Jardim Paulistano,Zona Leste,2,1,1,48.0,308000.0,6416.66666666667,4354.41245373771,4646.24632076016
142895,APARTAMENTO PRÓXIMO À AVENIDA DOUTOR CELSO CHARURI,Residencial Greenville,Zona Norte,2,1,1,52.0,308000.0,5923.07692307692,4670.88804474239,4316.94719953754
217865,Apartamento studio de 29m² com quintal à venda   Vila Amélia,Vila Tiberio,Zona Oeste,1,1,1,29.0,308987.0,10654.724137931,5772.27801236641,4568.83198282477
212552,Apartamento de 84m² com 02 quartos à venda   Residencial Flórida,Residencial Florida,Zona Sul,2,2,1,84.0,309000.0,3678.57142857143,4586.9287610429,7019.92781217448
208274,Apartamento de 48m² com 02 quartos á venda   Quintas De São José,Quintas de Sao Jose,Zona Norte,2,2,1,48.0,309000.0,6437.5,6785.09085009028,4316.94719953754
116987,Apartamento de 02 quartos com 102m² para locação   Centro,Centro,Centro,2,3,1,102.0,309000.0,3029.41176470588,3969.0889863009,4114.37759196461
233189,Lançamento: Gran Primavera   Apartamento de 50m² com 02 quartos com 01 suíte à venda   Região do Jardim Olhos D`Água,Quinta da Primavera,Zona Sul,2,2,1,50.0,309990.0,6199.8,8334.13944069942,7019.92781217448
211298,Apartamento de 49m² com 02 quartos   Praças do Ipiranga,Ipiranga,Zona Oeste,2,1,1,49.0,220000.0,4489.79591836735,4227.19529650629,4568.83198282477
104780,Apartamento de 75m² com 03 quartos sendo 01 suíte à venda  Planalto Verde,Planalto Verde,Zona Oeste,3,2,1,75.0,270000.0,3600.0,4021.97926976394,4568.83198282477
221411,Apartamento de 73m² com 03 quartos sendo 01 suíte à venda   Jardim Antártica,Jardim Antartica,Zona Oeste,3,2,2,73.0,286200.0,3920.54794520548,4464.91601599781,4568.83198282477
158915,Apartamento de 97m² com 03 quartos à venda   Jardim Paulistano,Jardim Paulistano,Zona Leste,3,2,1,97.0,292000.0,3010.30927835052,4354.41245373771,4646.24632076016
241166,Apartamento de 63m² com 02 quartos para locação   Jardim Botânico,Jardim Botanico,Zona Sul,2,1,1,63.0,310000.0,4920.63492063492,7403.36272123417,7019.92781217448
224123,Apartamento reformado de 80m² com 02 quartos sendo 01 suíte à venda   Centro,Centro,Centro,2,3,1,80.0,310000.0,3875.0,3969.0889863009,4114.37759196461
217292,Apartamento de 47m² com 02 quartos para locação e venda   Vale das Nascentes,Ipiranga,Zona Oeste,2,1,1,47.0,310000.0,6595.74468085106,4227.19529650629,4568.83198282477
213104,Apartamento térreo de 78m² com 02 quartos à venda   Alto do Ipiranga,Alto do Ipiranga,Zona Oeste,2,2,1,78.0,310000.0,3974.35897435897,4537.91893063963,4568.83198282477
212765,Apartamento de 57m² com 02 quartos sendo 01 suíte   Ipiranga,Ipiranga,Zona Oeste,2,2,1,57.0,310000.0,5438.59649122807,4227.19529650629,4568.83198282477
194468,Apartamento de 50m² com 01 quarto   Santa Cruz do José Jacques,Santa Cruz do Jose Jacques,Zona Sul,1,1,1,50.0,310000.0,6200.0,6190.18466407645,7019.92781217448
179837,Lindo Apartamento Mobiliado,Bosque das Juritis,Zona Sul,1,1,1,43.0,310000.0,7209.3023255814,8028.33244392152,7019.92781217448
179333,ÓTIMO APARTAMENTO NO MONTE ALEGRE,Vila Monte Alegre,Zona Oeste,2,2,1,84.0,310000.0,3690.47619047619,5171.67916226382,4568.83198282477
179330,OTIMO APARTAMENTO NO MONTE ALEGRE,Vila Monte Alegre,Zona Oeste,2,2,1,84.0,310000.0,3690.47619047619,5171.67916226382,4568.83198282477
156716,"APARTAMENTO EM ÓTIMA LOCALIZAÇÃO, PRÓXIMO À AVENIDA MAURILIO BIAGI",Jardim Palma Travassos,Zona Leste,2,2,1,53.0,310000.0,5849.05660377359,4725.02380139251,4646.24632076016
156431,Apartamento de 121m² com 02 quartos à venda   Centro,Jardim Sumare,Zona Sul,2,2,1,121.0,310000.0,2561.98347107438,6366.17718327786,7019.92781217448
152477,APARTAMENTO PRÓXIMO À AVENIDA BARÃO DO BANANAL,Parque dos Bandeirantes,Zona Leste,3,3,1,85.0,310000.0,3647.05882352941,4072.45658506483,4646.24632076016
151784,Apartamento de 54m² com 02 quartos   Jardim Palma Travassos,Jardim Palma Travassos,Zona Leste,2,2,1,54.0,310000.0,5740.74074074074,4725.02380139251,4646.24632076016
149264,Apartamento de 02 quartos com 44m²   Vila Guiomar,Vila Guiomar,Zona Norte,2,1,1,44.0,310000.0,7045.45454545455,5616.68624226764,4316.94719953754
138632,Apartamento de 48m² à venda   Jardim Botânico,Jardim Botanico,Zona Sul,1,1,1,48.0,310000.0,6458.33333333333,7403.36272123417,7019.92781217448
134441,Apartamento de 49m² com 02 quartos para locação e venda   Jardim Irajá,Jardim Iraja,Zona Sul,2,1,1,49.0,310000.0,6326.5306122449,5843.60369977321,7019.92781217448
127706,Apartamento de 50m² com 02 quartos à venda   Jardim Anhanguera,Jardim Anhanguera,Zona Leste,2,1,1,50.0,310000.0,6200.0,4372.03682882804,4646.24632076016
124892,Apartamento de 48m² com 02 quartos à venda   Jardim Paulistano,Jardim Paulistano,Zona Leste,2,1,1,48.0,310000.0,6458.33333333333,4354.41245373771,4646.24632076016
116909,Apartamento de 71m² com 02 quartos à venda   Jardim Paulistano,Jardim Paulistano,Zona Leste,2,1,1,71.0,310000.0,4366.19718309859,4354.41245373771,4646.24632076016
107282,APARTAMENTO NO CENTRO,Centro,Centro,3,2,1,103.0,310000.0,3009.70873786408,3969.0889863009,4114.37759196461
102293,Apartamento de 02 quartos para locação   Centro,Centro,Centro,3,2,1,106.0,310000.0,2924.52830188679,3969.0889863009,4114.37759196461
98768,Apartamento de 01 quarto à venda   Bosque das Juritis,Bosque das Juritis,Zona Sul,1,1,1,40.0,310000.0,7750.0,8028.33244392152,7019.92781217448
98003,APARTAMENTO NO JARDIM BOTÂNICO,Bosque das Juritis,Zona Sul,1,1,1,40.0,310000.0,7750.0,8028.33244392152,7019.92781217448
94460,Apartamento de 45m² com 01 quarto para locação   Santa Cruz,Santa Cruz do Jose Jacques,Zona Sul,1,1,1,45.0,310000.0,6888.88888888889,6190.18466407645,7019.92781217448
92798,APARTAMENTO NO CENTRO!,Centro,Centro,3,2,1,103.0,310000.0,3009.70873786408,3969.0889863009,4114.37759196461
83954,Apartamento de 01 quarto para venda   Santa Cruz,Santa Cruz do Jose Jacques,Zona Sul,1,1,1,45.0,310000.0,6888.88888888889,6190.18466407645,7019.92781217448
79898,APARTAMENTO NA VILA SEIXAS,Vila Seixas,Centro,2,2,2,65.0,310000.0,4769.23076923077,4862.36131633665,4114.37759196461
78728,Apartamento   Padrão,Ipiranga,Zona Oeste,3,4,2,180.0,310000.0,1722.22222222222,4227.19529650629,4568.83198282477
75215,APARTAMENTO NO JARDIM PAULISTA,Jardim Paulista,Zona Leste,3,1,1,69.0,310000.0,4492.75362318841,4839.65243893052,4646.24632076016
174938,Apartamento de 03 quartos para venda   Jd. Palma Travassos,Jardim Palma Travassos,Zona Leste,3,2,1,80.0,280000.0,3500.0,4725.02380139251,4646.24632076016
220994,Apartamento de 49m² com 02 quartos à venda   Jardim Anhanguera,Jardim Anhanguera,Zona Leste,2,1,1,49.0,312000.0,6367.34693877551,4372.03682882804,4646.24632076016
164663,APARTAMENTO NO JARDIM BOTANICO,Jardim Botanico,Zona Sul,2,2,1,54.0,312000.0,5777.77777777778,7403.36272123417,7019.92781217448
245363,Apartamento de 45m² com 01 quarto à venda   Jardim Paulista,Jardim Paulista,Zona Leste,1,1,1,45.0,313000.0,6955.55555555556,4839.65243893052,4646.24632076016
207485,Apartamento com Suíte de 57m² à Venda   Ipiranga,Ipiranga,Zona Oeste,2,2,1,57.0,313000.0,5491.22807017544,4227.19529650629,4568.83198282477
100427,Apartamento de 86m² com 03 quartos para locação e venda   Jardim Paulistano,Jardim Paulistano,Zona Leste,3,1,1,86.0,267000.0,3104.6511627907,4354.41245373771,4646.24632076016
232700,Apartamento de 62m² com 03 quartos à venda   Jardim Palma Travassos,Jardim Palma Travassos,Zona Leste,3,2,1,62.0,315000.0,5080.64516129032,4725.02380139251,4646.24632076016
220991,Apartamento de 47m² com 02 quartos para venda   Jardim Paulistano,Jardim Paulistano,Zona Leste,2,1,1,47.0,315000.0,6702.12765957447,4354.41245373771,4646.24632076016
218999,Apartamento de 57m² com 02 quartos para venda   Ipiranga,Ipiranga,Zona Oeste,2,2,1,57.0,315000.0,5526.31578947368,4227.19529650629,4568.83198282477
211373,Apartamento de 43m² com 01 quarto à venda   Nova Aliança,Nova Alianca,Zona Sul,1,1,1,43.0,315000.0,7325.58139534884,7235.27815404702,7019.92781217448
204557,Apartamento de 68m² com 02 quartos à venda   Centro,Centro,Centro,2,2,1,68.0,315000.0,4632.35294117647,3969.0889863009,4114.37759196461
142442,Apartamento de 50m² com 01 quarto para locação   Jardim Botânico,Jardim Botanico,Zona Sul,1,1,1,50.0,315000.0,6300.0,7403.36272123417,7019.92781217448
75638,APARTAMENTO PRÓXIMO À AVENIDA CARLOS EDUARDO DE GASPERI CONSONI,Jardim Botanico,Zona Sul,2,2,2,63.0,315000.0,5000.0,7403.36272123417,7019.92781217448
41315,Apartamento   Padrão,Residencial e Comercial Palmares,Zona Leste,3,1,1,100.0,315000.0,3150.0,3830.73455662616,4646.24632076016
220139,Apartamento térreo de 47m² com 02 quartos à venda   Jardim Paulistano,Jardim Paulistano,Zona Leste,2,1,1,47.0,316000.0,6723.40425531915,4354.41245373771,4646.24632076016
196397,APARTAMENTO NO CENTRO,Centro,Centro,1,1,1,43.0,250000.0,5813.95348837209,3969.0889863009,4114.37759196461
127049,Apartamento de 70m² com 03 quartos para venda   Nova Ribeirânia,Nova Ribeirania,Zona Leste,3,2,1,70.0,300000.0,4285.71428571429,6636.64015183677,4646.24632076016
236579,Apartamento de 52m² com 02 quartos à venda   Loteamento Santa Marta,Loteamento Santa Marta,Zona Norte,2,2,1,52.0,318000.0,6115.38461538462,5386.60691471388,4316.94719953754
234053,Apartamento de 99m² com 02 quartos à venda   Centro,Centro,Centro,2,2,1,99.0,318000.0,3212.12121212121,3969.0889863009,4114.37759196461
207494,Apartamento com Suíte e armários de 57m²   Ipiranga,Ipiranga,Zona Oeste,2,2,1,57.0,318000.0,5578.94736842105,4227.19529650629,4568.83198282477
198419,APARTAMENTO NO PRESIDENTE MEDICI,Presidente Medici,Zona Leste,2,2,2,110.0,318000.0,2890.90909090909,4508.64185474962,4646.24632076016
198281,APARTAMENTO NO NOVA ALIANÇA,Nova Alianca,Zona Sul,1,1,1,41.0,318000.0,7756.09756097561,7235.27815404702,7019.92781217448
191810,Apartamento de 49m² com 01 quarto à venda   Nova Aliança,Nova Alianca,Zona Sul,1,1,1,49.0,318000.0,6489.79591836735,7235.27815404702,7019.92781217448
160319,Apartamento de 96m² com 03 quartos   Jardim Paulista,Jardim Paulista,Zona Leste,3,3,1,96.0,318000.0,3312.5,4839.65243893052,4646.24632076016
158903,Apartamento de 66m² com 03 quartos   Jardim Parque Industrial Lagoinha,Parque Industrial Lagoinha,Zona Leste,3,2,1,66.0,318000.0,4818.18181818182,4502.88532269356,4646.24632076016
144596,APARTAMENTO PRÓXIMO A RODOVIA ANTÔNIO MACHADO SANT'ANNA,Centro,Centro,2,3,1,23.0,318000.0,13826.0869565217,3969.0889863009,4114.37759196461
143873,Kit em ótima localização próximo à USP,Vila Monte Alegre,Zona Oeste,1,1,1,27.0,318000.0,11777.7777777778,5171.67916226382,4568.83198282477
137921,APARTAMENTO NO LAGOINHA,Parque Industrial Lagoinha,Zona Leste,2,2,1,81.0,318000.0,3925.92592592593,4502.88532269356,4646.24632076016
89360,Apartamento de 57m² com 02 quartos para venda   Residencial Greenville,Residencial Greenville,Zona Norte,2,2,1,57.0,318000.0,5578.94736842105,4670.88804474239,4316.94719953754
84170,APARTAMENTO NA VILA SEIXAS,Vila Seixas,Centro,2,2,1,89.0,318000.0,3573.03370786517,4862.36131633665,4114.37759196461
83363,Apartamento de 43m² com 01 suíte para locação e venda   Jardim Botânico,Jardim Botanico,Zona Sul,1,2,2,43.0,318000.0,7395.3488372093,7403.36272123417,7019.92781217448
74309,APARTAMENTO NA VILA SEIXAS,Vila Seixas,Centro,1,1,1,43.0,318000.0,7395.3488372093,4862.36131633665,4114.37759196461
44378,APARTAMENTO TÉRREO PRÓXIMO À RODOVIA ANHANGUERA,Residencial e Comercial Palmares,Zona Leste,3,2,1,104.0,318000.0,3057.69230769231,3830.73455662616,4646.24632076016
5138,Apartamento de 68m² com 02 quartos para locação e venda   Higienópolis,Higienopolis,Centro,3,3,1,68.0,318000.0,4676.47058823529,3745.12101181726,4114.37759196461
242405,Apartamento de 66m² com 02 quartos à venda   Campos Elíseos,Campos Eliseos,Zona Norte,2,1,1,66.0,225000.0,3409.09090909091,4308.89631323999,4316.94719953754
234116,Apartamento de 72m² com 02 quartos à venda   Vila Seixas,Vila Seixas,Centro,2,3,1,72.0,318000.0,4416.66666666667,4862.36131633665,4114.37759196461
242408,Apartamento de 116m² com 03 quartos à venda   Jardim Macedo,Jardim Macedo,Zona Leste,3,3,1,116.0,319000.0,2750.0,4049.64935899923,4646.24632076016
230759,Apartamento de 67m² com 02 quartos à venda   Parque dos Bandeirantes,Jardim Castelo Branco,Zona Leste,2,1,1,67.0,319000.0,4761.19402985075,4046.86527169807,4646.24632076016
223970,Apartamento de 48m² com 02 quartos à venda   Quintas de São José,Quintas de Sao Jose,Zona Norte,2,1,1,48.0,319000.0,6645.83333333333,6785.09085009028,4316.94719953754
215948,Apartamento de 55m² com 02 quartos à venda   Ipiranga,Ipiranga,Zona Oeste,2,1,1,55.0,319900.0,5816.36363636364,4227.19529650629,4568.83198282477
235298,Apartamento de 507m² com 04 suítes à venda   Morro do Ypê,Residencial Morro do Ipe,Zona Sul,4,6,5,507.0,6150000.0,12130.1775147929,10501.5511367323,7019.92781217448
58652,Apartamento de 46m² com 02 quartos à venda   Lagoinha,Parque Industrial Lagoinha,Zona Leste,2,1,1,46.0,230000.0,5000.0,4502.88532269356,4646.24632076016
137681,Apartamento de 47 m² com 02 quartos à venda   Condomínio Mirante Sul.,Condominio Mirante Sul,Zona Sul,2,1,1,47.0,239000.0,5085.10638297872,5048.35903353727,7019.92781217448
106337,Apartamento de 89m² com 03 quartos 01 suíte à venda na Vila Seixas,Vila Seixas,Centro,3,2,1,89.0,250000.0,2808.98876404494,4862.36131633665,4114.37759196461
203117,Apartamento de 66m² com 03 quartos para locação e venda   Parque Industrial Lagoinha,Parque Industrial Lagoinha,Zona Leste,3,1,1,66.0,265000.0,4015.15151515152,4502.88532269356,4646.24632076016
230840,Apartamento 46m² com 02 quartos para locação e venda   Jardim Paulistano,Jardim Paulistano,Zona Leste,2,1,1,46.0,270000.0,5869.5652173913,4354.41245373771,4646.24632076016
49490,Apartamento de 107m² com 03 quartos à venda   Vila Seixas,Centro,Centro,3,3,1,107.0,270000.0,2523.36448598131,3969.0889863009,4114.37759196461
197630,"Apartamento de 38m² com 01 quarto, à Venda Mobiliado   Residencial Florida",Jardim California,Zona Sul,1,1,1,38.0,275000.0,7236.84210526316,7048.58207831218,7019.92781217448
171608,APARTAMENTO NO JARDIM PAULISTA,Jardim Paulista,Zona Leste,2,2,2,66.0,299000.0,4530.30303030303,4839.65243893052,4646.24632076016
237128,Apartamento de 54m² com 02 quartos para venda   Jardim Anhanguera,Jardim Anhanguera,Zona Leste,2,2,1,54.0,300000.0,5555.55555555556,4372.03682882804,4646.24632076016
229289,Apartamento/Padrão   Residencial   No bairro Centro  ,Centro,Centro,2,2,1,87.0,300000.0,3448.27586206897,3969.0889863009,4114.37759196461
128135,Apartamento   Padrão,Jardim California,Zona Sul,1,1,1,27.0,300000.0,11111.1111111111,7048.58207831218,7019.92781217448
123674,Apartamento de 03 quartos para locação e venda   Jardim Paulista,Jardim Paulista,Zona Leste,3,2,1,81.0,300000.0,3703.7037037037,4839.65243893052,4646.24632076016
85487,****APARTAMENTO NO JARDIM PAULISTA****,Jardim Paulista,Zona Leste,3,2,1,89.0,300000.0,3370.78651685393,4839.65243893052,4646.24632076016
82886,Apartamento de 44m² com 01 quarto venda   Nova Aliança,Nova Alianca,Zona Sul,1,1,1,44.0,300000.0,6818.18181818182,7235.27815404702,7019.92781217448
133196,Apartamento de 80m² com 03 quartos a venda   Jardim Palma Travassos,Jardim Palma Travassos,Zona Leste,3,2,1,80.0,310000.0,3875.0,4725.02380139251,4646.24632076016
131375,Apartamento de 62m² com 2 quartos  Vila Tibério,Vila Tiberio,Zona Oeste,2,2,1,62.0,310000.0,5000.0,5772.27801236641,4568.83198282477
99824,Apartamento   Padrão,Jardim Paulistano,Zona Leste,3,2,2,96.0,318000.0,3312.5,4354.41245373771,4646.24632076016
245375,Apartamento de 63 m² a venda com 2 quartos  Presidente Médici,Presidente Medici,Zona Leste,2,2,1,63.0,320000.0,5079.36507936508,4508.64185474962,4646.24632076016
245024,Apartamento com 78m² com 03 quartos à venda   Parque dos Lagos,Parque dos Lagos,Zona Leste,3,2,1,78.0,320000.0,4102.5641025641,4175.19186695209,4646.24632076016
244868,Apartamento de 96m² com 03 quartos à venda   Lagoinha,Parque Industrial Lagoinha,Zona Leste,3,2,1,96.0,320000.0,3333.33333333333,4502.88532269356,4646.24632076016
244043,Apartamento de 44m² com 02 quartos à venda   Quintas de São José,Quintas de Sao Jose,Zona Norte,2,1,1,44.0,320000.0,7272.72727272727,6785.09085009028,4316.94719953754
243365,Apartamento de 88 m² com 03 quartos à venda   Jardim Paulistano,Jardim Paulistano,Zona Leste,3,2,1,88.0,320000.0,3636.36363636364,4354.41245373771,4646.24632076016
241295,Apartamento de 67m² com 03 quartos à venda   Jardim Palma Travassos,Iguatemi,Zona Norte,3,2,1,67.0,320000.0,4776.11940298508,4838.13811749042,4316.94719953754
240656,Apartamento de 44m² com 01 quarto para locação ou venda   Nova Aliança,Nova Alianca,Zona Sul,1,1,1,44.0,320000.0,7272.72727272727,7235.27815404702,7019.92781217448
238979,Apartamento de 49m² com 02 quartos Locação ou Venda   Campos Elíseos,Campos Eliseos,Zona Norte,2,1,1,49.0,320000.0,6530.61224489796,4308.89631323999,4316.94719953754
238880,Apartamento de 49m² com 02 quartos para locação e venda   Quinta da Primavera,Quinta da Primavera,Zona Sul,2,1,1,49.0,320000.0,6530.61224489796,8334.13944069942,7019.92781217448
236780,Apartamento de40m² com 02 quartos á venda   Ribeirânia,Ribeirania,Zona Leste,2,1,1,40.0,320000.0,8000.0,6622.45012983218,4646.24632076016
235703,Apartamento com 55m² com 01 quarto à venda   Alto da Boa Vista,Alto da Boa Vista,Zona Sul,1,1,1,55.0,320000.0,5818.18181818182,5935.13838933655,7019.92781217448
235019,Lançamento: Alto da Mata Residencial   Apartamento de 58m² com 02 quartos com suíte à venda   Vivendas da Mata,Real Sul,Zona Sul,2,1,1,58.0,320000.0,5517.24137931035,5616.30356336225,7019.92781217448
234410,APARTAMENTO NO JARDIM BOTÂNICO,Jardim Botanico,Zona Sul,2,2,1,61.0,320000.0,5245.90163934426,7403.36272123417,7019.92781217448
232400,Apartamento de 77m² com 02 quartos à venda   Jardim Palma Travassos,Jardim Palma Travassos,Zona Leste,2,1,1,77.0,320000.0,4155.84415584416,4725.02380139251,4646.24632076016
231998,Apartamento de 48m² com 02 quartos para venda   Jardim Paulistano,Jardim Paulistano,Zona Leste,2,1,1,48.0,320000.0,6666.66666666667,4354.41245373771,4646.24632076016
230861,Apartamento com 45m² com 01 quarto para Locação e venda   Jardim Califórnia,Jardim California,Zona Sul,1,1,1,45.0,320000.0,7111.11111111111,7048.58207831218,7019.92781217448
229511,Apartamento e 49m² com 02 quartos para venda   Jardim Anhanguera,Jardim Anhanguera,Zona Leste,2,1,1,49.0,320000.0,6530.61224489796,4372.03682882804,4646.24632076016
228902,Apartamento de 75m² com 02 quartos à venda   Vila Amélia,Vila Amelia,Zona Oeste,2,2,1,75.0,320000.0,4266.66666666667,4740.17583820671,4568.83198282477
227018,Apartamento de 47m² com 02 quartos à venda   Vila Virgínia,Vila Virginia,Zona Oeste,2,1,1,47.0,320000.0,6808.51063829787,4199.44386633332,4568.83198282477
225542,Apartamento de 54m² com 02 quartos à venda   Parque Industrial Lagoinha,Parque Industrial Lagoinha,Zona Leste,2,1,1,54.0,320000.0,5925.92592592593,4502.88532269356,4646.24632076016
225404,Apartamento de 48m² com 02 quartos à venda   Jardim Paulistano,Jardim Paulistano,Zona Leste,2,1,1,48.0,320000.0,6666.66666666667,4354.41245373771,4646.24632076016
223436,Apartamento de 51m² com 02 quartos à venda   Jardim Novo Mundo,Jardim Novo Mundo,Zona Leste,2,1,1,51.0,320000.0,6274.50980392157,5425.53576663943,4646.24632076016
217613,Apartamento de 58m² com 02 quartos à venda   Vila Tibério,Vila Tiberio,Zona Oeste,2,2,1,58.0,320000.0,5517.24137931035,5772.27801236641,4568.83198282477
213977,Apartamento de 58m² com 02 quartos à venda   Parque dos Servidores,Residencial Parque dos Servidores,Zona Leste,2,2,1,58.0,320000.0,5517.24137931035,4474.21131539829,4646.24632076016
212768,Apartamento de 57m² com 02 quartos sendo 01 suíte   Ipiranga,Ipiranga,Zona Oeste,2,2,1,57.0,320000.0,5614.0350877193,4227.19529650629,4568.83198282477
210614,Apartamento de 86m² com 03 quartos à venda   Residencial e Comercial Palmares,Residencial e Comercial Palmares,Zona Leste,3,2,1,86.0,320000.0,3720.93023255814,3830.73455662616,4646.24632076016
209162,Apartamento de 73m² com 02 quartos à venda   Lagoinha,Parque Industrial Lagoinha,Zona Leste,2,2,1,73.0,320000.0,4383.56164383562,4502.88532269356,4646.24632076016
207260,Apartamento de 92m² com 03 quartos   Centro,Centro,Centro,3,2,1,92.0,320000.0,3478.26086956522,3969.0889863009,4114.37759196461
207194,Apartamento de 92m² com 03 quartos   Centro,Centro,Centro,3,2,1,92.0,320000.0,3478.26086956522,3969.0889863009,4114.37759196461
207113,Apartamento de 55m com 01 quarto   Centro,Centro,Centro,1,1,1,55.0,320000.0,5818.18181818182,3969.0889863009,4114.37759196461
204935,Apartamento térreo de 62m² com 02 quartos à venda   Residencial Flórida,Residencial Florida,Zona Sul,2,1,1,62.0,320000.0,5161.29032258065,4586.9287610429,7019.92781217448
201044,Excelente apartamento na Zona Sul,Quintas de Sao Jose,Zona Norte,2,2,1,52.0,320000.0,6153.84615384615,6785.09085009028,4316.94719953754
198437,***OTIMO APARTAMENTO TÉRREO****,Parque Anhanguera,Zona Leste,2,2,1,64.0,320000.0,5000.0,4177.86557112983,4646.24632076016
197663,Apartamento de 47m² com 02 quartos à venda   Residencial Greenville,Residencial Greenville,Zona Norte,2,1,1,47.0,320000.0,6808.51063829787,4670.88804474239,4316.94719953754
193187,Apartamento de 50m² com 02 quartos à venda   Jardim Novo Mundo,Jardim Novo Mundo,Zona Leste,2,1,1,50.0,320000.0,6400.0,5425.53576663943,4646.24632076016
189407,Apartamento de 107 m² com 3 dormitórios no Jardim Irajá,Jardim Iraja,Zona Sul,3,2,1,107.0,320000.0,2990.65420560748,5843.60369977321,7019.92781217448
188876,Apartamento de 85m² com 03 quartos para locação e venda   Jardim Macedo,Jardim Macedo,Zona Leste,3,1,1,85.0,320000.0,3764.70588235294,4049.64935899923,4646.24632076016
186749,EXCELENTE APARTAMENTO PRÓXIMO A USP,Vila Monte Alegre,Zona Oeste,2,2,2,84.0,320000.0,3809.52380952381,5171.67916226382,4568.83198282477
179942,Apartamento de 79m² com 02 quartos para locação e venda   Jardim Palma Travassos,Jardim Palma Travassos,Zona Leste,2,1,1,79.0,320000.0,4050.63291139241,4725.02380139251,4646.24632076016
175790,Apartamento de 107m² com 03 quartos à venda   Vila Seixas,Vila Seixas,Centro,3,2,2,107.0,320000.0,2990.65420560748,4862.36131633665,4114.37759196461
175076,Apartamento de 87m² com 03 quartos sendo 01 suíte para à venda   Jardim Catelo Branco,Parque dos Bandeirantes,Zona Leste,3,2,2,87.0,320000.0,3678.16091954023,4072.45658506483,4646.24632076016
173720,APARTAMENTO NO JARDIM PAULISTA,Jardim Macedo,Zona Leste,2,2,1,104.0,320000.0,3076.92307692308,4049.64935899923,4646.24632076016
170261,Apartamento de 61m² com 02 quartos à venda   Vila Monte Alegre,Vila Monte Alegre,Zona Oeste,2,1,1,61.0,320000.0,5245.90163934426,5171.67916226382,4568.83198282477
165518,LINDO APARTAMENTO PRÓXIMO A AV CASTELO BRANCO,Parque dos Bandeirantes,Zona Leste,2,2,2,47.0,320000.0,6808.51063829787,4072.45658506483,4646.24632076016
164525,Apartamento de 66m² com 03 quartos para venda   Jardim Interlagos,Jardim Interlagos,Zona Leste,3,2,1,66.0,320000.0,4848.48484848485,4158.11293993337,4646.24632076016
162218,Excelente Duplex próx a Av. Castelo Branco,Parque Industrial Lagoinha,Zona Leste,2,2,1,96.0,320000.0,3333.33333333333,4502.88532269356,4646.24632076016
152015,Apartamento de 69m² com 03 quartos para locação e venda   Jardim Paulista,Jardim Paulista,Zona Leste,3,1,1,69.0,320000.0,4637.68115942029,4839.65243893052,4646.24632076016
145958,APARTAMENTO TÉRREO PRÓXIMO À USP,Vila Amelia,Zona Oeste,2,2,1,72.0,320000.0,4444.44444444444,4740.17583820671,4568.83198282477
144104,Apartamento de 64m² com 03 quartos sendo 01 suíte à venda   Iguatemi,Jardim Palma Travassos,Zona Leste,3,2,1,64.0,320000.0,5000.0,4725.02380139251,4646.24632076016
142550,APARTAMENTO PRÓXIMO À AVENIDA CASTELO BRANCO,Jardim Palma Travassos,Zona Leste,3,2,1,76.0,320000.0,4210.52631578947,4725.02380139251,4646.24632076016
138296,APARTAMENTO TÉRREO NO JARDIM ZARA,Jardim Zara,Zona Leste,3,2,1,85.0,320000.0,3764.70588235294,3994.52759311292,4646.24632076016
137885,LINDO APARTAMENTO NO JARDIM INTERLAGOS,Parque dos Lagos,Zona Leste,3,2,1,66.0,320000.0,4848.48484848485,4175.19186695209,4646.24632076016
136805,LINDO APARTAMENTO NO JARDIM BOTÂNICO,City Ribeirao,Zona Sul,2,2,1,66.0,320000.0,4848.48484848485,5481.73996829135,7019.92781217448
136409,Apartamento de 33m² com 01 quarto à venda   Centro,Centro,Centro,1,1,1,33.0,320000.0,9696.9696969697,3969.0889863009,4114.37759196461
134024,Apartamento de 81m² com 03 quartos para venda   Sumarezinho,Sumarezinho,Zona Oeste,3,2,1,81.0,320000.0,3950.61728395062,4702.46841942496,4568.83198282477
131819,AMPLO APARTAMENTO NO BAIRRO JARDIM BANDEIRANTES,Parque dos Bandeirantes,Zona Leste,3,2,1,88.0,320000.0,3636.36363636364,4072.45658506483,4646.24632076016
131507,Apartamento de 62m² com 03 quartos à venda   Alto do Ipiranga,Alto do Ipiranga,Zona Oeste,3,2,1,62.0,320000.0,5161.29032258065,4537.91893063963,4568.83198282477
127376,Apartamento   Padrão,Parque Industrial Lagoinha,Zona Leste,2,2,1,67.0,320000.0,4776.11940298508,4502.88532269356,4646.24632076016
126422,Apartamento   Padrão,Vila Tiberio,Zona Oeste,3,3,2,99.0,320000.0,3232.32323232323,5772.27801236641,4568.83198282477
119744,EXCELENTE APARTAMENTO   PARQUE DOS LAGOS,Parque dos Lagos,Zona Leste,3,2,1,98.0,320000.0,3265.30612244898,4175.19186695209,4646.24632076016
118598,APARTAMENTO NO PALMARES,Residencial e Comercial Palmares,Zona Leste,2,2,2,65.0,320000.0,4923.07692307692,3830.73455662616,4646.24632076016
118268,APARTAMENTO PRÓXIMO AO SHOPPING SANTA ÚRSULA,Centro,Centro,2,3,1,68.0,320000.0,4705.88235294118,3969.0889863009,4114.37759196461
114269,APARTAMENTO PRÓXIMO À AVENIDA LEÃO XIII,Parque Industrial Lagoinha,Zona Leste,3,2,1,100.0,320000.0,3200.0,4502.88532269356,4646.24632076016
105551,Apartamento de 01 quarto para locação   Centro,Centro,Centro,1,1,1,64.0,320000.0,5000.0,3969.0889863009,4114.37759196461
98870,Apartamento de 81m² com 03 quartos para venda   Sumarezinho,Sumarezinho,Zona Oeste,3,2,1,81.0,320000.0,3950.61728395062,4702.46841942496,4568.83198282477
98684,APARTAMENTO NO LAGOINHA,Parque Industrial Lagoinha,Zona Leste,3,2,1,91.0,320000.0,3516.48351648352,4502.88532269356,4646.24632076016
96110,Apartamento de 109m² com 03 quartos à venda   Centro,Centro,Centro,3,2,1,109.0,320000.0,2935.77981651376,3969.0889863009,4114.37759196461
95036,APARTAMENTO NO JARDIM IRAJÁ,Jardim Iraja,Zona Sul,2,2,1,56.0,320000.0,5714.28571428572,5843.60369977321,7019.92781217448
94937,APARTAMENTO MOBILIADO NO JARDIM FLORIDA,Jardim Florida,Zona Sul,1,1,1,46.0,320000.0,6956.52173913044,7585.50724637681,7019.92781217448
94433,Apartamento de 50m² com 01 quarto para locação   Nova Aliança,Nova Alianca,Zona Sul,1,1,1,50.0,320000.0,6400.0,7235.27815404702,7019.92781217448
92993,Apartamento de 78m² com 02 quartos à venda   Jardim Irajá,Jardim Iraja,Zona Sul,2,1,1,78.0,320000.0,4102.5641025641,5843.60369977321,7019.92781217448
91454,Apartamento de 03 quartos para locação   Jd. Interlagos,Jardim Interlagos,Zona Leste,3,2,2,66.0,320000.0,4848.48484848485,4158.11293993337,4646.24632076016
87941,Apartamento de 74m² com 03 quartos   Parque Industrial Lagoinha,Parque Industrial Lagoinha,Zona Leste,3,2,1,74.0,320000.0,4324.32432432432,4502.88532269356,4646.24632076016
85640,Apartamento de 68m² com 02 quartos à venda   Centro,Centro,Centro,2,2,1,68.0,320000.0,4705.88235294118,3969.0889863009,4114.37759196461
85475,Apartamento de 02 quartos á venda   Residencial Flórida,Residencial Florida,Zona Sul,2,1,1,65.0,320000.0,4923.07692307692,4586.9287610429,7019.92781217448
84635,Apartamento de 59m² com 02 quartos sendo 01 suíte à venda   Residencial Flórida,Residencial Florida,Zona Sul,2,2,2,59.0,320000.0,5423.72881355932,4586.9287610429,7019.92781217448
84506,Apartamento de 64m² com 02 quartos à venda   Residencial Flórida,Residencial Florida,Zona Sul,2,2,1,64.0,320000.0,5000.0,4586.9287610429,7019.92781217448
84452,Apartamento mobiliado de 38m² com 01 quarto para locação e venda   Jardim Botânico,Jardim Botanico,Zona Sul,1,1,1,38.0,320000.0,8421.05263157895,7403.36272123417,7019.92781217448
83501,Apartamento de 74m² com 03 quartos   Parque Industrial Lagoinha,Parque Industrial Lagoinha,Zona Leste,3,2,1,74.0,320000.0,4324.32432432432,4502.88532269356,4646.24632076016
81941,Apartamento de 86m² com 03 quartos  ,Residencial e Comercial Palmares,Zona Leste,3,2,1,86.0,320000.0,3720.93023255814,3830.73455662616,4646.24632076016
70448,APARTAMENTO NO JARDIM BOTÂNICO,Jardim Botanico,Zona Sul,1,1,1,46.0,320000.0,6956.52173913044,7403.36272123417,7019.92781217448
69707,APARTAMENTO NO JARDIM PALMA TRAVASSOS,Jardim Palma Travassos,Zona Leste,3,3,1,98.0,320000.0,3265.30612244898,4725.02380139251,4646.24632076016
64496,Apartamento de 105m² à venda   Centro,Centro,Centro,3,1,1,105.0,320000.0,3047.61904761905,3969.0889863009,4114.37759196461
54971,Apartamento de 75m² com 03 quartos para venda   Presidente Médici,Iguatemi,Zona Norte,3,2,1,75.0,320000.0,4266.66666666667,4838.13811749042,4316.94719953754
40637,Apartamento   Padrão,Campos Eliseos,Zona Norte,3,3,1,97.0,320000.0,3298.96907216495,4308.89631323999,4316.94719953754
36512,APARTAMENTO PRÓXIMO Á UNAERP,Jardim Palma Travassos,Zona Leste,3,2,1,76.0,320000.0,4210.52631578947,4725.02380139251,4646.24632076016
35024,Apartamento de 03 quartos para locação   Campos Elíseos,Campos Eliseos,Zona Norte,3,3,1,105.0,320000.0,3047.61904761905,4308.89631323999,4316.94719953754
244874,Apartamento de 43m² com 01 quarto à venda   Ribeirânia,Nova Ribeirania,Zona Leste,1,1,1,43.0,320178.0,7446.0,6636.64015183677,4646.24632076016
244895,Apartamento/Padrão 42m² a venda no bairro Nova Ribeirânia,Nova Ribeirania,Zona Leste,1,1,1,42.0,323819.5,7709.9880952381,6636.64015183677,4646.24632076016
55346,Apartamento de 103m² com 03 quartos para venda   Jardim Paulistano,Jardim Paulistano,Zona Leste,3,2,1,103.0,310000.0,3009.70873786408,4354.41245373771,4646.24632076016
70274,Apartamento de 62 m² com 2 quartos   Vila Ana Maria,Vila Ana Maria,Zona Sul,2,2,1,62.0,318000.0,5129.03225806452,6534.36599324832,7019.92781217448
231866,Apartamento de 61m² com 02 quartos à venda   Vila Monte Alegre,Vila Monte Alegre,Zona Oeste,2,2,1,61.0,325000.0,5327.86885245902,5171.67916226382,4568.83198282477
225446,Apartamento de 44m² com 01 suíte para locação   Nova Aliança,Nova Alianca,Zona Sul,1,1,1,44.0,325000.0,7386.36363636364,7235.27815404702,7019.92781217448
225146,"Apartamento de 100,93m² com 03 quartos à venda   Jardim Paulista",Jardim Paulista,Zona Leste,3,2,1,93.0,325000.0,3494.62365591398,4839.65243893052,4646.24632076016
213383,Apartamento de 51m² com 02 quartos à venda   Bonfim Paulista,Quintas de Sao Jose,Zona Norte,2,2,1,51.0,325000.0,6372.54901960784,6785.09085009028,4316.94719953754
211628,Apartamento padrão de 58m² com 02 quartos para venda Nova  Parque dos Servidores,Residencial Parque dos Servidores,Zona Leste,2,2,1,58.0,325000.0,5603.44827586207,4474.21131539829,4646.24632076016
184454,Apartamento de 85m² com 03 quartos sendo 01 suíte à venda   Jardim Zara,Jardim Zara,Zona Leste,3,2,1,85.0,325000.0,3823.52941176471,3994.52759311292,4646.24632076016
106424,APARTAMENTO NO MONTE ALEGRE,Vila Monte Alegre,Zona Oeste,3,2,1,99.0,325000.0,3282.82828282828,5171.67916226382,4568.83198282477
28643,Apartamento de 03 quartos para locação   Jardim Irajá,Jardim Iraja,Zona Sul,3,2,1,91.0,325000.0,3571.42857142857,5843.60369977321,7019.92781217448
178961,Lançamento em Bonfim Paulista! Montverde Residencial,Bonfim Paulista,Zona Sul,2,1,1,62.0,325000.0,5241.93548387097,8197.59279884853,7019.92781217448
235016,Lançamento: Village Gaia   Apartamento de 52m² com 02 quartos sendo 01 súite à venda   Quinta da Primavera,Quinta da Primavera,Zona Sul,2,2,1,52.0,326000.0,6269.23076923077,8334.13944069942,7019.92781217448
244892,Apartamento de 42m² com 01 quarto para venda   Nova Ribeirânia,Nova Ribeirania,Zona Leste,1,1,1,42.0,328108.5,7812.10714285714,6636.64015183677,4646.24632076016
211775,Apartamento térreo de 96m² com 03 quartos à venda   Jardim Paulista,Jardim Paulista,Zona Leste,3,3,1,96.0,300000.0,3125.0,4839.65243893052,4646.24632076016
238316,Apartamento de 161m² com 03 quartos para venda   Centro,Centro,Centro,3,2,1,161.0,329000.0,2043.47826086957,3969.0889863009,4114.37759196461
178790,Lançamento em Bonfim Paulista! Montverde Residencial,Bonfim Paulista,Zona Sul,2,2,2,60.0,329000.0,5483.33333333333,8197.59279884853,7019.92781217448
178784,Lançamento em Bonfim Paulista! Montverde Residencial,Bonfim Paulista,Zona Sul,2,2,2,60.0,329000.0,5483.33333333333,8197.59279884853,7019.92781217448
167573,APARTAMENTO TÉRREO NO PARQUE ANHANGUERA,Parque Anhanguera,Zona Leste,3,2,1,90.0,329000.0,3655.55555555556,4177.86557112983,4646.24632076016
161834,Apartamento de 01 quarto para locação e venda   Jd. Palma Travassos,Jardim Palma Travassos,Zona Leste,1,1,1,38.0,329000.0,8657.89473684211,4725.02380139251,4646.24632076016
195074,Apartamento de 109m² com 03 quartos à venda   Jardim Palma Travassos,Jardim Palma Travassos,Zona Leste,3,2,1,109.0,290000.0,2660.5504587156,4725.02380139251,4646.24632076016
232370,Apartamento de 91m² com 03 quartos sendo 01 suíte á venda   Jardim Irajá,Jardim Iraja,Zona Sul,3,2,1,91.0,299000.0,3285.71428571429,5843.60369977321,7019.92781217448
171956,Apartamento com 146m² e 3 quartos à venda   Alto do Ipiranga,Alto do Ipiranga,Zona Oeste,3,2,1,146.0,309000.0,2116.43835616438,4537.91893063963,4568.83198282477
196901,Apartamento de 45m² com 02 quartos para locação e venda   Nova Aliança,Nova Alianca,Zona Sul,2,1,1,45.0,310000.0,6888.88888888889,7235.27815404702,7019.92781217448
211187,Apartamento de 87m² 02 quartos à venda   Jardim Zara,Jardim Zara,Zona Leste,2,2,1,87.0,320000.0,3678.16091954023,3994.52759311292,4646.24632076016
129281,Apartamento   Padrão,Jardim Iraja,Zona Sul,3,2,1,82.0,320000.0,3902.43902439024,5843.60369977321,7019.92781217448
4328,Apartamento de 121m² com 03 quartos à venda   Campos Elíseos,Campos Eliseos,Zona Norte,3,2,1,121.0,320000.0,2644.62809917355,4308.89631323999,4316.94719953754
217769,Apartamento de 61m² com 02 quartos à venda   Sumarezinho,Sumarezinho,Zona Oeste,2,2,1,61.0,329900.0,5408.19672131148,4702.46841942496,4568.83198282477
244388,Apartamento térreo de 48m² com 02 quartos para locação   Parque das Oliveiras II,Parque das Oliveiras II,Zona Norte,2,1,1,48.0,330000.0,6875.0,6122.9035639413,4316.94719953754
239258,Apartamento de 97m² com 03 quartos à venda   Parque dos Bandeirantes,Parque dos Bandeirantes,Zona Leste,3,2,2,97.0,330000.0,3402.0618556701,4072.45658506483,4646.24632076016
239252,Apartamento de 93m² com 03 quartos à venda   Parque dos Bandeirantes,Parque dos Bandeirantes,Zona Leste,3,2,2,93.0,330000.0,3548.38709677419,4072.45658506483,4646.24632076016
232997,Apartamento de 75m² com 03 quartos para venda   Presidente Médici,Presidente Medici,Zona Leste,3,2,1,75.0,330000.0,4400.0,4508.64185474962,4646.24632076016
229244,Apartamento de 115m² com 02 quartos à venda   Centro,Centro,Centro,2,2,1,115.0,330000.0,2869.5652173913,3969.0889863009,4114.37759196461
227135,Apartamento de 50m² com 02 quartos para locação e venda   Jardim Anhanguera,Jardim Anhanguera,Zona Leste,2,1,1,50.0,330000.0,6600.0,4372.03682882804,4646.24632076016
223934,Apartamento de 48m² com 01 suíte à venda   Nova Aliança,Nova Alianca,Zona Sul,1,2,1,48.0,330000.0,6875.0,7235.27815404702,7019.92781217448
223835,Apartamento de 65m² com 02 quartos sendo 01 suíte à venda   Jardim Botânico,Jardim Botanico,Zona Sul,2,2,1,65.0,330000.0,5076.92307692308,7403.36272123417,7019.92781217448
221213,Apartamento de 85m² com 03 quartos sendo 01 suíte à venda   Centro,Centro,Centro,3,3,1,85.0,330000.0,3882.35294117647,3969.0889863009,4114.37759196461
221210,Apartamento de 74m² com 03 quartos à venda   Campos Elíseos,Campos Eliseos,Zona Norte,3,1,1,74.0,330000.0,4459.45945945946,4308.89631323999,4316.94719953754
218996,Apartamento de 57m² com 02 quartos para venda   Ipiranga,Ipiranga,Zona Oeste,2,2,1,57.0,330000.0,5789.47368421053,4227.19529650629,4568.83198282477
216197,Apartamento de 49m² com 02 quartos à venda   Jardim Novo Mundo,Jardim Novo Mundo,Zona Leste,2,1,1,49.0,330000.0,6734.69387755102,5425.53576663943,4646.24632076016
214781,Apartamento de 56m² com 02 quartos à venda   Sumarezinho,Sumarezinho,Zona Oeste,2,2,1,56.0,330000.0,5892.85714285714,4702.46841942496,4568.83198282477
212621,Apartamento de 58m² com 02 quartos   Vila Tibério,Vila Tiberio,Zona Oeste,2,1,1,58.0,330000.0,5689.65517241379,5772.27801236641,4568.83198282477
212381,Apartamento de 75m² com 03 quartos à venda,Planalto Verde,Zona Oeste,3,2,1,75.0,330000.0,4400.0,4021.97926976394,4568.83198282477
210071,Apartamento de 61m² com 02 quartos à venda   Vila Monte Alegre,Vila Monte Alegre,Zona Oeste,2,2,1,61.0,330000.0,5409.83606557377,5171.67916226382,4568.83198282477
209798,Apartamento de 72m² com 03 quartos à venda   Vila Mariana,Independencia,Zona Norte,3,2,2,72.0,330000.0,4583.33333333333,3844.6605743041,4316.94719953754
208250,Apartamento de 44m² com 02 quartos para locação   Recreio Das Acácias,Recreio das Acacias,Zona Leste,2,1,1,44.0,330000.0,7500.0,5924.20433221203,4646.24632076016
203723,Apartamento de 53m² com 02 quartos   Alto da Boa Vista,Alto da Boa Vista,Zona Sul,2,1,2,53.0,330000.0,6226.41509433962,5935.13838933655,7019.92781217448
199181,Apartamento de 02 quartos para locação   Jardim Florida,Residencial Florida,Zona Sul,2,2,1,79.0,330000.0,4177.21518987342,4586.9287610429,7019.92781217448
195431,Apartamento de 68m² com 02 quartos à venda   Centro,Centro,Centro,2,1,1,68.0,330000.0,4852.94117647059,3969.0889863009,4114.37759196461
193352,APARTAMENTO NO ALTO DO IPIRANGA,Alto do Ipiranga,Zona Oeste,3,2,1,62.0,330000.0,5322.58064516129,4537.91893063963,4568.83198282477
191183,****APARTAMENTO NO JARDIM PAULISTA****,Jardim Paulista,Zona Leste,3,2,1,116.0,330000.0,2844.8275862069,4839.65243893052,4646.24632076016
187208,Apartamento de 73m² com 02 quartos e suíte para Venda   Jardim Paulista,Jardim Paulista,Zona Leste,2,2,1,73.0,330000.0,4520.54794520548,4839.65243893052,4646.24632076016
183350,EXCELENTE APARTAMENTO NO SUMAREZINHO,Sumarezinho,Zona Oeste,3,4,2,184.0,330000.0,1793.47826086957,4702.46841942496,4568.83198282477
174737,APARTAMENTO NO CENTRO,Centro,Centro,3,3,1,139.0,330000.0,2374.10071942446,3969.0889863009,4114.37759196461
173756,Apartamento de 49m² com 01 suíte à venda   Nova Aliança,Nova Alianca,Zona Sul,1,2,1,49.0,330000.0,6734.69387755102,7235.27815404702,7019.92781217448
171659,Apartamento de 103m² com 03 quartos à venda   Centro,Centro,Centro,3,2,1,103.0,330000.0,3203.88349514563,3969.0889863009,4114.37759196461
167075,APARTAMENTO NO JD. INDEPENDÊNCIA,Independencia,Zona Norte,3,2,1,80.0,330000.0,4125.0,3844.6605743041,4316.94719953754
154826,Apartamento de 72m² com 02 quartos para locação e venda   Vila Ana Maria,Vila Ana Maria,Zona Sul,2,2,1,72.0,330000.0,4583.33333333333,6534.36599324832,7019.92781217448
149225,Apartamento de 116m² com 03 quartos à venda   Jardim Macedo,Jardim Macedo,Zona Leste,3,3,1,116.0,330000.0,2844.8275862069,4049.64935899923,4646.24632076016
137477,APARTAMENTO COM LOCALIZAÇÃO PRIVILEGIADA NO JARDIM BOTÂNICO,Jardim Botanico,Zona Sul,2,2,2,69.0,330000.0,4782.60869565217,7403.36272123417,7019.92781217448
137051,Apartamento de 48m² com 02 quartos para locação   Nova Aliança,Nova Alianca,Zona Sul,1,2,1,48.0,330000.0,6875.0,7235.27815404702,7019.92781217448
132092,Apartamento de 48m² com 02 quartos para venda   Jardim Manoel Penna,Jardim Manoel Penna,Zona Leste,2,1,1,48.0,330000.0,6875.0,4812.40737129408,4646.24632076016
93683,Apartamento de 51m² com 2 quartos à venda   Residencial Greenville,Residencial Greenville,Zona Norte,2,1,1,51.0,330000.0,6470.58823529412,4670.88804474239,4316.94719953754
88958,Apartamento de 64m² com 02 quartos à venda   Jardim Paulistano,Jardim Paulistano,Zona Leste,2,2,1,64.0,330000.0,5156.25,4354.41245373771,4646.24632076016
87911,APARTAMENTO NA VILA MARIANA,Vila Mariana,Zona Norte,3,2,2,80.0,330000.0,4125.0,4791.66666666667,4316.94719953754
82028,Excelente Oportunidade próximo a USP.,Vila Amelia,Zona Oeste,2,1,1,56.0,330000.0,5892.85714285714,4740.17583820671,4568.83198282477
77660,Apartamento de 68m² com 02 quartos para venda   Centro,Centro,Centro,2,3,1,68.0,330000.0,4852.94117647059,3969.0889863009,4114.37759196461
76730,Apartamento de 02 quartos para locação   Ana Maria,Vila Ana Maria,Zona Sul,2,2,2,54.0,330000.0,6111.11111111111,6534.36599324832,7019.92781217448
40640,Apartamento   Padrão,Campos Eliseos,Zona Norte,3,3,1,97.0,330000.0,3402.0618556701,4308.89631323999,4316.94719953754
214766,Lançamento Portugal 2207   Apartamento de 44m² com 01 quarto à venda   Santa Cruz do José Jacques,Santa Cruz do Jose Jacques,Zona Sul,1,1,1,44.0,330550.2,7512.50454545455,6190.18466407645,7019.92781217448
213233,Apartamento de 56m² com 02 quartos à venda   Campos Elíseos,Campos Eliseos,Zona Norte,2,2,1,56.0,332000.0,5928.57142857143,4308.89631323999,4316.94719953754
156302,LANÇAMENTO SERÁ ENTREGUE EM 2024,Loteamento Santa Marta,Zona Norte,2,2,1,57.0,332000.0,5824.56140350877,5386.60691471388,4316.94719953754
218867,Apartamento de 53m² com 02 quartos à venda   Jardim Paulista,Jardim Paulista,Zona Leste,2,2,1,53.0,333000.0,6283.01886792453,4839.65243893052,4646.24632076016
212276,Apartamento de 52m² com 02 quartos à venda   Jardim Paulistano,Jardim Anhanguera,Zona Leste,2,1,1,52.0,280000.0,5384.61538461539,4372.03682882804,4646.24632076016
240278,Apartamento de 49m² com 02 quartos à venda   Residencial Monterrey,Residencial Monterrey,Zona Norte,2,1,1,49.0,334000.0,6816.32653061225,7856.18677910372,4316.94719953754
238253,Apartamento térreo de 60m² com 02 quartos à venda   Quinta da Primavera,Quinta da Primavera,Zona Sul,2,1,1,60.0,334000.0,5566.66666666667,8334.13944069942,7019.92781217448
213869,Lançamento   Apartamento de 55m² com 02 quartos à venda   Campos Elíseos,Campos Eliseos,Zona Norte,2,2,1,55.0,334000.0,6072.72727272727,4308.89631323999,4316.94719953754
207014,Apartamento mobiliado de 48m² com 02 quartos para locação e venda   Jardim Paulistano,Jardim Paulistano,Zona Leste,2,1,1,48.0,320000.0,6666.66666666667,4354.41245373771,4646.24632076016
137936,Apartamento de 107m com 3 quartos   Iguatemi,Iguatemi,Zona Norte,3,3,2,107.0,320000.0,2990.65420560748,4838.13811749042,4316.94719953754
240704,Apartamento de 82m² com 03 quartos   Jardim Palma Travassos,Jardim Castelo Branco,Zona Leste,3,2,1,82.0,335000.0,4085.36585365854,4046.86527169807,4646.24632076016
236426,Apartamento térreo de 78m² com 03 quartos à venda   Parque dos Lagos,Parque dos Lagos,Zona Leste,3,2,1,78.0,335000.0,4294.8717948718,4175.19186695209,4646.24632076016
232118,Apartamento de 89m² com 03 quartos á venda   Jardim Novo Mundo,Jardim Novo Mundo,Zona Leste,3,2,2,89.0,335000.0,3764.04494382023,5425.53576663943,4646.24632076016
158054,Apartamento de 44m² com 02 quartos para locação e venda   Quintas de São José,Quintas de Sao Jose,Zona Norte,2,1,1,44.0,335000.0,7613.63636363636,6785.09085009028,4316.94719953754
150452,APARTAMENTO EM BOMFIM PAULISTA,Jardim Zaneti,Zona Leste,3,2,1,78.0,335000.0,4294.8717948718,5101.59206004099,4646.24632076016
25025,Apartamento de 71m² com 02 quartos à venda   Vila Ana Maria,Vila Ana Maria,Zona Sul,2,2,2,71.0,335000.0,4718.30985915493,6534.36599324832,7019.92781217448
244886,Apartamento/Padrão 43m² a venda no bairro Nova Ribeirânia,Nova Ribeirania,Zona Leste,1,1,1,43.0,335529.0,7803.0,6636.64015183677,4646.24632076016
204725,Apartamento com 71m² com 02 quartos e quintal à venda   Alto da Boa Vista,Alto da Boa Vista,Zona Sul,2,2,1,71.0,337758.0,4757.15492957747,5935.13838933655,7019.92781217448
12650,APARTAMENTO NO CAMPOS ELÍSEOS,Campos Eliseos,Zona Norte,3,2,1,105.0,338000.0,3219.04761904762,4308.89631323999,4316.94719953754
170933,Lindo Apartamento a 7min do Shopping Santa Úrsula,Vila Virginia,Zona Oeste,2,1,1,63.0,338473.84,5372.60063492064,4199.44386633332,4568.83198282477
235025,Apartamento de 45m² com 02 quartos para venda   Bonfim Paulista,Quinta da Primavera,Zona Sul,2,1,1,45.0,329000.0,7311.11111111111,8334.13944069942,7019.92781217448
235697,Apartamento de 43m² com 01 suíte para venda   Quinta da Primavera,Quinta da Primavera,Zona Sul,1,1,1,43.0,339000.0,7883.72093023256,8334.13944069942,7019.92781217448
198611,Apartamento de 45m² com 01 quarto à venda   Jardim Recreio,Jardim Recreio,Zona Oeste,1,1,1,45.0,339200.0,7537.77777777778,8593.41750841751,4568.83198282477
237473,Apartamento de 66m² com 03 quartos sendo 01 suíte à venda   Parque dos Lagos,Parque dos Lagos,Zona Leste,3,2,1,66.0,339990.0,5151.36363636364,4175.19186695209,4646.24632076016
143009,APARTAMENTO PRÓXIMO À AVENIDA INDEPENDÊNCIA,Centro,Centro,2,2,1,117.0,265000.0,2264.95726495727,3969.0889863009,4114.37759196461
117773,Apartamento de 104m² com 03 quartos à venda   Jardim Paulista,Jardim Paulista,Zona Leste,3,3,1,104.0,290000.0,2788.46153846154,4839.65243893052,4646.24632076016
199448,Apartamento de 48m² com 02 quartos à venda   Quintas de São José,Quintas de Sao Jose,Zona Norte,2,2,1,48.0,293000.0,6104.16666666667,6785.09085009028,4316.94719953754
189284,Apartamento de 43m² com 01 quarto à venda   Vila Monte Alegre,Vila Monte Alegre,Zona Oeste,1,1,1,43.0,320000.0,7441.86046511628,5171.67916226382,4568.83198282477
226661,Apartamento de 54m² 02 quartos à venda   Vila Monte Alegre,Vila Monte Alegre,Zona Oeste,2,2,1,54.0,330000.0,6111.11111111111,5171.67916226382,4568.83198282477
190340,APARTAMENTO NO JARDIM PAULISTANO,Jardim Paulistano,Zona Leste,2,1,1,48.0,330000.0,6875.0,4354.41245373771,4646.24632076016
199442,APARTAMENTO NO QUINTA SÃO JOSÉ,Quintas de Sao Jose,Zona Norte,2,2,1,52.0,337000.0,6480.76923076923,6785.09085009028,4316.94719953754
245048,Apartamento de 53m² com 02 quartos á venda   Alto da Boa Vista,Alto da Boa Vista,Zona Sul,2,2,1,53.0,340000.0,6415.09433962264,5935.13838933655,7019.92781217448
242891,Apartamento de 87m² com 03 quartos à venda   Jardim Paulistano,Jardim Paulistano,Zona Leste,3,2,2,87.0,340000.0,3908.04597701149,4354.41245373771,4646.24632076016
241514,Apartamento de 53m² com 02 quartos sendo 01 suíte à venda   Parque das Oliveiras II,Parque das Oliveiras,Zona Norte,2,2,1,53.0,340000.0,6415.09433962264,6187.10691823899,4316.94719953754
236849,Apartamento de 66m² com 02 suítes à venda   Jardim Botânico,Jardim Botanico,Zona Sul,2,3,2,66.0,340000.0,5151.51515151515,7403.36272123417,7019.92781217448
236510,Apartamento de 60m² com 02 quartos à venda   Sumarezinho,Sumarezinho,Zona Oeste,2,2,1,60.0,340000.0,5666.66666666667,4702.46841942496,4568.83198282477
233903,Apartamento de 82m² com 03 quartos   Jardim Palma Travassos,Jardim Castelo Branco,Zona Leste,3,2,1,82.0,340000.0,4146.34146341463,4046.86527169807,4646.24632076016
230762,Apartamento/Padrão   Residencial   No bairro Campos Elíseos   Edifício Palazzo Itália,Campos Eliseos,Zona Norte,3,3,1,121.0,340000.0,2809.9173553719,4308.89631323999,4316.94719953754
230003,Apartamento loft Porteira fechada de 34m² com 01 quarto à venda   Santa Cruz do José Jacques,Santa Cruz do Jose Jacques,Zona Sul,1,1,1,34.0,340000.0,10000.0,6190.18466407645,7019.92781217448
227462,Apartamento de 52m² com 02 quartos à venda   Quintas de São José,Quintas de Sao Jose,Zona Norte,2,2,1,52.0,340000.0,6538.46153846154,6785.09085009028,4316.94719953754
225269,Apartamento de 75m² com 02 quartos à venda   Centro,Alto da Boa Vista,Zona Sul,2,2,1,75.0,340000.0,4533.33333333333,5935.13838933655,7019.92781217448
218807,Apartamento de 50m² com 02 quartos à venda   Jardim Novo Mundo,Jardim Novo Mundo,Zona Leste,2,1,1,50.0,340000.0,6800.0,5425.53576663943,4646.24632076016
216035,Apartamento de 44m² com 02 quartos para venda   Reserva Flor de Lotus,Recreio das Acacias,Zona Leste,2,1,1,44.0,340000.0,7727.27272727273,5924.20433221203,4646.24632076016
206009,Apartamento de 62m² com 02 quartos para locação   Vila Maria Luiza,Vila Maria Luiza,Zona Norte,2,2,1,62.0,340000.0,5483.87096774194,4653.00485819842,4316.94719953754
205577,Apartamento de 63m² com 02 quartos para venda   Ipiranga,Ipiranga,Zona Oeste,2,2,1,63.0,340000.0,5396.8253968254,4227.19529650629,4568.83198282477
203729,APARTAMENTO NO BAIRRO BOSQUE DAS JURITIS,Bosque das Juritis,Zona Sul,1,1,1,40.0,340000.0,8500.0,8028.33244392152,7019.92781217448
202772,APARTAMENTO PRÓXIMO À AVENIDA MEIRA JUNIOR,Jardim Paulista,Zona Leste,3,3,1,108.0,340000.0,3148.14814814815,4839.65243893052,4646.24632076016
200867,APARTAMENTO MOBILIADO NO JARDIM PALMA TRAVASSOS,Jardim Palma Travassos,Zona Leste,3,2,1,60.0,340000.0,5666.66666666667,4725.02380139251,4646.24632076016
199439,APARTAMENTO NO QUINTA SÃO JOSÉ,Quintas de Sao Jose,Zona Norte,2,2,1,52.0,340000.0,6538.46153846154,6785.09085009028,4316.94719953754
197372,EXCELENTE APARTAMENTO PARA LOCAÇÃO NO CENTRO DE RIBEIRÃO PRETO,Alto da Boa Vista,Zona Sul,2,2,1,75.0,340000.0,4533.33333333333,5935.13838933655,7019.92781217448
195428,Apartamento de 68m² com 02 quartos à venda   Centro,Centro,Centro,2,1,1,68.0,340000.0,5000.0,3969.0889863009,4114.37759196461
188408,Apartamento de 01 suíte para locação   Nova Aliança,Nova Alianca,Zona Sul,1,1,1,43.0,340000.0,7906.97674418605,7235.27815404702,7019.92781217448
187997,Apartamento de 38m² com 01 quarto para locação e venda   Jardim Palma Travassos,Jardim Palma Travassos,Zona Leste,1,1,1,38.0,340000.0,8947.36842105263,4725.02380139251,4646.24632076016
187883,Apartamento 93m² com 03 quartos à venda   Jardim Irajá,Jardim Iraja,Zona Sul,3,2,1,93.0,340000.0,3655.91397849462,5843.60369977321,7019.92781217448
186635,Apartamento de 02 quartos para locação   Jardim Paulista,Jardim Paulista,Zona Leste,2,2,2,71.0,340000.0,4788.7323943662,4839.65243893052,4646.24632076016
180584,Apartamento de 62m² com 02 quartos à venda   Vila Ana Maria,Vila Ana Maria,Zona Sul,2,2,2,62.0,340000.0,5483.87096774194,6534.36599324832,7019.92781217448
167096,Apartamento térreo de 86m² com 03 quartos à venda   Parque dos Bandeirantes,Parque dos Bandeirantes,Zona Leste,3,2,1,86.0,340000.0,3953.48837209302,4072.45658506483,4646.24632076016
157772,Apartamento de 92m² com 03 quartos à venda   Parque dos Bandeirantes,Parque dos Bandeirantes,Zona Leste,3,2,1,92.0,340000.0,3695.65217391304,4072.45658506483,4646.24632076016
154346,APARTAMENTO PRÓXIMO À RODOVIA ANHANGUERA,Residencial e Comercial Palmares,Zona Leste,2,2,2,78.0,340000.0,4358.97435897436,3830.73455662616,4646.24632076016
151742,Apartamento de 38m² com 01 quarto á venda   Presidente Médici,Presidente Medici,Zona Leste,1,1,1,38.0,340000.0,8947.36842105263,4508.64185474962,4646.24632076016
142490,Apartamento de 141m² com 03 quartos à venda   Centro,Centro,Centro,3,3,1,141.0,340000.0,2411.3475177305,3969.0889863009,4114.37759196461
139826,APARTAMENTO NO JARDIM BOTÂNICO,Jardim Botanico,Zona Sul,3,2,1,90.0,340000.0,3777.77777777778,7403.36272123417,7019.92781217448
136463,APARTAMENTO NO CAMPOS ELÍSEOS,Campos Eliseos,Zona Norte,3,3,1,97.0,340000.0,3505.15463917526,4308.89631323999,4316.94719953754
133325,Apartamento mobiliado de 36m² com 01 quarto para locação   Residencial Flórida,Residencial Florida,Zona Sul,1,1,1,36.0,340000.0,9444.44444444445,4586.9287610429,7019.92781217448
120611,Apartamento   Padrão,Centro,Centro,3,3,1,95.0,340000.0,3578.94736842105,3969.0889863009,4114.37759196461
118310,APARTAMENTO 2 DORMÍTÓRIOS EM ÓTIMA LOCALIZAÇÃO,Jardim Zara,Zona Leste,2,2,1,62.0,340000.0,5483.87096774194,3994.52759311292,4646.24632076016
117425,Apartamento de 43m² com 01 quarto à venda   Nova Aliança,Nova Alianca,Zona Sul,1,1,1,43.0,340000.0,7906.97674418605,7235.27815404702,7019.92781217448
106040,Apartamento de 83m² com 03 quartos   Jardim Irajá,Jardim Iraja,Zona Sul,3,2,1,83.0,340000.0,4096.38554216868,5843.60369977321,7019.92781217448
103745,"Apartamento de 96m² com 3 quartos, 1 suíte   Jardim Paulistano",Jardim Paulistano,Zona Leste,3,2,2,96.0,340000.0,3541.66666666667,4354.41245373771,4646.24632076016
100778,Apartamento de 75m² com 03 quartos a venda   Parque dos bandeirantes,Parque dos Bandeirantes,Zona Leste,3,2,2,75.0,340000.0,4533.33333333333,4072.45658506483,4646.24632076016
98024,Apartamento de 69m² com 02 quartos à venda   Jardim Palma Travassos,Jardim Palma Travassos,Zona Leste,2,2,1,69.0,340000.0,4927.53623188406,4725.02380139251,4646.24632076016
94943,Apartamento de 45m² com 01 quarto   Jardim Florida,Jardim Florida,Zona Sul,1,1,1,45.0,340000.0,7555.55555555556,7585.50724637681,7019.92781217448
81533,APARTAMENTO NA VILA ANA MARIA,Vila Ana Maria,Zona Sul,2,2,2,64.0,340000.0,5312.5,6534.36599324832,7019.92781217448
24725,APARTAMENTO NO JARDIM IRAJÁ,Jardim Iraja,Zona Sul,3,2,1,90.0,340000.0,3777.77777777778,5843.60369977321,7019.92781217448
244883,Apartamento Novo de 43m² com 01 quarto à venda   Ribeirânia,Nova Ribeirania,Zona Leste,1,1,1,43.0,343120.0,7979.53488372093,6636.64015183677,4646.24632076016
146648,LANÇAMENTO APARTAMENTO NO SUMAREZINHO!!!,Sumarezinho,Zona Oeste,3,2,1,65.0,343500.0,5284.61538461539,4702.46841942496,4568.83198282477
195548,APARTAMENTO TÉRREO NA ZONA SUL,Real Sul,Zona Sul,2,1,1,87.0,344590.0,3960.80459770115,5616.30356336225,7019.92781217448
46838,Apartamento de 120m² com 03 quartos à venda   Campos Elíseos,Campos Eliseos,Zona Norte,3,3,1,120.0,290000.0,2416.66666666667,4308.89631323999,4316.94719953754
181214,Apartamento de 102m² com 03 quartos para venda   Jardim Macedo,Jardim Macedo,Zona Leste,3,2,1,102.0,320000.0,3137.25490196079,4049.64935899923,4646.24632076016
239387,Lançamento: Cerqueira 2164   Apartamento de 42m² com 01 quarto à venda   Jardim Sumaré,Jardim Sumare,Zona Sul,1,1,1,42.0,345000.0,8214.28571428571,6366.17718327786,7019.92781217448
215414,Apartamento de 38m² com 01 quarto à venda   Jardim Palma Travassos,Jardim Palma Travassos,Zona Leste,1,1,1,38.0,345000.0,9078.94736842105,4725.02380139251,4646.24632076016
201701,Apartamento de 78m² com 03 quartos sendo 01 suíte   Jardim Independência,Independencia,Zona Norte,3,2,1,78.0,345000.0,4423.07692307692,3844.6605743041,4316.94719953754
172451,EXCELENTE IMÓVEL NO VILA ANA MARIA,Vila Ana Maria,Zona Sul,2,2,2,82.0,345000.0,4207.31707317073,6534.36599324832,7019.92781217448
165245,Apartamento de 92m² com 03 quartos sendo 01 suíte   Jardim Castelo Branco,Jardim Castelo Branco,Zona Leste,3,2,1,92.0,345000.0,3750.0,4046.86527169807,4646.24632076016
162014,More na Nova Fiusa   TRIADE FIUSA HOME RESORT,Jardim Olhos DAgua,Zona Sul,2,1,1,48.0,345614.0,7200.29166666667,9706.16858313729,7019.92781217448
229022,Apartamento de 67m² com 02 quartos à venda   VIDA PLENA LAGOINHA,Parque Industrial Lagoinha,Zona Leste,2,2,1,67.0,349000.0,5208.9552238806,4502.88532269356,4646.24632076016
188615,Apartamento de 02 quartos para locação   Ipiranga,Ipiranga,Zona Oeste,2,1,1,42.0,195000.0,4642.85714285714,4227.19529650629,4568.83198282477
69398,Apartamento 40m² com 01 quarto à venda   Vila Seixas,Vila Seixas,Centro,1,1,1,40.0,260000.0,6500.0,4862.36131633665,4114.37759196461
151310,Apartamento de 65m² com 02 quartos sendo 01 suíte para a locação   Jardim Botânico,Jardim Botanico,Zona Sul,2,2,1,65.0,300000.0,4615.38461538462,7403.36272123417,7019.92781217448
81269,Apartamento de 60m² com 02 quartos   Jardim Greenville,Residencial Greenville,Zona Norte,2,2,1,60.0,300000.0,5000.0,4670.88804474239,4316.94719953754
230450,Apartamento de 38m² com 02 quartos à venda   Jardim Palma Travassos,Jardim Palma Travassos,Zona Leste,1,1,1,38.0,315000.0,8289.47368421053,4725.02380139251,4646.24632076016
182840,LINDO APARTAMENTO NO CENTRO,Centro,Centro,2,2,1,102.0,318000.0,3117.64705882353,3969.0889863009,4114.37759196461
217271,Apartamento de 72m² com 02 quartos à venda   Vila Seixas,Vila Seixas,Centro,2,3,2,72.0,320000.0,4444.44444444444,4862.36131633665,4114.37759196461
64895,Apartamento de 85m² com 02 quartos sendo 01 suíte para venda   Centro,Centro,Centro,2,2,1,85.0,320000.0,3764.70588235294,3969.0889863009,4114.37759196461
161135,Apartamento de 129m² com 03 quartos à venda   Jardim Macedo,Jardim Macedo,Zona Leste,3,3,2,129.0,325000.0,2519.37984496124,4049.64935899923,4646.24632076016
164138,Apartamento de 53m² com 02 quartos à venda   Condomínio Mirante Sul,Condominio Mirante Sul,Zona Sul,2,2,1,53.0,330000.0,6226.41509433962,5048.35903353727,7019.92781217448
88415,Apartamento de 97m² com 03 quartos para locação   Centro,Centro,Centro,3,2,1,97.0,330000.0,3402.0618556701,3969.0889863009,4114.37759196461
151250,APARTAMENTO NO IRAJA,Jardim Iraja,Zona Sul,3,3,1,86.0,335000.0,3895.3488372093,5843.60369977321,7019.92781217448
113564,Apartamento de 73m² com 02 quartos à venda   Jardim Paulista,Jardim Paulista,Zona Leste,2,2,1,73.0,335000.0,4589.04109589041,4839.65243893052,4646.24632076016
47612,Apartamento de 79m² com 03 quartos   Parque Industrial Lagoinha,Parque Industrial Lagoinha,Zona Leste,3,2,2,79.0,335000.0,4240.50632911392,4502.88532269356,4646.24632076016
171959,Apartamento com 146m² e 3 quartos à venda   Alto do Ipiranga,Alto do Ipiranga,Zona Oeste,3,2,1,146.0,339000.0,2321.91780821918,4537.91893063963,4568.83198282477
242693,Apartamento de 73m² com 02 quartos 02 banheiros para venda   Nova Ribeiraria,Nova Ribeirania,Zona Leste,2,2,1,73.0,339900.0,4656.16438356164,6636.64015183677,4646.24632076016
181646,Apartamento de 90m² com 03 quartos à venda   Jardim Antártica,Jardim Antartica,Zona Oeste,3,1,2,90.0,340000.0,3777.77777777778,4464.91601599781,4568.83198282477
78125,Apartamento de 90 m² com 03 quartos   Centro,Centro,Centro,3,2,1,90.0,340000.0,3777.77777777778,3969.0889863009,4114.37759196461
216275,Apartamento térreo de 71m² com 03 quartos à venda   Jardim Irajá,Condominio Itamaraty,Zona Oeste,3,2,1,71.0,349900.0,4928.16901408451,5336.72097624817,4568.83198282477
243122,Apartamento de 45m² com 01 quarto à venda   Santa Cruz do José Jacques,Jardim Botanico,Zona Sul,1,1,1,45.0,350000.0,7777.77777777778,7403.36272123417,7019.92781217448
241241,Apartamento mobiliado de 54m² com 01 quarto para venda   Jardim São Luiz,Jardim Sao Luiz,Zona Sul,1,1,1,54.0,350000.0,6481.48148148148,5775.49648772587,7019.92781217448
240749,Apartamento de 46m² com 02 quartos à venda   Residencial Greenville,Residencial Greenville,Zona Norte,2,1,1,46.0,350000.0,7608.69565217391,4670.88804474239,4316.94719953754
240440,Apartamento de 49m² com 02 quartos para locação   Residencial Monterrey,Residencial Monterrey,Zona Norte,2,1,1,49.0,350000.0,7142.85714285714,7856.18677910372,4316.94719953754
240296,Apartamento de 199m² com 04 quartos à venda   Centro,Centro,Centro,4,3,1,199.0,350000.0,1758.79396984925,3969.0889863009,4114.37759196461
239321,Apartamento de 95m² 03 quartos sendo 01 suíte no Jardim Irajá,Jardim Iraja,Zona Sul,3,2,2,95.0,350000.0,3684.21052631579,5843.60369977321,7019.92781217448
234872,Apartamento mobiliado de 54m² para locação   Monte Alegre,Vila Monte Alegre,Zona Oeste,2,2,1,54.0,350000.0,6481.48148148148,5171.67916226382,4568.83198282477
233675,Apartamento de 59m² com 02 quartos sendo 01 suíte à venda   Residencial Flórida,Residencial Florida,Zona Sul,2,2,2,59.0,350000.0,5932.20338983051,4586.9287610429,7019.92781217448
233159,Apartamento de 65m² com 02 quartos à venda   Vila Maria Luiza,Vila Maria Luiza,Zona Norte,2,2,1,65.0,350000.0,5384.61538461539,4653.00485819842,4316.94719953754
232727,Apartamento de 61m² com 2 quartos á venda Nova Aliança,Nova Alianca,Zona Sul,2,2,1,61.0,350000.0,5737.70491803279,7235.27815404702,7019.92781217448
231290,"Apartamento de 69 m², com 02 quartos para venda   Bairro Jardim Paulista.",Jardim Paulista,Zona Leste,2,2,1,69.0,350000.0,5072.46376811594,4839.65243893052,4646.24632076016
226316,Apartamento de 56m² com 02 quartos à venda   Jardim Manoel Penna,Jardim Manoel Penna,Zona Leste,2,2,1,56.0,350000.0,6250.0,4812.40737129408,4646.24632076016
224141,Apartamento de 55m² com 02 quartos sendo 01 suíte à venda   Jardim Olhos D`Água,Jardim Olhos DAgua,Zona Sul,2,2,1,55.0,350000.0,6363.63636363636,9706.16858313729,7019.92781217448
222953,Apartamento de 58m² com 02 quartos sendo 01 suíte à venda   Residencial Parque dos Servidores,Residencial Parque dos Servidores,Zona Leste,2,2,1,58.0,350000.0,6034.48275862069,4474.21131539829,4646.24632076016
221561,Apartamento de 46m² com 02 quartos à venda   Jardim Manoel Penna,Jardim Manoel Penna,Zona Leste,2,1,1,46.0,350000.0,7608.69565217391,4812.40737129408,4646.24632076016
220979,Apartamento de 67m² com 02 quartos sendo 01 suíte à venda   Jardim Antártica,Jardim Antartica,Zona Oeste,2,2,1,67.0,350000.0,5223.88059701493,4464.91601599781,4568.83198282477
217790,Apartamento de 44m² com 01 suíte para locação   Jardim Recreio,Jardim Recreio,Zona Oeste,1,2,1,44.0,350000.0,7954.54545454546,8593.41750841751,4568.83198282477
217415,Apartamento de 44m² com 02 quartos à venda   Quinta da Primavera,Quinta da Primavera,Zona Sul,2,1,1,44.0,350000.0,7954.54545454546,8334.13944069942,7019.92781217448
209591,Apartamento de 73m² com 02 quartos à venda   Lagoinha,Parque Industrial Lagoinha,Zona Leste,2,2,1,73.0,350000.0,4794.52054794521,4502.88532269356,4646.24632076016
209207,Apartamento de 97m² com 03 quartos à venda   Bairro Vila Seixas,Centro,Centro,3,1,1,97.0,350000.0,3608.24742268041,3969.0889863009,4114.37759196461
208247,Apartamento de 52m² com 02 quartos à venda   Quintas de São José,Quintas de Sao Jose,Zona Norte,2,2,1,52.0,350000.0,6730.76923076923,6785.09085009028,4316.94719953754
206597,Apartamento de 89m² com 03 quartos à venda   Centro,Centro,Centro,3,2,1,89.0,350000.0,3932.58426966292,3969.0889863009,4114.37759196461
205367,Apartamento de 51m² com 02 quartos à venda   Quintas de São José,Quintas de Sao Jose,Zona Norte,2,2,1,51.0,350000.0,6862.74509803922,6785.09085009028,4316.94719953754
200306,Apartamento de 80m² com 03 quartos à venda   Residencial e Comercial Palmares,Residencial e Comercial Palmares,Zona Leste,3,2,2,80.0,350000.0,4375.0,3830.73455662616,4646.24632076016
199994,APARTAMENTO DUPLEX NO JARDIM PAULISTANO,Jardim Paulistano,Zona Leste,3,3,2,84.0,350000.0,4166.66666666667,4354.41245373771,4646.24632076016
198254,APARTAMENTO NO CENTRO,Centro,Centro,3,2,1,123.0,350000.0,2845.52845528455,3969.0889863009,4114.37759196461
197369,APARTAMENTO NA VILA AMÉLIA,Vila Amelia,Zona Oeste,2,1,1,53.0,350000.0,6603.77358490566,4740.17583820671,4568.83198282477
195752,EXCELENTE APARTAMENTO NA LAGOINHA,Lagoinha,Zona Leste,3,2,2,104.0,350000.0,3365.38461538462,4212.79264214047,4646.24632076016
193475,Apartamento de 46m² com 01 quarto para locação e venda   Nova Aliança,Nova Alianca,Zona Sul,1,1,1,46.0,350000.0,7608.69565217391,7235.27815404702,7019.92781217448
193091,****APARTAMENTO NO GREENVILLE****,Jardim Manoel Penna,Zona Leste,2,1,1,67.0,350000.0,5223.88059701493,4812.40737129408,4646.24632076016
192290,Apartamento de 96m² com 3 quartos   Jardim Paulistano,Jardim Paulistano,Zona Leste,3,2,1,96.0,350000.0,3645.83333333333,4354.41245373771,4646.24632076016
189656,Apartamento de 46m² com 02 quartos para locação   Recreio das Acácias,Recreio das Acacias,Zona Leste,2,1,1,46.0,350000.0,7608.69565217391,5924.20433221203,4646.24632076016
189569,Apartamento de 2 quartos   Recreio das Acácias,Recreio das Acacias,Zona Leste,2,1,1,46.0,350000.0,7608.69565217391,5924.20433221203,4646.24632076016
187832,Apartamento de 44m² com 01 quarto à venda   Nova Aliança,Nova Alianca,Zona Sul,1,1,1,44.0,350000.0,7954.54545454546,7235.27815404702,7019.92781217448
186701,APARTAMENTO 3 DORMITÓRIOS NA LAGOINHA,Parque Industrial Lagoinha,Zona Leste,3,2,1,68.0,350000.0,5147.05882352941,4502.88532269356,4646.24632076016
183296,Apartamento Térreo Jardim Anhanguera,Residencial e Comercial Palmares,Zona Leste,3,3,1,115.0,350000.0,3043.47826086957,3830.73455662616,4646.24632076016
183167,Apartamento de 43m² à venda   Vila Ana Maria,Vila Ana Maria,Zona Sul,1,1,1,43.0,350000.0,8139.53488372093,6534.36599324832,7019.92781217448
181181,Apartamento de 72m² com 03 quartos para locação   Iguatemi,Presidente Medici,Zona Leste,3,1,1,72.0,350000.0,4861.11111111111,4508.64185474962,4646.24632076016
175763,Apartamento de 72m² com 3 quartos na Lagoinha.,Parque Industrial Lagoinha,Zona Leste,3,2,1,72.0,350000.0,4861.11111111111,4502.88532269356,4646.24632076016
173375,Apartamento de 93m² com 03 quartos à venda   Parque dos Bandeirantes,Parque dos Bandeirantes,Zona Leste,3,2,2,93.0,350000.0,3763.44086021505,4072.45658506483,4646.24632076016
173228,Apartamento no Presidente Medici,Presidente Medici,Zona Leste,3,2,1,78.0,350000.0,4487.17948717949,4508.64185474962,4646.24632076016
170594,APARTAMENTO NO CENTRO,Centro,Centro,3,2,1,90.0,350000.0,3888.88888888889,3969.0889863009,4114.37759196461
169424,Apartamento de 98m² com 03 quartos para venda   Jardim Irajá,Jardim Iraja,Zona Sul,3,3,1,98.0,350000.0,3571.42857142857,5843.60369977321,7019.92781217448
167183,APARTAMENTO NO NOVA ALIANÇA,Nova Alianca,Zona Sul,1,1,1,45.0,350000.0,7777.77777777778,7235.27815404702,7019.92781217448
164081,APARTAMENTO PRÓXIMO À AVENIDA BARÃO DO BANANAL,Jardim Zara,Zona Leste,2,1,1,53.0,350000.0,6603.77358490566,3994.52759311292,4646.24632076016
160235,APARTAMENTO PRÓXIMO À RUA MARQUÊS DA CRUZ,Vila Monte Alegre,Zona Oeste,3,2,1,108.0,350000.0,3240.74074074074,5171.67916226382,4568.83198282477
160232,APARTAMENTO PRÓXIMO À RUA MARQUÊS DA CRUZ,Vila Monte Alegre,Zona Oeste,3,2,1,108.0,350000.0,3240.74074074074,5171.67916226382,4568.83198282477
160229,APARTAMENTO PRÓXIMO À RUA MARQUÊS DA CRUZ,Vila Monte Alegre,Zona Oeste,3,2,1,108.0,350000.0,3240.74074074074,5171.67916226382,4568.83198282477
158114,Apartamento mobiliado de 57m² com 02 quartos   Ipiranga,Ipiranga,Zona Oeste,2,1,1,57.0,350000.0,6140.35087719298,4227.19529650629,4568.83198282477
156011,Apartamento de 92m² com 03 quartos sendo 01 suíte para venda   Jardim Palma Travassos,Jardim Palma Travassos,Zona Leste,3,2,1,92.0,350000.0,3804.34782608696,4725.02380139251,4646.24632076016
152075,Apartamento térreo de 93m² com 03 quartos   Presidente Medici,Presidente Medici,Zona Leste,3,3,2,93.0,350000.0,3763.44086021505,4508.64185474962,4646.24632076016
150167,Apartamento de 89m² com 02 quartos à venda   Residencial e Comercial Palmares,Residencial e Comercial Palmares,Zona Leste,3,2,1,89.0,350000.0,3932.58426966292,3830.73455662616,4646.24632076016
149456,APARTAMENTO PRÓXIMO À RUA ANIVALDO PONTON,Ipiranga,Zona Oeste,3,2,1,109.0,350000.0,3211.00917431193,4227.19529650629,4568.83198282477
149318,APARTAMENTO PRÓXIMO À RODOVIA ANHANGUERA,Residencial e Comercial Palmares,Zona Leste,2,1,2,82.0,350000.0,4268.29268292683,3830.73455662616,4646.24632076016
147779,APARTAMENTO STUDIO PRÓXIMO A AV INDEPENDÊNCIA,Centro,Centro,1,1,1,49.0,350000.0,7142.85714285714,3969.0889863009,4114.37759196461
147179,APARTAMENTO PRÓXIMO À RUA ANDRÉ VELONI,Parque dos Bandeirantes,Zona Leste,3,3,2,99.0,350000.0,3535.35353535354,4072.45658506483,4646.24632076016
145679,Apartamento de 32m² com 01 quarto à venda   Nova Ribeirânia,Nova Ribeirania,Zona Leste,1,1,1,32.0,350000.0,10937.5,6636.64015183677,4646.24632076016
145619,APARTAMENTO PRÓXIMO À RUA CAMILO DE MATTOS,Jardim Paulista,Zona Leste,2,2,2,59.0,350000.0,5932.20338983051,4839.65243893052,4646.24632076016
145598,APARTAMENT PRÓXIMO À AVENIDA NOVE DE JULHO,Centro,Centro,3,3,1,89.0,350000.0,3932.58426966292,3969.0889863009,4114.37759196461
138272,APARTAMENTO PRÓXIMO À AVENIDA BARÃO DO BANANAL,Jardim Zara,Zona Leste,3,2,1,78.0,350000.0,4487.17948717949,3994.52759311292,4646.24632076016
137288,APARTAMENTO NO JARDIM BOTÂNICO,Jardim Botanico,Zona Sul,2,2,2,70.0,350000.0,5000.0,7403.36272123417,7019.92781217448
137207,Apartamento de 59m² com 02 quartos á venda   Jardim Zara,Jardim Zara,Zona Leste,2,2,1,59.0,350000.0,5932.20338983051,3994.52759311292,4646.24632076016
135503,Apartamento de 91m² com 02 quartos para venda   Jardim Botânico,Jardim Botanico,Zona Sul,2,2,1,91.0,350000.0,3846.15384615385,7403.36272123417,7019.92781217448
134048,APARTAMENTO VILA ANA MARIA,Vila Ana Maria,Zona Sul,3,3,2,77.0,350000.0,4545.45454545455,6534.36599324832,7019.92781217448
133811,Apartamento   Padrão,Ribeirania,Zona Leste,1,1,1,45.0,350000.0,7777.77777777778,6622.45012983218,4646.24632076016
132443,Apartamento de 100m² com 03 quartos sendo 01 suíte à venda   Centro,Centro,Centro,3,3,1,100.0,350000.0,3500.0,3969.0889863009,4114.37759196461
131969,Apartamento   Padrão,Vila Maria Luiza,Zona Norte,3,2,1,103.0,350000.0,3398.05825242718,4653.00485819842,4316.94719953754
131966,Apartamento   Padrão,Vila Maria Luiza,Zona Norte,3,2,1,103.0,350000.0,3398.05825242718,4653.00485819842,4316.94719953754
130145,Apartamento de 79m² com 02 suítes para venda   Centro,Centro,Centro,2,3,1,79.0,350000.0,4430.37974683544,3969.0889863009,4114.37759196461
128792,Apartamento de 73m² com 02 quartos sendo 01 suíte para venda   Parque dos Lagos,Parque dos Lagos,Zona Leste,2,2,1,73.0,350000.0,4794.52054794521,4175.19186695209,4646.24632076016
122753,Apartamento   Padrão,Jardim Palma Travassos,Zona Leste,3,2,1,64.0,350000.0,5468.75,4725.02380139251,4646.24632076016
120617,Apartamento de 111m² com 02 quartps sendo 01 suíte à venda   Centro,Centro,Centro,2,3,1,111.0,350000.0,3153.15315315315,3969.0889863009,4114.37759196461
109196,Apartamento de 67m² com 02 quartos à venda   Alto da Boa Vista,Alto da Boa Vista,Zona Sul,2,2,1,67.0,350000.0,5223.88059701493,5935.13838933655,7019.92781217448
107357,Apartamento de 66m² com 02 quartos sendo 01 suíte para locação   Vila Ana Maria,Vila Ana Maria,Zona Sul,2,2,2,66.0,350000.0,5303.0303030303,6534.36599324832,7019.92781217448
104747,APARTAMENTO PRÓXIMO Á AVENIDA TREZE DE MAIO,Jardim Paulista,Zona Leste,3,2,1,120.0,350000.0,2916.66666666667,4839.65243893052,4646.24632076016
102638,Apartamento de 68m² com 02 quartos para locação   Centro,Centro,Centro,2,2,1,68.0,350000.0,5147.05882352941,3969.0889863009,4114.37759196461
102554,Apartamento   Padrão,Vila Ana Maria,Zona Sul,2,2,2,62.0,350000.0,5645.16129032258,6534.36599324832,7019.92781217448
101096,Apartamento   Padrão,Residencial e Comercial Palmares,Zona Leste,2,2,1,90.0,350000.0,3888.88888888889,3830.73455662616,4646.24632076016
101093,Apartamento   Padrão,Residencial e Comercial Palmares,Zona Leste,2,2,1,90.0,350000.0,3888.88888888889,3830.73455662616,4646.24632076016
101090,Apartamento   Padrão,Residencial e Comercial Palmares,Zona Leste,2,2,1,90.0,350000.0,3888.88888888889,3830.73455662616,4646.24632076016
101084,Apartamento de 90m² com 02 quartos à venda   Residencial e Comercial Palmares,Residencial e Comercial Palmares,Zona Leste,2,2,1,90.0,350000.0,3888.88888888889,3830.73455662616,4646.24632076016
101057,Apartamento   Padrão,Residencial e Comercial Palmares,Zona Leste,3,2,1,110.0,350000.0,3181.81818181818,3830.73455662616,4646.24632076016
100913,Excelente apartamento reformado no Vila Seixas.,Vila Seixas,Centro,3,2,2,107.0,350000.0,3271.02803738318,4862.36131633665,4114.37759196461
99809,APARTAMENTO NA LAGOINHA,Parque Industrial Lagoinha,Zona Leste,3,2,1,67.0,350000.0,5223.88059701493,4502.88532269356,4646.24632076016
96914,APARTAMENTO PRÓXIMO À AVENIDA PROF. JOÃO FIÚSA,Alto da Boa Vista,Zona Sul,2,2,1,53.0,350000.0,6603.77358490566,5935.13838933655,7019.92781217448
95117,Apartamento de 60m² com 02 para locação   Nova Aliança,Nova Alianca,Zona Sul,2,3,2,60.0,350000.0,5833.33333333333,7235.27815404702,7019.92781217448
94790,Excelente apartamento Próximo ao Ribeirão Shopping,Vila Ana Maria,Zona Sul,2,2,2,62.0,350000.0,5645.16129032258,6534.36599324832,7019.92781217448
94229,Apartamento de 65m² com 03 quartos sendo 01 suíte para venda   Jardim Palma Travassos,Jardim Palma Travassos,Zona Leste,3,2,1,65.0,350000.0,5384.61538461539,4725.02380139251,4646.24632076016
93953,Apartamento de 96m² com 03 quartos para venda   Jd. Paulista,Jardim Paulista,Zona Leste,3,2,2,96.0,350000.0,3645.83333333333,4839.65243893052,4646.24632076016
89894,Apartamento de 161m² com 04 quartos à venda   Centro,Centro,Centro,4,2,1,161.0,350000.0,2173.91304347826,3969.0889863009,4114.37759196461
88238,Apartamento de 90m² com 03 quartos para locação e venda   Jardim Irajá,Jardim Iraja,Zona Sul,3,1,1,90.0,350000.0,3888.88888888889,5843.60369977321,7019.92781217448
86978,Apartamento de 49m² com 01 quarto e quintal à venda   Jardim Nova Aliança Sul,Jardim Nova Alianca Sul,Zona Sul,1,2,1,49.0,350000.0,7142.85714285714,6999.09526420546,7019.92781217448
82877,Apartamento de 44m² com 01 quarto à venda   Nova Aliança,Nova Alianca,Zona Sul,1,1,1,44.0,350000.0,7954.54545454546,7235.27815404702,7019.92781217448
81932,Apartamento de 40m² de 1 quarto   Bosque das Juritis,Bosque das Juritis,Zona Sul,1,1,1,40.0,350000.0,8750.0,8028.33244392152,7019.92781217448
77759,APARTAMENTO PRÓXIMO AO PARQUE CARLOS RAYA,Jardim Sao Luiz,Zona Sul,3,3,1,92.0,350000.0,3804.34782608696,5775.49648772587,7019.92781217448
76412,Apartamento de 46m² com 01 quarto à venda   Nova Aliança,Nova Alianca,Zona Sul,1,1,1,46.0,350000.0,7608.69565217391,7235.27815404702,7019.92781217448
75527,APARTAMENTO COM 3 DORMITÓRIOS NO JARDIM SÃO LUIZ,Jardim Sao Luiz,Zona Sul,3,2,1,83.0,350000.0,4216.86746987952,5775.49648772587,7019.92781217448
71105,Apartamento de 55m² com 02 quartos à venda   no Bairro Iguatemi,Iguatemi,Zona Norte,2,1,1,55.0,350000.0,6363.63636363636,4838.13811749042,4316.94719953754
69665,Apartamento de 73m² com 02 quartos à venda   Jardim Paulista,Jardim Paulista,Zona Leste,2,3,1,73.0,350000.0,4794.52054794521,4839.65243893052,4646.24632076016
58118,APARTAMENTO NO JOÃO PALMA TRAVASSOS,Jardim Palma Travassos,Zona Leste,3,2,1,105.0,350000.0,3333.33333333333,4725.02380139251,4646.24632076016
36620,Apartamento de 03 quartos para locação   Vila Tibério,Vila Tiberio,Zona Oeste,3,3,1,92.0,350000.0,3804.34782608696,5772.27801236641,4568.83198282477
14453,Apartamento de 97m² com 03 quartos á venda   Centro,Centro,Centro,3,2,1,97.0,350000.0,3608.24742268041,3969.0889863009,4114.37759196461
215849,Apartamento térreo de 42m² com 01 quarto e quintal à venda   Vila Amélia,Vila Tiberio,Zona Oeste,1,1,1,42.0,350245.0,8339.16666666667,5772.27801236641,4568.83198282477
204722,Apartamento térreo de 74m² com 02 quartos à venda   Alto da Boa Vista,Alto da Boa Vista,Zona Sul,2,2,1,74.0,350806.0,4740.62162162162,5935.13838933655,7019.92781217448
82880,Apartamento de 44m² com 01 quarto à venda   Nova Aliança,Nova Alianca,Zona Sul,1,1,1,44.0,348000.0,7909.09090909091,7235.27815404702,7019.92781217448
232607,Apartamento Terreo na zona sul   Santa Cruz do José Jacques,Santa Cruz do Jose Jacques,Zona Sul,2,1,1,97.0,320000.0,3298.96907216495,6190.18466407645,7019.92781217448
202871,APARTAMENTO NO CENTRO,Centro,Centro,3,1,1,114.0,330000.0,2894.73684210526,3969.0889863009,4114.37759196461
201074,APARTAMENTO PRÓXIMO A RECREATIVA,Centro,Centro,2,4,2,86.0,330000.0,3837.20930232558,3969.0889863009,4114.37759196461
190865,Apartamento de 102m² com 03 quartos   Jardim Macedo,Jardim Macedo,Zona Leste,3,2,1,102.0,350000.0,3431.37254901961,4049.64935899923,4646.24632076016
180701,Apartamento de 80m² com 03 quartos à venda   Vila Mariana,Vila Mariana,Zona Norte,3,2,1,80.0,350000.0,4375.0,4791.66666666667,4316.94719953754
142502,EXCELENTE APARTAMENTO PARA LOCAÇÃO NO JARDIM INTERLAGOS,Jardim Interlagos,Zona Leste,2,2,1,57.0,355000.0,6228.0701754386,4158.11293993337,4646.24632076016
120458,APARTAMENTO PRÓXIMO À AVENIDA CASTELO BRANCO,Parque dos Bandeirantes,Zona Leste,3,2,1,117.0,355000.0,3034.18803418803,4072.45658506483,4646.24632076016
178529,Apartamento de 68m² com 03 quartos á venda e para locação   Centro,Alto da Boa Vista,Zona Sul,3,2,1,68.0,340000.0,5000.0,5935.13838933655,7019.92781217448
212516,Apartamento de 87m² com 3 quartos e 1 suíte à venda   Vila Tibério,Vila Tiberio,Zona Oeste,3,2,2,87.0,329000.0,3781.6091954023,5772.27801236641,4568.83198282477
219509,Apartamento de 48m² com 02 quartos à venda   Condomínio Mirante Sul,Condominio Mirante Sul,Zona Sul,2,1,1,48.0,340000.0,7083.33333333333,5048.35903353727,7019.92781217448
186335,Apartamento a Venda próximo a USP em Ribeirão Preto,Vila Monte Alegre,Zona Oeste,3,2,1,118.0,340000.0,2881.35593220339,5171.67916226382,4568.83198282477
158402,Apartamento de 85m² com 03 quartos à venda   Presidente Médici,Presidente Medici,Zona Leste,3,1,1,85.0,340000.0,4000.0,4508.64185474962,4646.24632076016
82820,ÓTIMO APARTAMENTO NO JARDIM BOTÂNICO,Jardim Botanico,Zona Sul,2,3,2,57.0,350000.0,6140.35087719298,7403.36272123417,7019.92781217448
243941,Lançamento: Square Residencial   Apartamento de 47m² com 02 quartos à venda   Vila Virgínia,Vila Virginia,Zona Oeste,2,1,1,47.0,360000.0,7659.57446808511,4199.44386633332,4568.83198282477
238865,Apartamento de 62m² com 02 quartos Mobiliado e suíte para Venda   Campos Elíseos,Campos Eliseos,Zona Norte,2,2,1,62.0,360000.0,5806.45161290323,4308.89631323999,4316.94719953754
234038,EXCELENTE APARTAMENTO NO CENTRO,Centro,Centro,3,3,1,123.0,360000.0,2926.82926829268,3969.0889863009,4114.37759196461
233357,Apartamento de 75m² com 03 quartos á venda   Presidente Médici,Presidente Medici,Zona Leste,3,1,1,75.0,360000.0,4800.0,4508.64185474962,4646.24632076016
233303,Apartamento de 78m² com 03 quartos para venda   Parque dos Lagos,Parque dos Lagos,Zona Leste,3,2,1,78.0,360000.0,4615.38461538462,4175.19186695209,4646.24632076016
212246,Apartamento de 94m² com 03 quartos à venda   Lagoinha,Parque Industrial Lagoinha,Zona Leste,3,3,1,94.0,360000.0,3829.78723404255,4502.88532269356,4646.24632076016
204941,Apartamento de 94m² com 02 quartos   Jardim Irajá,Jardim Iraja,Zona Sul,2,2,1,94.0,360000.0,3829.78723404255,5843.60369977321,7019.92781217448
202430,APARTAMENTO NO CENTRO,Centro,Centro,2,1,1,85.0,360000.0,4235.29411764706,3969.0889863009,4114.37759196461
199124,Apartamento de 77m² com 03 quartos para locação e venda   Parque dos Bandeirantes,Parque dos Bandeirantes,Zona Leste,3,3,1,77.0,360000.0,4675.32467532468,4072.45658506483,4646.24632076016
195623,APARTAMENTO NO EDIFÍCIO MONTEREY EM BONFIM PAULISTA,Residencial Monterrey,Zona Norte,2,1,1,50.0,360000.0,7200.0,7856.18677910372,4316.94719953754
192371,APARTAMENTO NO BAIRRO NOVA ALIANÇA,Nova Alianca,Zona Sul,1,1,1,43.0,360000.0,8372.09302325582,7235.27815404702,7019.92781217448
188744,APARTAMENTO NO JARDIM PAULISTA,Jardim Paulistano,Zona Leste,3,2,1,92.0,360000.0,3913.04347826087,4354.41245373771,4646.24632076016
180179,Apartamento de 53m² com 2 quartos   Nova Aliança,Nova Alianca,Zona Sul,2,1,1,53.0,360000.0,6792.45283018868,7235.27815404702,7019.92781217448
176957,APARTAMENTO DIFRENCIADO NO PRESIDENTE MÉDICI,Presidente Medici,Zona Leste,3,1,1,75.0,360000.0,4800.0,4508.64185474962,4646.24632076016
171650,APARTAMENTO NA VILA TIBÉRIO,Vila Tiberio,Zona Oeste,2,2,2,80.0,360000.0,4500.0,5772.27801236641,4568.83198282477
169436,APARTAMENTO NO JARDIM PALMA TRAVASSOS,Jardim Palma Travassos,Zona Leste,3,3,1,88.0,360000.0,4090.90909090909,4725.02380139251,4646.24632076016
167627,APARTAMENTO NO JD. SÃO LUIZ / JD. IRAJÁ,Condominio Itamaraty,Zona Oeste,3,2,1,96.0,360000.0,3750.0,5336.72097624817,4568.83198282477
158648,Apartamento de 106m² com 03 quartos à venda   City Ribeirão,City Ribeirao,Zona Sul,3,2,2,106.0,360000.0,3396.22641509434,5481.73996829135,7019.92781217448
149609,Apartamento de 03 quartos para locação   Sumarezinho,Sumarezinho,Zona Oeste,3,3,1,81.0,360000.0,4444.44444444444,4702.46841942496,4568.83198282477
143372,Apartamento de 141m² com 03 quartos à venda   Centro,Centro,Centro,3,3,1,141.0,360000.0,2553.1914893617,3969.0889863009,4114.37759196461
135893,APARTAMENTO NO CENTRO,Alto da Boa Vista,Zona Sul,3,2,1,107.0,360000.0,3364.48598130841,5935.13838933655,7019.92781217448
124787,Apartamento de 54m² com 02 quartos à venda  Jardim Palma Ttravasso,Jardim Palma Travassos,Zona Leste,2,2,1,54.0,360000.0,6666.66666666667,4725.02380139251,4646.24632076016
121277,Apartamento de 67m² com 02 quartos à venda   Jardim Antártica,Jardim Antartica,Zona Oeste,2,2,1,67.0,360000.0,5373.13432835821,4464.91601599781,4568.83198282477
115295,EXCELENTE APARTAMENTO NO CENTRO,Centro,Centro,3,3,1,30.0,360000.0,12000.0,3969.0889863009,4114.37759196461
113675,Imóvel próximo ao parque Raya,Jardim Botanico,Zona Sul,2,2,1,68.0,360000.0,5294.11764705882,7403.36272123417,7019.92781217448
105257,APARTAMENTO PRÓXIMO À AVENIDA PROFESSOR JOÃO FIÚSA,Jardim Botanico,Zona Sul,2,2,2,63.0,360000.0,5714.28571428572,7403.36272123417,7019.92781217448
103922,APARTAMENTO PRÓXIMO AO SHOPPING SANTA ÚRSULA,Centro,Centro,3,3,1,141.0,360000.0,2553.1914893617,3969.0889863009,4114.37759196461
102077,Apartamento de 65m² com 02 suítes para locação   Jardim Botânico,Jardim Botanico,Zona Sul,2,2,2,65.0,360000.0,5538.46153846154,7403.36272123417,7019.92781217448
100592,APARTAMENTO NO CENTRO,Centro,Centro,3,3,1,85.0,360000.0,4235.29411764706,3969.0889863009,4114.37759196461
92693,Apartamento de 67m² com 02 quartos á venda   Santa Cruz do José Jacques,Santa Cruz do Jose Jacques,Zona Sul,2,2,1,67.0,360000.0,5373.13432835821,6190.18466407645,7019.92781217448
89543,Ótimo apartamento próximo à UNIP,Nova Alianca,Zona Sul,1,1,1,45.0,360000.0,8000.0,7235.27815404702,7019.92781217448
69215,Apartamento de 86m² com 03 quartos para locação   Jardim Botânico,Jardim Botanico,Zona Sul,3,3,2,86.0,360000.0,4186.04651162791,7403.36272123417,7019.92781217448
20411,Apartamento de 80m² com 03 quartos   Jardim Independência,Independencia,Zona Norte,3,1,1,80.0,360000.0,4500.0,3844.6605743041,4316.94719953754
173861,Apartamento de 52m² com 02 quartos sendo 01 suíte à venda   Loteamento Santa Marta,Loteamento Santa Marta,Zona Norte,2,2,1,52.0,360400.0,6930.76923076923,5386.60691471388,4316.94719953754
155354,APARTAMENTO PRÓXIMO À AVENIDA EDUARDO GOMES DE SOUZA,Jardim Botanico,Zona Sul,2,1,1,61.0,360400.0,5908.19672131148,7403.36272123417,7019.92781217448
69902,Apartamento de 74m² com 02 quartos para locação e venda   Centro,Centro,Centro,2,2,2,74.0,360400.0,4870.27027027027,3969.0889863009,4114.37759196461
213557,Apartamento de 54m² com 02 quartos à venda   Vila Amélia,Vila Amelia,Zona Oeste,2,1,1,54.0,340000.0,6296.2962962963,4740.17583820671,4568.83198282477
243800,Apartamento de 136m² com 03 quartos à venda   Jardim Macedo,Jardim Macedo,Zona Leste,3,2,2,136.0,362000.0,2661.76470588235,4049.64935899923,4646.24632076016
217916,Apartamento térreo de 62m² com 02 quartos à venda   Jardim Botânico,Jardim Botanico,Zona Sul,2,2,2,62.0,362000.0,5838.70967741936,7403.36272123417,7019.92781217448
242663,Apartamento de 75m² com 03 quartos à venda   Jardim Presidente Medici,Presidente Medici,Zona Leste,3,2,1,75.0,365000.0,4866.66666666667,4508.64185474962,4646.24632076016
237494,Apartamento de 48m² com 02 quartos para locação   Nova Aliança,Nova Alianca,Zona Sul,1,2,1,48.0,365000.0,7604.16666666667,7235.27815404702,7019.92781217448
231437,Apartamento de 80m² com 02 quartos à venda   Independência,Independencia,Zona Norte,2,1,1,80.0,365000.0,4562.5,3844.6605743041,4316.94719953754
183980,Apartamento de 63m² com 02 quartos à venda   Jardim São José,Jardim Sao Jose,Zona Norte,2,1,2,63.0,365000.0,5793.65079365079,5893.88238355451,4316.94719953754
175250,Apartamento Padrão de 90m² com 03 quartos para venda   Jardim Anhanguera,Residencial e Comercial Palmares,Zona Leste,3,2,2,90.0,365000.0,4055.55555555556,3830.73455662616,4646.24632076016
136604,Apartamento no Jardim Botânico,Jardim Botanico,Zona Sul,2,2,1,80.0,365000.0,4562.5,7403.36272123417,7019.92781217448
132497,Apartamento de 80m² com 03 quartos sendo 1 suíte à venda   Alto da Boa Vista,Alto da Boa Vista,Zona Sul,3,2,1,80.0,365000.0,4562.5,5935.13838933655,7019.92781217448
131147,Apartamento de 80m² com 02 quartos à venda   Centro,Centro,Centro,2,3,1,80.0,365000.0,4562.5,3969.0889863009,4114.37759196461
118856,Apartamento de 45m² com 01 quartos á venda   Nova Aliança,Nova Alianca,Zona Sul,1,1,1,45.0,365000.0,8111.11111111111,7235.27815404702,7019.92781217448
215060,Apartamento de 61m² com 02 quartos à venda   Reserva San Pedro,Loteamento Santa Marta,Zona Norte,2,2,1,61.0,365430.26,5990.66,5386.60691471388,4316.94719953754
192698,Excelente oportunidade na zona sul,Residencial Monterrey,Zona Norte,2,1,1,50.0,367251.36,7345.0272,7856.18677910372,4316.94719953754
192683,Excelente oportunidade na zona sul,Residencial Monterrey,Zona Norte,2,1,1,49.0,368706.97,7524.63204081633,7856.18677910372,4316.94719953754
242291,Apartamento de 73m² com 02 quartos à venda   Jardim Paulista,Jardim Paulista,Zona Leste,2,2,2,73.0,369000.0,5054.79452054795,4839.65243893052,4646.24632076016
233126,Apartamento de 140m² com 03 quartos para venda   Centro,Centro,Centro,2,3,1,140.0,369000.0,2635.71428571429,3969.0889863009,4114.37759196461
161237,Apartamento de 160m² com 03 quartos à venda   Centro,Centro,Centro,3,3,1,160.0,340000.0,2125.0,3969.0889863009,4114.37759196461
112187,Apartamento de 125m² com 03 quartos à venda   Campos Elíseos,Campos Eliseos,Zona Norte,3,3,1,125.0,340000.0,2720.0,4308.89631323999,4316.94719953754
168383,Apartamento de 86m² com 02 quartos para locação   Parque dos Bandeirantes,Parque dos Bandeirantes,Zona Leste,3,2,1,86.0,350000.0,4069.76744186047,4072.45658506483,4646.24632076016
143792,Apartamento de 81m² com 03 quartos para locação e venda   Sumarezinho,Sumarezinho,Zona Oeste,3,3,1,81.0,350000.0,4320.98765432099,4702.46841942496,4568.83198282477
128138,Apartamento Flat de 27m² à venda   Jardim Califórnia,Jardim California,Zona Sul,1,1,1,27.0,350000.0,12962.962962963,7048.58207831218,7019.92781217448
128132,Apartamento   Padrão,Jardim California,Zona Sul,1,1,1,27.0,350000.0,12962.962962963,7048.58207831218,7019.92781217448
45326,Apartamento   Padrão,Campos Eliseos,Zona Norte,3,3,1,97.0,350000.0,3608.24742268041,4308.89631323999,4316.94719953754
244034,Apartamento de 99m² com 03 quartos à venda   Jardim Paulistano,Jardim Paulistano,Zona Leste,3,2,1,99.0,370000.0,3737.37373737374,4354.41245373771,4646.24632076016
243353,Apartamento de 86m² com 03 quartos sendo 01 suíte à venda   Jardim Irajá,Jardim Iraja,Zona Sul,3,2,2,86.0,370000.0,4302.32558139535,5843.60369977321,7019.92781217448
238415,Apartamento de 72m² com 02 quartos à venda   Jardim Macedo,Jardim Macedo,Zona Leste,2,2,1,72.0,370000.0,5138.88888888889,4049.64935899923,4646.24632076016
237749,Apartamento de 97 m² com 03 quartos à venda   Jardim Paulista,Centro,Centro,3,2,1,97.0,370000.0,3814.43298969072,3969.0889863009,4114.37759196461
233459,Apartamento de 199m² com 03 quartos à venda   Centro,Centro,Centro,3,3,1,199.0,370000.0,1859.29648241206,3969.0889863009,4114.37759196461
217439,Apartamento de 86m² com 03 quartos à venda   Jardim Irajá,Jardim Iraja,Zona Sul,3,2,1,86.0,370000.0,4302.32558139535,5843.60369977321,7019.92781217448
210731,Apartamento de 100m² com 03 quartos para locação e venda   Centro,Centro,Centro,3,2,1,100.0,370000.0,3700.0,3969.0889863009,4114.37759196461
206378,Apartamento de 125m² com 03 quartos à venda   Campos Elíseos,Campos Eliseos,Zona Norte,3,2,1,125.0,370000.0,2960.0,4308.89631323999,4316.94719953754
206276,Apartamento de 115m² com 03 quartos à venda   Centro,Centro,Centro,3,2,1,115.0,370000.0,3217.39130434783,3969.0889863009,4114.37759196461
193784,EXCELENTE APARTAMENTO NO JARDIM BOTÂNICO,City Ribeirao,Zona Sul,2,3,1,71.0,370000.0,5211.2676056338,5481.73996829135,7019.92781217448
188390,APARTAMENTO CENRTO   PRÓXIMO A CATEDRAL ALUGADO!,Centro,Centro,3,3,1,141.0,370000.0,2624.11347517731,3969.0889863009,4114.37759196461
187607,Apartamento de 68m² com 02 quartos à venda   Santa Cruz do José Jacques,Santa Cruz do Jose Jacques,Zona Sul,2,2,1,68.0,370000.0,5441.17647058824,6190.18466407645,7019.92781217448
187409,Apartamento de 95m² com 03 quartos à venda   Sumarezinho,Sumarezinho,Zona Oeste,3,3,1,95.0,370000.0,3894.73684210526,4702.46841942496,4568.83198282477
186281,Apartamento de 68m² com 02 quartos à venda   Santa Cruz do José Jacques,Santa Cruz do Jose Jacques,Zona Sul,2,1,1,68.0,370000.0,5441.17647058824,6190.18466407645,7019.92781217448
186269,Apartamento de 67m² com 02 quartos à venda   Santa Cruz do José Jacques,Santa Cruz do Jose Jacques,Zona Sul,2,2,1,67.0,370000.0,5522.38805970149,6190.18466407645,7019.92781217448
180176,Apartamento de 02 quartos   Jardim Botânico,Jardim Botanico,Zona Sul,2,2,1,62.0,370000.0,5967.74193548387,7403.36272123417,7019.92781217448
176132,Apartamento de 67m² com 02 quartos para venda   Santa Cruz,Santa Cruz do Jose Jacques,Zona Sul,2,2,1,67.0,370000.0,5522.38805970149,6190.18466407645,7019.92781217448
176129,Apartamento de 71m² 02 quartos para locação   Santa Cruz do José Jacques,Santa Cruz do Jose Jacques,Zona Sul,2,2,1,71.0,370000.0,5211.2676056338,6190.18466407645,7019.92781217448
173567,Apartamento de 63m² com 02 quartos para locação   Jardim Botânico,Jardim Botanico,Zona Sul,2,2,1,63.0,370000.0,5873.01587301587,7403.36272123417,7019.92781217448
170231,Apartamento de 80m² com 03 quartos para locação   Alto da Boa Vista,Alto da Boa Vista,Zona Sul,3,2,1,80.0,370000.0,4625.0,5935.13838933655,7019.92781217448
167729,APARTAMENTO NO CENTRO,Centro,Centro,4,3,1,119.0,370000.0,3109.24369747899,3969.0889863009,4114.37759196461
162038,APARTAMENTO TÉRREO PRÓXIMO AO PARQUE CARLOS RAYA,Jardim Botanico,Zona Sul,2,2,1,50.0,370000.0,7400.0,7403.36272123417,7019.92781217448
156752,Apartamento de 116m² com 03 quartos sendo 01 suíte à venda   Vila Seixas,Vila Seixas,Centro,3,3,2,116.0,370000.0,3189.65517241379,4862.36131633665,4114.37759196461
147458,Apartamento de 71m² com 02 quartos á venda   Jardim Botânico,Jardim Botanico,Zona Sul,2,1,2,71.0,370000.0,5211.2676056338,7403.36272123417,7019.92781217448
137939,Apartamento de 82m² com 03 quartos para venda   Jardim Palma Travassos,Jardim Castelo Branco,Zona Leste,3,2,1,82.0,370000.0,4512.19512195122,4046.86527169807,4646.24632076016
128075,Apartamento de 03 dormitórios   Campos Elíseos,Campos Eliseos,Zona Norte,3,3,1,97.0,370000.0,3814.43298969072,4308.89631323999,4316.94719953754
109523,Apartamento de 107m² com 02 quartos no Centro   Ribeirão Preto,Centro,Centro,2,2,1,107.0,370000.0,3457.94392523365,3969.0889863009,4114.37759196461
106712,APARTAMENTO PRÓXIMO À AVENIDA PROFESSOR JOÃO FIÚSA,Jardim Iraja,Zona Sul,3,2,1,72.0,370000.0,5138.88888888889,5843.60369977321,7019.92781217448
99494,APARTAMENTO NO JARDIM IRAJÁ,Jardim Iraja,Zona Sul,3,2,1,87.0,370000.0,4252.87356321839,5843.60369977321,7019.92781217448
91475,Apartamento   Padrão,Alto da Boa Vista,Zona Sul,3,2,2,80.0,370000.0,4625.0,5935.13838933655,7019.92781217448
90662,Apartamento de 63m² com 02 qaurtos sendo 1 suíte à venda   Nova Aliança,Nova Alianca,Zona Sul,2,2,1,63.0,370000.0,5873.01587301587,7235.27815404702,7019.92781217448
89939,Apartamento de 69m² 02 quarto sendo 01 suíte para locação e venda   Nova Aliança,Nova Alianca,Zona Sul,2,2,1,69.0,370000.0,5362.31884057971,7235.27815404702,7019.92781217448
86282,Apartamento de 45 m² e 1 suíte  Santa Cruz do José Jacques,Santa Cruz do Jose Jacques,Zona Sul,1,1,1,45.0,370000.0,8222.22222222222,6190.18466407645,7019.92781217448
80393,Apartamento de 54m² com 02 quartos para venda   Vila Amélia,Vila Amelia,Zona Oeste,2,1,1,54.0,370000.0,6851.85185185185,4740.17583820671,4568.83198282477
57497,Apartamento   Padrão,Nova Alianca,Zona Sul,3,1,2,83.0,370000.0,4457.83132530121,7235.27815404702,7019.92781217448
198269,Apartamento com 3 quartos para venda e locação   Centro,Centro,Centro,3,2,1,146.0,320000.0,2191.78082191781,3969.0889863009,4114.37759196461
182717,APARTAMENTO PRÓXIMO À AVENIDA 9 DE JULHO,Centro,Centro,3,3,1,139.0,330000.0,2374.10071942446,3969.0889863009,4114.37759196461
162938,Apartamento de 68m² com 02 quartos à venda   Centro,Centro,Centro,2,2,1,68.0,330000.0,4852.94117647059,3969.0889863009,4114.37759196461
154922,Apartamento de 121mts ; 03 dorm sendo 01 suite   Campos Eliseos,Campos Eliseos,Zona Norte,3,2,1,121.0,330000.0,2727.27272727273,4308.89631323999,4316.94719953754
211046,Apartamento de 38m² com 01 quarto para locação e venda   Jardim Palma Travassos,Jardim Palma Travassos,Zona Leste,1,1,1,38.0,350000.0,9210.52631578947,4725.02380139251,4646.24632076016
183731,APARTAMENTO PRÓXIMO À AVENIDA JOÃO FIÚSA,Condominio Itamaraty,Zona Oeste,2,3,1,108.0,350000.0,3240.74074074074,5336.72097624817,4568.83198282477
149570,Duplex de 45m² com 01 suíte   Jardim Nova Aliança,Nova Alianca,Zona Sul,1,2,1,45.0,355000.0,7888.88888888889,7235.27815404702,7019.92781217448
63803,Apartamento de 105m² com 03 quartos á venda   Jardim Irajá,Jardim Sao Luiz,Zona Sul,3,2,2,105.0,360000.0,3428.57142857143,5775.49648772587,7019.92781217448
244967,Apartamento de 90m² com 03 quartos sendo 01 suíte para venda   Centro,Centro,Centro,3,3,1,90.0,371000.0,4122.22222222222,3969.0889863009,4114.37759196461
229286,"Apartamento de 112,40m² com 2 quartos á venda térreo   Jardim Irajá",Jardim Iraja,Zona Sul,2,2,1,40.0,371000.0,9275.0,5843.60369977321,7019.92781217448
208352,Apartamento de 02 quartos com 54m² para locação   Monte Alegre,Vila Monte Alegre,Zona Oeste,2,2,1,54.0,371000.0,6870.37037037037,5171.67916226382,4568.83198282477
199817,APARTAMENTO NO JARDIM IRAJÁ,Jardim Iraja,Zona Sul,3,2,1,85.0,371000.0,4364.70588235294,5843.60369977321,7019.92781217448
198275,Apartamento de 32m² 01 quarto para locação   Jardim Irajá,Jardim Iraja,Zona Sul,1,1,1,32.0,371000.0,11593.75,5843.60369977321,7019.92781217448
193550,****APARTAMENTO ALTO PADRÃO EM AVENIDA GRANDE FLUXO****,Santa Cruz do Jose Jacques,Zona Sul,1,1,1,60.0,371000.0,6183.33333333333,6190.18466407645,7019.92781217448
177740,Apartamento de 80m² com 02 quartos à venda   Centro,Centro,Centro,2,2,1,80.0,371000.0,4637.5,3969.0889863009,4114.37759196461
171083,APARTAMENTO NA PRESIDENTE MEDICI,Presidente Medici,Zona Leste,3,3,1,114.0,371000.0,3254.38596491228,4508.64185474962,4646.24632076016
164999,Apartamento de 68m² com 02 quartos à venda   Vila Seixas,Vila Seixas,Centro,2,2,1,68.0,371000.0,5455.88235294118,4862.36131633665,4114.37759196461
150464,APARTAMENTO JARDIM NOVA ALIANÇA,Nova Alianca,Zona Sul,2,1,1,55.0,371000.0,6745.45454545455,7235.27815404702,7019.92781217448
139562,Apartamento para venda com 02 quartos   Jardim Novo Mundo,Jardim Novo Mundo,Zona Leste,2,2,2,75.0,371000.0,4946.66666666667,5425.53576663943,4646.24632076016
123755,APARTAMENTO PRÓXIMO À AVENIDA NOVE DE JULHO,Centro,Centro,3,3,2,146.0,371000.0,2541.09589041096,3969.0889863009,4114.37759196461
120683,APARTAMENTO NO JARDIM IRAJÁ,Jardim Novo Mundo,Zona Leste,2,2,1,70.0,371000.0,5300.0,5425.53576663943,4646.24632076016
114377,Apartamento de 100m² com 03 quartos   Centro,Centro,Centro,3,2,1,100.0,371000.0,3710.0,3969.0889863009,4114.37759196461
114251,Apartamento de 97m² com 03 quartos sendo 01 suíte   Jardim Irajá,Jardim Iraja,Zona Sul,3,3,1,97.0,371000.0,3824.74226804124,5843.60369977321,7019.92781217448
113267,"Apartamento para locação, no Jd Botânico, 3 quartos",Jardim Botanico,Zona Sul,3,2,2,75.0,371000.0,4946.66666666667,7403.36272123417,7019.92781217448
112511,Apartamento   Padrão,Vila Amelia,Zona Oeste,2,2,1,72.0,371000.0,5152.77777777778,4740.17583820671,4568.83198282477
101606,Apartamento 96m² 02 quartos para venda   Centro.,Centro,Centro,2,2,1,96.0,371000.0,3864.58333333333,3969.0889863009,4114.37759196461
99188,Apartamento   Padrão,Jardim Palma Travassos,Zona Leste,3,2,1,62.0,371000.0,5983.87096774194,4725.02380139251,4646.24632076016
94940,Apartamento de 45m² com 01 quarto para locação   Jardim Flórida,Jardim Florida,Zona Sul,1,1,1,45.0,371000.0,8244.44444444445,7585.50724637681,7019.92781217448
94415,PRÓXIMO À AVENIDA CLÓVIS BEVILACQUA,Parque dos Bandeirantes,Zona Leste,3,2,1,99.0,371000.0,3747.47474747475,4072.45658506483,4646.24632076016
84095,Apartamento de 105m² com 03 quartos à venda   Campos Elíseos,Campos Eliseos,Zona Norte,3,2,1,105.0,371000.0,3533.33333333333,4308.89631323999,4316.94719953754
76943,APARTAMENTO NO JARDIM PALMA TRAVASSOS,Jardim Palma Travassos,Zona Leste,3,2,1,130.0,371000.0,2853.84615384615,4725.02380139251,4646.24632076016
68000,Apartamento de 60m²   Nova Aliança,Nova Alianca,Zona Sul,2,2,1,60.0,371000.0,6183.33333333333,7235.27815404702,7019.92781217448
57818,Apartamento de 51m² com 01 quarto   Centro,Centro,Centro,1,1,1,51.0,371000.0,7274.50980392157,3969.0889863009,4114.37759196461
53009,APARTAMENTO PRÓXIMO À AVENIDA CASTELO BRANCO,Castelo Branco,Zona Leste,3,2,2,104.0,371000.0,3567.30769230769,3567.30769230769,4646.24632076016
133346,Apartamento   Padrão,Centro,Centro,3,3,2,122.0,372000.0,3049.18032786885,3969.0889863009,4114.37759196461
119207,APARTAMENTO PRÓXIMO À AVENIDA TREZE DE MAIO,Parque dos Bandeirantes,Zona Leste,3,2,1,117.0,372000.0,3179.48717948718,4072.45658506483,4646.24632076016
233315,Apartamento de 53m² com 02 quartos para venda   Nova Aliança,Nova Alianca,Zona Sul,2,1,1,53.0,359000.0,6773.58490566038,7235.27815404702,7019.92781217448
233480,Apartamento de 64m² com 02 quartos à venda   Sumarezinho,Sumarezinho,Zona Oeste,2,2,1,64.0,375000.0,5859.375,4702.46841942496,4568.83198282477
221324,Apartamento de 48m² com 02 quartos à venda   Jardim Olhos D`Água,Jardim Olhos DAgua,Zona Sul,2,1,1,48.0,375000.0,7812.5,9706.16858313729,7019.92781217448
217664,Apartamento de 97m² com 03 quartos à venda   Vila Tibério,Vila Tiberio,Zona Oeste,3,2,2,97.0,375000.0,3865.9793814433,5772.27801236641,4568.83198282477
211940,Apartamento de 44m² com 01 suíte para locação,Jardim Recreio,Zona Oeste,1,1,1,44.0,375000.0,8522.72727272727,8593.41750841751,4568.83198282477
197003,APARTAMENTO NO CAMPOS ELÍSEOS,Campos Eliseos,Zona Norte,3,3,2,49.0,375000.0,7653.0612244898,4308.89631323999,4316.94719953754
188435,Apartamento de 46m² com 01 quarto para venda   Nova Aliança,Nova Alianca,Zona Sul,1,1,1,46.0,375000.0,8152.17391304348,7235.27815404702,7019.92781217448
186278,Apartamento de 68m² com 02 quartos sendo 01 suíte para locação e venda   Santa Cruz do José Jacques,Santa Cruz do Jose Jacques,Zona Sul,2,1,1,68.0,375000.0,5514.70588235294,6190.18466407645,7019.92781217448
183491,Excelente Apartamento no Residencial Palmares,Residencial e Comercial Palmares,Zona Leste,3,2,2,78.0,375000.0,4807.69230769231,3830.73455662616,4646.24632076016
143015,Apartamento de 136m² com 03 quartos sendo 01 suíte à venda   Jardim Macedo,Jardim Macedo,Zona Leste,3,2,2,136.0,375000.0,2757.35294117647,4049.64935899923,4646.24632076016
134753,Apartamento de 32m² com 01 quarto para locação   Vila Monte Alegre,Vila Monte Alegre,Zona Oeste,1,1,1,32.0,375000.0,11718.75,5171.67916226382,4568.83198282477
115973,Apartamento de 70m² com 02 quartos à venda   Jardim Macedo,Jardim Macedo,Zona Leste,2,2,2,70.0,375000.0,5357.14285714286,4049.64935899923,4646.24632076016
115718,Apartamento de 84m² com 03 quartos à venda   Jardim Sumaré,Jardim Sumare,Zona Sul,3,2,2,84.0,375000.0,4464.28571428572,6366.17718327786,7019.92781217448
99095,APARTAMENTO NO BAIRRO JARDIM NOVA ALIANÇA,Nova Alianca,Zona Sul,1,1,1,55.0,375000.0,6818.18181818182,7235.27815404702,7019.92781217448
92762,Apartamento   Padrão,Jardim Iraja,Zona Sul,3,2,1,89.0,375000.0,4213.48314606742,5843.60369977321,7019.92781217448
82823,Apartamento de 68m² com 02 suítes para locação   Botânico,Jardim Botanico,Zona Sul,2,3,2,68.0,375000.0,5514.70588235294,7403.36272123417,7019.92781217448
245579,Apartamento de 85m² com 02 quartos para venda   Jardim Botânico,Jardim Botanico,Zona Sul,2,2,1,85.0,379000.0,4458.82352941177,7403.36272123417,7019.92781217448
235520,Apartamento de 77m² com 02 quartos à venda   Parque dos Lagos,Jardim Florestan Fernandes,Zona Norte,2,2,2,77.0,379000.0,4922.07792207792,4173.34114617131,4316.94719953754
170930,Lindo Apartamento a 7min do Shopping Santa Úrsula,Vila Virginia,Zona Oeste,2,1,1,71.0,379314.04,5342.45126760563,4199.44386633332,4568.83198282477
171173,APARTAMENTO NO JARDIM HEITOR RIGON,Jardim Heitor Rigon,Zona Norte,2,1,1,43.0,160000.0,3720.93023255814,3530.62855692946,4316.94719953754
69947,Apartamento de 65 m² com 2 quartos  Centro,Centro,Centro,2,2,1,65.0,250000.0,3846.15384615385,3969.0889863009,4114.37759196461
190043,Apartamento de 67m² com 02 quartos para venda e locação   Iguatemi,Iguatemi,Zona Norte,2,2,1,67.0,300000.0,4477.61194029851,4838.13811749042,4316.94719953754
91637,"Apartamento de 104m² com 03 quartos, 1 suíte à venda   Lagoinha",Parque Industrial Lagoinha,Zona Leste,3,2,2,104.0,320000.0,3076.92307692308,4502.88532269356,4646.24632076016
13880,Apartamento de 03 quartos à venda   Campos Eliseos,Campos Eliseos,Zona Norte,3,1,1,105.0,320000.0,3047.61904761905,4308.89631323999,4316.94719953754
234968,Apartamento terréo de 85m² com 03 quartos à venda   Presidente Médici,Presidente Medici,Zona Leste,3,2,1,85.0,330000.0,3882.35294117647,4508.64185474962,4646.24632076016
84344,APARTAMENTO PRÓXIMO À AVENIDA NOVE DE JULHO,Centro,Centro,3,3,1,89.0,345000.0,3876.40449438202,3969.0889863009,4114.37759196461
207323,Apartamento de 70m² com 02 quartos à venda   Jardim Macedo,Jardim Macedo,Zona Leste,2,2,2,70.0,350000.0,5000.0,4049.64935899923,4646.24632076016
199358,Apartamento de 62m² com03 quartos à venda   Loteamento Santa Marta,Loteamento Santa Marta,Zona Norte,3,2,1,62.0,350000.0,5645.16129032258,5386.60691471388,4316.94719953754
97802,Apartamento de 03 quartos para venda   Vila Ana Maria,Vila Ana Maria,Zona Sul,3,2,1,73.0,350000.0,4794.52054794521,6534.36599324832,7019.92781217448
231044,Apartamento de 63m² com 02 quartos à venda   Jardim Botânico,Jardim Botanico,Zona Sul,2,2,1,63.0,360000.0,5714.28571428572,7403.36272123417,7019.92781217448
213989,Apartamento de 55m² com 02 quartos à venda   Jardim Olhos D`Água,Jardim Olhos DAgua,Zona Sul,2,2,1,55.0,365000.0,6636.36363636364,9706.16858313729,7019.92781217448
133658,Apartamento à Venda   Jardim Botânico,Jardim Botanico,Zona Sul,2,2,1,63.0,365000.0,5793.65079365079,7403.36272123417,7019.92781217448
202331,Apartamento no Monte Alegre com 64 m²,Vila Monte Alegre,Zona Oeste,3,2,1,64.0,370000.0,5781.25,5171.67916226382,4568.83198282477
245138,Apartamento de 123m² com 03 quartos à venda   Centro,Centro,Centro,3,4,1,123.0,380000.0,3089.43089430894,3969.0889863009,4114.37759196461
238856,"Apartamento de 106,65m² Térreo, com 02 quartos à venda   Vila Seixas",Vila Seixas,Centro,2,2,1,65.0,380000.0,5846.15384615385,4862.36131633665,4114.37759196461
238157,Apartamento mobiliado com 51m² com 02 quartos à venda   Jardim Anhanguera,Jardim Novo Mundo,Zona Leste,2,1,1,51.0,380000.0,7450.98039215686,5425.53576663943,4646.24632076016
235994,Apartamento de 97m² com 03 quartos para locação e venda   Centro,Centro,Centro,3,2,1,97.0,380000.0,3917.52577319588,3969.0889863009,4114.37759196461
235607,Apartamento de 55m² com 01 quarto à venda   Jardim Olhos D`Água,Jardim Olhos DAgua,Zona Sul,1,1,1,55.0,380000.0,6909.09090909091,9706.16858313729,7019.92781217448
234578,Apartamento de 45m² com 02 quartos para venda   Bonfim Paulista,Quinta da Primavera,Zona Sul,2,1,1,45.0,380000.0,8444.44444444445,8334.13944069942,7019.92781217448
234416,Apartamento de 88m² com 03 quartos à venda   Alto da Boa Vista,Alto da Boa Vista,Zona Sul,3,2,2,88.0,380000.0,4318.18181818182,5935.13838933655,7019.92781217448
232847,Apartamento a venda   02 quartos no bairro Jardim Palma Travassos,Jardim Palma Travassos,Zona Leste,2,2,1,62.0,380000.0,6129.03225806452,4725.02380139251,4646.24632076016
231326,Apartamento mobiliado de 47m com 02 quartos á venda   Reserva São José,Reserva Sao Jose,Zona Norte,2,1,1,47.0,380000.0,8085.10638297872,6267.81462822185,4316.94719953754
228164,Apartamento de 88m² com 03 quartos à venda   Jardim Botânico,Jardim Botanico,Zona Sul,3,3,1,88.0,380000.0,4318.18181818182,7403.36272123417,7019.92781217448
226616,Apartamento de 54m² com 02 quartos à venda   Sumarezinho,Sumarezinho,Zona Oeste,2,2,1,54.0,380000.0,7037.03703703704,4702.46841942496,4568.83198282477
224501,Apartamento de 58m² com 02 quartos sendo 01 suíte à venda   Campos Elíseos,Campos Eliseos,Zona Norte,2,2,1,58.0,380000.0,6551.72413793103,4308.89631323999,4316.94719953754
223316,Apartamento de 67m² com 02 quartos para locação   Jardim Botânico,Jardim Botanico,Zona Sul,2,2,1,67.0,380000.0,5671.64179104478,7403.36272123417,7019.92781217448
215858,Apartamento de 44m² com 01 quarto à venda   Nova Aliança,Nova Alianca,Zona Sul,1,1,1,44.0,380000.0,8636.36363636364,7235.27815404702,7019.92781217448
214460,Apartamento de 80m² com 02 quartos à venda   Centro,Centro,Centro,2,2,1,80.0,380000.0,4750.0,3969.0889863009,4114.37759196461
213809,Apartamento de 105m² com 03 quartos à venda   Campos Elíseos,Campos Eliseos,Zona Norte,3,3,1,105.0,380000.0,3619.04761904762,4308.89631323999,4316.94719953754
213098,Apartamento de 57m² com 02 quartos para locação   Jardim das Oliveiras,Jardim das Oliveiras,Zona Norte,2,2,1,57.0,380000.0,6666.66666666667,6740.93859649123,4316.94719953754
211991,Apartamento de 52m² com 02 quartos para locação   Quintas de São José,Quintas de Sao Jose,Zona Norte,2,2,1,52.0,380000.0,7307.69230769231,6785.09085009028,4316.94719953754
208271,Apartamento de 80m² com 02 quartos sendo 01 suíte para locação e venda   Jardim Irajá,Jardim Iraja,Zona Sul,2,2,1,80.0,380000.0,4750.0,5843.60369977321,7019.92781217448
206480,Apartamento de 99m² com 03 quartos à venda   Vila Tibério,Vila Tiberio,Zona Oeste,3,2,1,99.0,380000.0,3838.38383838384,5772.27801236641,4568.83198282477
206177,Apartamento de 80m² com 03 quartos à venda   Independência,Independencia,Zona Norte,3,2,2,80.0,380000.0,4750.0,3844.6605743041,4316.94719953754
206153,Apartamento de 94m² com 03 quartos à venda   Parque Industrial Lagoinha,Parque Industrial Lagoinha,Zona Leste,3,2,1,94.0,380000.0,4042.55319148936,4502.88532269356,4646.24632076016
205661,Apartamento de 71m² com 02 quartos à venda   Nova Aliança,Nova Alianca,Zona Sul,2,2,1,71.0,380000.0,5352.11267605634,7235.27815404702,7019.92781217448
198173,Apartamento de 51m² com 01 quarto à venda   Ribeirânia,Ribeirania,Zona Leste,1,1,1,51.0,380000.0,7450.98039215686,6622.45012983218,4646.24632076016
196370,APARTAMENTO NO JARDIM PAULISTA,Jardim Paulista,Zona Leste,2,2,1,72.0,380000.0,5277.77777777778,4839.65243893052,4646.24632076016
195419,"Apartamento de 96m², de 02 quartos   Centro",Centro,Centro,2,2,1,96.0,380000.0,3958.33333333333,3969.0889863009,4114.37759196461
194090,EXCELENTE APARTAMENTO PARA VENDA NA AVENIDA CARAMURU,Alto da Boa Vista,Zona Sul,2,2,1,68.0,380000.0,5588.23529411765,5935.13838933655,7019.92781217448
186446,Apartamento de 01 quarto para locação   Nova Aliança,Nova Alianca,Zona Sul,1,1,1,44.0,380000.0,8636.36363636364,7235.27815404702,7019.92781217448
168740,APARTAMENTO NO JARDIM SÃO LUIZ,Jardim Sao Luiz,Zona Sul,1,2,1,54.0,380000.0,7037.03703703704,5775.49648772587,7019.92781217448
165452,APARTAMENTO PRÓXIMO Á AVENIDA PORTUGAL,Santa Cruz do Jose Jacques,Zona Sul,2,2,1,74.0,380000.0,5135.13513513514,6190.18466407645,7019.92781217448
160568,Apartamento de 121m² com 03 quartos à venda   Campos Elísios,Campos Eliseos,Zona Norte,3,3,1,121.0,380000.0,3140.4958677686,4308.89631323999,4316.94719953754
160241,APARTAMENTO PRÓXIMO À RUA MARQUÊS DA CRUZ,Vila Monte Alegre,Zona Oeste,3,2,1,108.0,380000.0,3518.51851851852,5171.67916226382,4568.83198282477
157202,Apartamento de 73m² com 02 quartos à venda   Parque Industrial Lagoinha,Parque Industrial Lagoinha,Zona Leste,2,2,1,73.0,380000.0,5205.4794520548,4502.88532269356,4646.24632076016
151079,LINDO APARTAMENTO EM BONFIM PAULISTA,Jardim Zaneti,Zona Leste,3,2,2,79.0,380000.0,4810.12658227848,5101.59206004099,4646.24632076016
132998,"Apartamento 99,10m² com 03 Quartos a venda   Vila Tibério",Vila Tiberio,Zona Oeste,3,2,1,10.0,380000.0,38000.0,5772.27801236641,4568.83198282477
118982,APARTAMENTO EM FRENTE À CATEDRAL,Centro,Centro,3,2,1,165.0,380000.0,2303.0303030303,3969.0889863009,4114.37759196461
114896,Apartamento Mobiliado de 31m² com 01 quarto para venda e locação  Ribeirania,Ribeirania,Zona Leste,1,1,1,31.0,380000.0,12258.064516129,6622.45012983218,4646.24632076016
104333,EXCELENTE APARTAMENTO TÉRREO PARA LOCAÇÃO BAIRRO CITY RIBEIRÃO,City Ribeirao,Zona Sul,1,2,1,60.0,380000.0,6333.33333333333,5481.73996829135,7019.92781217448
103469,Apartamento de 60m² com 02 quartos   Jardim Botânico,Jardim Botanico,Zona Sul,2,2,1,60.0,380000.0,6333.33333333333,7403.36272123417,7019.92781217448
97382,Apartamento Mobiliado de 43m² com 01 quarto à venda   Nova Aliança,Nova Alianca,Zona Sul,1,1,1,43.0,380000.0,8837.20930232558,7235.27815404702,7019.92781217448
97205,Apartamento de 93m² com 03 quartos sendo 01 suíte à venda   Iguatemi,Iguatemi,Zona Norte,3,2,3,93.0,380000.0,4086.02150537634,4838.13811749042,4316.94719953754
95414,Apartamento de 141m² com 03 quartos para locação   Centro,Centro,Centro,3,3,1,141.0,380000.0,2695.03546099291,3969.0889863009,4114.37759196461
93833,Apartamento de 63m² com 02 quartos à venda   Nova Aliança,Nova Alianca,Zona Sul,2,2,1,63.0,380000.0,6031.74603174603,7235.27815404702,7019.92781217448
91835,Apartamento de 97m² com 03 quartos para locação   Centro,Centro,Centro,3,2,1,97.0,380000.0,3917.52577319588,3969.0889863009,4114.37759196461
84023,Apartamento de 106m² com 02 quartos para locação e venda   Centro,Centro,Centro,3,2,1,106.0,380000.0,3584.90566037736,3969.0889863009,4114.37759196461
82826,EXCELENTE APARTAMENTO TÉRREO PARA LOCAÇÃO E VENDA NO JARDIM BOTÂNICO,Jardim Botanico,Zona Sul,2,3,2,118.0,380000.0,3220.33898305085,7403.36272123417,7019.92781217448
75707,Apartamento de 117m² com 03 quartos à venda   Jardim Palma Travassos,Jardim Palma Travassos,Zona Leste,3,2,1,117.0,380000.0,3247.86324786325,4725.02380139251,4646.24632076016
63191,Apartamento de 107m² com 03 quartos sendo 01 suíte à venda   Centro,Centro,Centro,3,2,2,107.0,380000.0,3551.40186915888,3969.0889863009,4114.37759196461
20465,APARTAMENTO PRÓXIMO AO SHOPPING SANTA ÚRSULA,Centro,Centro,3,3,1,90.0,380000.0,4222.22222222222,3969.0889863009,4114.37759196461
90875,Apartamento de 54m² com 02 quartos à venda   Parque Industrial Lagoinha,Parque Industrial Lagoinha,Zona Leste,2,1,1,54.0,381000.0,7055.55555555556,4502.88532269356,4646.24632076016
129674,APARTAMENTO REFORMADO NO CENTRO,Centro,Centro,3,4,1,168.0,365000.0,2172.61904761905,3969.0889863009,4114.37759196461
233537,Apartamento de 67m² com 03 quartos à venda   Jardim Olhos D`Água,Jardim Olhos DAgua,Zona Sul,3,2,1,67.0,382000.0,5701.49253731343,9706.16858313729,7019.92781217448
202193,Apartamento de 56m² com 02 quartos à venda   Bosque das Juritis,Bosque das Juritis,Zona Sul,2,1,1,56.0,382000.0,6821.42857142857,8028.33244392152,7019.92781217448
188483,Apartamento de 49m² com 01 quarto para locação e venda   Nova Aliança,Nova Alianca,Zona Sul,1,1,1,49.0,382000.0,7795.91836734694,7235.27815404702,7019.92781217448
161468,Apartamento de 44m² com 01 suíte para locação e venda   Jardim Recreio,Jardim Recreio,Zona Oeste,1,2,1,44.0,382000.0,8681.81818181818,8593.41750841751,4568.83198282477
132548,Apartamento de 99 m² com 03 quartos para locação   Jardim Irajá,Jardim Iraja,Zona Sul,3,3,2,99.0,382000.0,3858.58585858586,5843.60369977321,7019.92781217448
129455,Apartamento de 49m² com 1 quarto para locação   Ribeirânia,Ribeirania,Zona Leste,1,1,1,49.0,382000.0,7795.91836734694,6622.45012983218,4646.24632076016
80216,Apartamento de 80m² com 02 suítes à venda   Jardim Sumaré,Jardim Sumare,Zona Sul,2,3,1,80.0,382000.0,4775.0,6366.17718327786,7019.92781217448
227486,Apartamento de 54m² com 02 quartos para locação e venda   Jardim Palma Travassos,Jardim Palma Travassos,Zona Leste,2,2,1,54.0,384000.0,7111.11111111111,4725.02380139251,4646.24632076016
195470,LINDO APARTAMENTO NO CENTRO DE RIBEIRÃO PRETO.,Centro,Centro,3,3,1,100.0,340000.0,3400.0,3969.0889863009,4114.37759196461
64142,Apartamento de 84m² com 03 quartos sendo 01 suíte á venda   Jardim Sumaré,Jardim Sumare,Zona Sul,3,3,2,84.0,360000.0,4285.71428571429,6366.17718327786,7019.92781217448
216920,Apartamento de 51m² com 01 quarto para locação e venda   Ribeirânia,Ribeirania,Zona Leste,1,1,1,51.0,380000.0,7450.98039215686,6622.45012983218,4646.24632076016
150806,Apartamento de 3 dormitórios e 1 suíte próximo Av. João Fiusa,Jardim Iraja,Zona Sul,3,2,1,98.0,380000.0,3877.55102040816,5843.60369977321,7019.92781217448
226907,Apartamento de 117m² com 03 quartos à venda   Centro,Centro,Centro,3,3,1,117.0,385000.0,3290.59829059829,3969.0889863009,4114.37759196461
210815,Apartamento de 160m² com 03 quartos à venda   Centro,Centro,Centro,3,3,1,160.0,385000.0,2406.25,3969.0889863009,4114.37759196461
202628,Apartamento de 02 quartos para locação   Alto da Boa Vista,Alto da Boa Vista,Zona Sul,2,1,1,53.0,385000.0,7264.15094339623,5935.13838933655,7019.92781217448
176897,APARTAMENTO NO JARDIM BOTÂNICO,Jardim Botanico,Zona Sul,2,3,2,70.0,385000.0,5500.0,7403.36272123417,7019.92781217448
139190,Apartamento de 146m² com 03 quartos sendo 01 suíte à venda   Centro,Centro,Centro,3,3,1,146.0,385000.0,2636.98630136986,3969.0889863009,4114.37759196461
104468,APARTAMENTO PRÓXIMO À AVENIDA MARIA DE JESUS CONDEIXA,Jardim Palma Travassos,Zona Leste,3,3,1,88.0,385000.0,4375.0,4725.02380139251,4646.24632076016
85946,Apartamento de 58m² com 02 quartos à venda  ,Jardim Botanico,Zona Sul,2,2,1,58.0,385000.0,6637.93103448276,7403.36272123417,7019.92781217448
198488,Apartamento de 57m² com 02 quartos para locação e venda   Alto da Boa Vista,Jardim das Oliveiras,Zona Norte,2,2,1,57.0,388467.0,6815.21052631579,6740.93859649123,4316.94719953754
234509,Apartamento de 58m² com 01 quarto á venda   Jardim Botânico,Jardim Botanico,Zona Sul,1,1,1,58.0,350000.0,6034.48275862069,7403.36272123417,7019.92781217448
121562,Apartamento de 85m² com 03 quartos à venda   Parque dos Bandeirantes,Parque dos Bandeirantes,Zona Leste,3,3,2,85.0,350000.0,4117.64705882353,4072.45658506483,4646.24632076016
238505,Apartamento de 49m² com 01 quarto e varanda gourmet à venda   Nova Aliança,Nova Alianca,Zona Sul,1,1,1,49.0,360000.0,7346.9387755102,7235.27815404702,7019.92781217448
217826,Apartamento de 48m² com 02 quartos à venda   Jardim Olhos D`Água,Jardim Olhos DAgua,Zona Sul,2,1,1,48.0,370000.0,7708.33333333333,9706.16858313729,7019.92781217448
225581,Apartamento de 75m² com 03 quartos à venda   Jardim Botânico,Jardim Botanico,Zona Sul,3,2,2,75.0,380000.0,5066.66666666667,7403.36272123417,7019.92781217448
240149,Apartamento de 50m² com 02 quartos sendo 01 suíte à venda   Parque Bandeirantes,Parque dos Bandeirantes,Zona Leste,1,1,1,50.0,390000.0,7800.0,4072.45658506483,4646.24632076016
239300,Apartamento de 95m² 03 quartos sendo 01 suíte no Jardim Irajá,Jardim Iraja,Zona Sul,3,2,2,95.0,390000.0,4105.26315789474,5843.60369977321,7019.92781217448
221918,Apartamento de 64m² com 02 quartos sendo 01 suíte à venda   Jardim Paulista,Jardim Paulista,Zona Leste,2,2,1,64.0,390000.0,6093.75,4839.65243893052,4646.24632076016
220889,Apartamento de 65m² com 03 quartos sendo 01 suíte para locação   Sumarezinho,Sumarezinho,Zona Oeste,3,2,1,65.0,390000.0,6000.0,4702.46841942496,4568.83198282477
220343,Apartamento de 83m² com 03 quartos à venda   Jardim Irajá,Jardim Iraja,Zona Sul,3,3,1,83.0,390000.0,4698.79518072289,5843.60369977321,7019.92781217448
217022,Apartamento de 83m² com 02 suítes à venda   Residencial Greenville,Residencial Greenville,Zona Norte,2,3,1,83.0,390000.0,4698.79518072289,4670.88804474239,4316.94719953754
216098,Apartamento de 80m² com 03 quartos à venda   Vila Tibério,Vila Tiberio,Zona Oeste,3,2,2,80.0,390000.0,4875.0,5772.27801236641,4568.83198282477
212933,Apartamento de 125m² com 03 quartos à venda   Campos Elíseos,Campos Eliseos,Zona Norte,3,3,1,125.0,390000.0,3120.0,4308.89631323999,4316.94719953754
212501,Apartamento de 80m² com 02 quartos para venda   Vila Tibério,Vila Tiberio,Zona Oeste,1,2,2,80.0,390000.0,4875.0,5772.27801236641,4568.83198282477
208805,Apartamento mobilado de 45m² com 01 suíte para locação   Jardim Botânico,Jardim Botanico,Zona Sul,1,1,1,45.0,390000.0,8666.66666666667,7403.36272123417,7019.92781217448
202613,APARTAMENTO NA VILA TIBERIO,Vila Tiberio,Zona Oeste,3,2,2,80.0,390000.0,4875.0,5772.27801236641,4568.83198282477
202025,APARTAMENTO NA VILA TIBERIO,Vila Tiberio,Zona Oeste,3,2,2,80.0,390000.0,4875.0,5772.27801236641,4568.83198282477
201884,APARTAMENTO NA VILA TIBERIO,Vila Tiberio,Zona Oeste,3,2,2,80.0,390000.0,4875.0,5772.27801236641,4568.83198282477
201512,APARTAMENTO NA VILA TIBERIO,Vila Tiberio,Zona Oeste,2,2,2,80.0,390000.0,4875.0,5772.27801236641,4568.83198282477
201455,APARTAMENTO NA VILA TIBERIO,Vila Tiberio,Zona Oeste,2,2,2,80.0,390000.0,4875.0,5772.27801236641,4568.83198282477
201197,APARTAMENTO NA VILA TIBERIO,Vila Tiberio,Zona Oeste,3,2,2,80.0,390000.0,4875.0,5772.27801236641,4568.83198282477
201041,Apartamento de 80m² com 03 quartos para locação e venda   Vila Tibério,Vila Tiberio,Zona Oeste,3,2,2,80.0,390000.0,4875.0,5772.27801236641,4568.83198282477
200525,EXCELENTE OPORTUNIDADE DE APARTAMENTO REFORMADO NO JARDIM MACEDO,Jardim Macedo,Zona Leste,3,2,2,93.0,390000.0,4193.54838709678,4049.64935899923,4646.24632076016
195782,Apartamento de 106m² com 03 quartos à venda   Jardim Irajá,Jardim Sao Luiz,Zona Sul,3,2,1,106.0,390000.0,3679.24528301887,5775.49648772587,7019.92781217448
195395,APARTAMENTO NO ANA MARIA,Vila Ana Maria,Zona Sul,2,2,1,69.0,390000.0,5652.17391304348,6534.36599324832,7019.92781217448
194429,Apartamento de 69m² com 02 quartos à venda   Jardim Irajá,Jardim Iraja,Zona Sul,2,2,1,69.0,390000.0,5652.17391304348,5843.60369977321,7019.92781217448
191615,****APARTAMENTO NA VILA TIBERIO****,Vila Tiberio,Zona Oeste,3,2,2,80.0,390000.0,4875.0,5772.27801236641,4568.83198282477
189197,Apartamento de 117m² com 03 quartos á venda   Jardim Irajá,Condominio Itamaraty,Zona Oeste,3,2,1,117.0,390000.0,3333.33333333333,5336.72097624817,4568.83198282477
176879,Apartamento térreo de 70m² com 02 suítes à venda   Jardim Botânico,Jardim Botanico,Zona Sul,2,3,2,70.0,390000.0,5571.42857142857,7403.36272123417,7019.92781217448
165461,Apartamento de 02 quartos à venda   Santa Cruz do José Jacques,Santa Cruz do Jose Jacques,Zona Sul,2,2,1,74.0,390000.0,5270.27027027027,6190.18466407645,7019.92781217448
165458,Apartamento de 74m² com 02 quartos sendo 01 suíte à venda   Santa Cruz dos Jacques,Santa Cruz do Jose Jacques,Zona Sul,2,2,1,74.0,390000.0,5270.27027027027,6190.18466407645,7019.92781217448
165446,Apartamento de 74m² com 02 quartos para locação   Santa Cruz do José Jacques,Santa Cruz do Jose Jacques,Zona Sul,2,2,1,74.0,390000.0,5270.27027027027,6190.18466407645,7019.92781217448
155858,Apartamento de 69m² com 02 quartos para locação   Jardim Botânico,Jardim Botanico,Zona Sul,2,3,1,69.0,390000.0,5652.17391304348,7403.36272123417,7019.92781217448
152387,Apartamento de 129m² com 03 quartos à venda   Centro,Centro,Centro,3,3,1,129.0,390000.0,3023.25581395349,3969.0889863009,4114.37759196461
151130,Apartamento de 103m² com 03 quartos à venda   Centro,Centro,Centro,3,2,1,103.0,390000.0,3786.40776699029,3969.0889863009,4114.37759196461
143600,**APARTAMENTO COM 2 SUÍTES**,Vila Seixas,Centro,2,3,1,79.0,390000.0,4936.70886075949,4862.36131633665,4114.37759196461
109886,Apartamento de 02 quartos á venda   Jardim Botânico,Jardim Botanico,Zona Sul,2,2,1,65.0,390000.0,6000.0,7403.36272123417,7019.92781217448
101063,Apartamento térreo de 96m² com 03 quartos à venda   Jardim Paulista,Jardim Paulista,Zona Leste,3,3,1,96.0,390000.0,4062.5,4839.65243893052,4646.24632076016
98009,Apartamento de 98m² com 02 quartos à venda   Alto da Boa Vista,Alto da Boa Vista,Zona Sul,2,1,1,98.0,390000.0,3979.59183673469,5935.13838933655,7019.92781217448
96425,APARTAMENTO NO CENTRO,Centro,Centro,2,2,1,65.0,390000.0,6000.0,3969.0889863009,4114.37759196461
79061,Apartamento de 60m² com 01 quarto à venda   Santa Cruz do José Jacques,Santa Cruz do Jose Jacques,Zona Sul,1,1,1,60.0,390000.0,6500.0,6190.18466407645,7019.92781217448
62894,Apartamento de 123m² com 03 quartos à venda   Centro,Centro,Centro,3,3,1,123.0,390000.0,3170.73170731707,3969.0889863009,4114.37759196461
6362,Apartamento de 97m² com 03 quartos à venda   Centro,Centro,Centro,3,2,1,97.0,390000.0,4020.61855670103,3969.0889863009,4114.37759196461
79187,Apartamento de 02 quartos para locação   Monte Alegre,Vila Monte Alegre,Zona Oeste,2,2,1,93.0,392000.0,4215.05376344086,5171.67916226382,4568.83198282477
170939,Lindo Apartamento a 7min do Shopping Santa Úrsula,Vila Virginia,Zona Oeste,2,1,1,73.0,392182.96,5372.36931506849,4199.44386633332,4568.83198282477
141569,APARTAMENTO PADRÃO AVENIDA CARAMURU,Jardim Sumare,Zona Sul,3,2,2,84.0,385000.0,4583.33333333333,6366.17718327786,7019.92781217448
146654,Apartamento de 95m² com 02 quartos para locação   Centro,Centro,Centro,2,1,1,95.0,393000.0,4136.84210526316,3969.0889863009,4114.37759196461
121772,APARTAMENTO NO IRAJA,Jardim Iraja,Zona Sul,3,2,1,85.0,393000.0,4623.52941176471,5843.60369977321,7019.92781217448
91607,Apartamento de 46m² com 01 quartos para venda e locação   Vila Monte Alegre,Vila Monte Alegre,Zona Oeste,1,1,1,46.0,393000.0,8543.47826086957,5171.67916226382,4568.83198282477
232043,Apartamento padrão de 101m² com 03 quartos para venda   Jardim Irajá,Jardim Iraja,Zona Sul,3,3,1,101.0,380000.0,3762.37623762376,5843.60369977321,7019.92781217448
243095,Apartamento de 42m² com 01 quarto à venda   Jardim Sumaré,Jardim Sumare,Zona Sul,1,1,1,42.0,395000.0,9404.76190476191,6366.17718327786,7019.92781217448
233963,Apartamento de 101m² com 03 quartos à venda   Jardim Irajá,Jardim Iraja,Zona Sul,3,2,1,101.0,395000.0,3910.89108910891,5843.60369977321,7019.92781217448
232595,Apartamento/Padrão   Residencial   No bairro Jardim Palma Travassos   Edifício Paranoá,Jardim Castelo Branco,Zona Leste,3,2,1,82.0,395000.0,4817.07317073171,4046.86527169807,4646.24632076016
82835,Apartamento de 68m² com 02 suítes à venda   Jardim Botânico,Jardim Botanico,Zona Sul,2,3,2,68.0,395000.0,5808.82352941177,7403.36272123417,7019.92781217448
82832,Apartamento de 77m² com 02 suítes   Jardim Botânico,Jardim Botanico,Zona Sul,2,2,2,77.0,395000.0,5129.87012987013,7403.36272123417,7019.92781217448
123107,Apartamento de 03 quartos para locação e venda   Centro,Centro,Centro,3,3,1,90.0,397000.0,4411.11111111111,3969.0889863009,4114.37759196461
215855,Apartamento de 51m² com 02 quartos à venda   Vila Amélia,Vila Tiberio,Zona Oeste,2,1,1,51.0,398693.0,7817.50980392157,5772.27801236641,4568.83198282477
221300,Apartamento de 54m² com 02 quartos à venda   Dom Bernardo José Mielle,Dom Bernardo Jose Mielle,Zona Norte,2,1,1,54.0,399000.0,7388.88888888889,5962.96296296296,4316.94719953754
111974,Apartamento   Padrão,Centro,Centro,3,2,1,148.0,399000.0,2695.94594594595,3969.0889863009,4114.37759196461
89141,Apartamento de 100m² com 03 quartos á venda   Santa Cruz do José Jacques,Santa Cruz do Jose Jacques,Zona Sul,3,2,1,100.0,399000.0,3990.0,6190.18466407645,7019.92781217448
232511,Apartamento de 81m² com 02 quartos à venda   Jardim Paulista,Jardim Paulista,Zona Leste,2,2,2,81.0,399000.0,4925.92592592593,4839.65243893052,4646.24632076016
235415,Apartamento de 124m² com 03 quartos para locação e venda   Centro,Centro,Centro,3,4,2,124.0,550000.0,4435.48387096774,3969.0889863009,4114.37759196461
245030,Apartamento de 78m² com 03 quartos sendo 01 suíte para locação e venda   Quinta da Primavera,Quinta da Primavera,Zona Sul,3,2,2,78.0,600000.0,7692.30769230769,8334.13944069942,7019.92781217448
83519,Apartamento   Padrão,Jardim Botanico,Zona Sul,3,4,2,109.0,650000.0,5963.30275229358,7403.36272123417,7019.92781217448
186332,Apartamento de 71m² com 03 quartos para locação e venda   Ribeirânia,Ribeirania,Zona Leste,3,2,2,71.0,720000.0,10140.8450704225,6622.45012983218,4646.24632076016
116972,Apartamento de 132m² com 03 quartos para locação e venda   Centro,Centro,Centro,3,4,1,132.0,850000.0,6439.39393939394,3969.0889863009,4114.37759196461
206102,Apartamento de 131m² com 03 suítes para locação   Jardim Nova Aliança,Nova Alianca,Zona Sul,3,5,2,131.0,950000.0,7251.90839694657,7235.27815404702,7019.92781217448
239129,Apartamento de 86m² com 03 quartos para locação e venda   Quinta da primavera,Quinta da Primavera,Zona Sul,3,3,2,86.0,711000.0,8267.44186046512,8334.13944069942,7019.92781217448
202664,Apartamento de 183m² com 03 quartos à venda   Jardim Botânico,Jardim Botanico,Zona Sul,3,5,3,183.0,1900000.0,10382.5136612022,7403.36272123417,7019.92781217448
213569,Apartamento de 69m² com 01 suíte para locação   Jardim Olhos D`Água,Jardim Olhos DAgua,Zona Sul,1,2,2,69.0,690000.0,10000.0,9706.16858313729,7019.92781217448
240242,Apartamento de 85m² com 02 Suítes a venda   Nova Aliança,Nova Alianca,Zona Sul,2,3,2,85.0,680000.0,8000.0,7235.27815404702,7019.92781217448
240239,Apartamento de 85m² com 02 suítes para locação e venda   Nova Aliança,Nova Alianca,Zona Sul,2,3,2,85.0,710000.0,8352.94117647059,7235.27815404702,7019.92781217448
148922,Apartamento de 107m² com 03 quartos para locação e venda   Jardim Paulista,Jardim Paulista,Zona Leste,3,2,2,107.0,799000.0,7467.28971962617,4839.65243893052,4646.24632076016
216596,Apartamento de 60m² com 02 suítes para locação e venda   Vila do Golf.,Residencial Taiwan,Zona Sul,2,3,1,60.0,550000.0,9166.66666666667,8758.91786179922,7019.92781217448
218576,Apartamento de 166m² com 02 suítes à venda   Jardim Irajá,Jardim Iraja,Zona Sul,3,5,3,166.0,980000.0,5903.61445783133,5843.60369977321,7019.92781217448
112688,Apartamento de 139m² com 04 quartos à venda   Jardim Canadá,Jardim Canada,Zona Sul,4,4,2,139.0,990000.0,7122.30215827338,7006.02337064892,7019.92781217448
225158,Apartamento mobiliado de 32m² com 01 quarto para locação e venda   Vila Seixas,Vila Seixas,Centro,1,1,1,32.0,180000.0,5625.0,4862.36131633665,4114.37759196461
244589,Apartamento de 73m² com 02 quartos para locação e venda   Bosque das Juritis,Bosque das Juritis,Zona Sul,2,2,1,73.0,610000.0,8356.16438356164,8028.33244392152,7019.92781217448
242888,Apartamento de 85m² com 02 quartos para locação e venda   Nova Aliança,Nova Alianca,Zona Sul,2,3,2,85.0,826248.0,9720.56470588235,7235.27815404702,7019.92781217448
242885,Apartamento de 85m² com 02 quartos para locação e venda   Nova Aliança,Nova Alianca,Zona Sul,2,3,2,85.0,865000.0,10176.4705882353,7235.27815404702,7019.92781217448
242759,Apartamento de 137m² com 04 quartos para locação e venda   Jardim Irajá,Jardim Iraja,Zona Sul,4,4,2,137.0,890000.0,6496.3503649635,5843.60369977321,7019.92781217448
133454,Apartamento de 200m² com 03 suítes para venda e locação   Vila Seixas,Vila Seixas,Centro,3,4,3,200.0,950000.0,4750.0,4862.36131633665,4114.37759196461
244274,Apartamento de 85m² com 03 quartos para venda e locação   Nova Aliança,Nova Alianca,Zona Sul,2,3,2,85.0,750179.0,8825.63529411765,7235.27815404702,7019.92781217448
244271,Apartamento de 85m² com 02 suítes para venda e locação   Nova Aliança,Nova Alianca,Zona Sul,2,3,2,85.0,750129.0,8825.04705882353,7235.27815404702,7019.92781217448
207926,Apartamento mobiliado de 64m² com 02 quartos para venda e locação   Jardim Botânico,Alamedas do Botanico,Zona Sul,2,2,1,64.0,753000.0,11765.625,10304.3391731634,7019.92781217448
212027,Apartamento de 59m² com 02 quartos para locação e venda   Jardim Sumaré,Jardim Sumare,Zona Sul,2,2,2,59.0,850000.0,14406.779661017,6366.17718327786,7019.92781217448
203750,Apartamento com 123m² com 3 quartos para locação e venda   Santa Cruz dos Jacques,Santa Cruz do Jose Jacques,Zona Sul,3,4,2,123.0,890000.0,7235.77235772358,6190.18466407645,7019.92781217448
128861,Apartamento de 64m² com 02 quartos a venda   Jardim Paulista,Jardim Paulista,Zona Leste,2,2,1,64.0,280000.0,4375.0,4839.65243893052,4646.24632076016
196343,APARTAMENTO NO CENTRO,Centro,Centro,3,2,1,140.0,330000.0,2357.14285714286,3969.0889863009,4114.37759196461
87896,Apartamento de 99m² com 03 quatos sendo 01 suíte para venda   Vila Tibério,Vila Tiberio,Zona Oeste,3,2,1,99.0,350000.0,3535.35353535354,5772.27801236641,4568.83198282477
67718,Apartamento de 03 quartos para locação   Jardim Irajá,Jardim Iraja,Zona Sul,3,2,1,96.0,350000.0,3645.83333333333,5843.60369977321,7019.92781217448
183341,Apartamento de 117m² com 03 quartos   Jardim Paulistano,Jardim Paulistano,Zona Leste,3,2,1,117.0,360000.0,3076.92307692308,4354.41245373771,4646.24632076016
230546,Apartamento de 69m² com 02 quartos á venda   Jardim Paulista,Jardim Paulista,Zona Leste,2,1,1,69.0,361000.0,5231.88405797101,4839.65243893052,4646.24632076016
162947,APARTAMENTO PRÓXIMO AO PARQUE CARLOS RAYA,Jardim Iraja,Zona Sul,3,2,1,68.0,370000.0,5441.17647058824,5843.60369977321,7019.92781217448
163052,Apartamento para venda com 3 quartos   Jardim Irajá,Jardim Iraja,Zona Sul,3,2,1,104.0,371000.0,3567.30769230769,5843.60369977321,7019.92781217448
90542,Apartamento de 90m² com 03 quartos sendo 01 suíte para venda   Centro,Centro,Centro,3,3,1,90.0,372000.0,4133.33333333333,3969.0889863009,4114.37759196461
204359,Apartamento de 75m² com 02 quartos   Jardim Botânico,Jardim Botanico,Zona Sul,2,2,1,75.0,385000.0,5133.33333333333,7403.36272123417,7019.92781217448
185618,Apartamento de 146m² com 03 quartos para locação   Centro,Centro,Centro,3,3,1,146.0,386000.0,2643.83561643836,3969.0889863009,4114.37759196461
202202,APARTAMENTO NA VILA TIBERIO,Vila Tiberio,Zona Oeste,2,2,2,80.0,390000.0,4875.0,5772.27801236641,4568.83198282477
245081,Apartamento de 56m² com 2 quartos à venda   Jardim Nova Aliança,Nova Alianca,Zona Sul,2,2,1,56.0,400000.0,7142.85714285714,7235.27815404702,7019.92781217448
239807,Apartamento de 100m² com 03 quartos sendo 01 suíte à venda   Centro,Centro,Centro,3,3,1,100.0,400000.0,4000.0,3969.0889863009,4114.37759196461
239690,Apartamento de 63m² com 02 quartos e 01 escritório para venda   Guaporés,Jardim Guapore,Zona Sul,2,2,2,63.0,400000.0,6349.20634920635,6349.20634920635,7019.92781217448
239663,Apartamento Reformado de 76m² com 02 quartos à venda   Centro,Jardim Sumare,Zona Sul,2,2,1,76.0,400000.0,5263.15789473684,6366.17718327786,7019.92781217448
236975,Apartamento de 90m² com 03 quartos à venda   Centro,Centro,Centro,3,3,1,90.0,400000.0,4444.44444444444,3969.0889863009,4114.37759196461
234008,Apartamento térreo de 95m² com 03 quartos para venda   Jardim Irajá,Jardim Iraja,Zona Sul,3,2,1,95.0,400000.0,4210.52631578947,5843.60369977321,7019.92781217448
223880,Apartamento de 100m² com 03 quartos sendo 01 suíte à venda   Alto da Boa Vista,Centro,Centro,3,2,1,100.0,400000.0,4000.0,3969.0889863009,4114.37759196461
222773,Apartamento de 92m² com 03 quartos sendo 01 suíte à venda   Jardim Paulistano,Jardim Paulistano,Zona Leste,3,3,1,92.0,400000.0,4347.82608695652,4354.41245373771,4646.24632076016
214985,Apartamento de 199m² com 03 quartos para locação e venda   Centro,Centro,Centro,3,2,1,199.0,400000.0,2010.05025125628,3969.0889863009,4114.37759196461
210266,Apartamento de 64m² com 03 quartos à venda   Vila Monte Alegre,Vila Monte Alegre,Zona Oeste,3,2,1,64.0,400000.0,6250.0,5171.67916226382,4568.83198282477
208874,"Apartamento   Studio com 1 Banheiro à Venda, 39.00 M² apartir de R$ 400.000,00",Jardim Sumare,Zona Sul,1,1,1,39.0,400000.0,10256.4102564103,6366.17718327786,7019.92781217448
208868,Apartamento de 107m² com 03 quartos para locação e venda   Bairro Centro,Centro,Centro,3,2,1,107.0,400000.0,3738.31775700935,3969.0889863009,4114.37759196461
206954,Apartamento de 44m² com 01 suíte para locação e venda   Jardim Recreio,Jardim Recreio,Zona Oeste,1,2,1,44.0,400000.0,9090.90909090909,8593.41750841751,4568.83198282477
202724,LINDO APARTAMENTO RESIDENCIAL E COMERCIAL PALMARES,Residencial e Comercial Palmares,Zona Leste,2,3,1,95.0,400000.0,4210.52631578947,3830.73455662616,4646.24632076016
202253,APARTAMENTO JARDIM AMERICA,Jardim America,Zona Sul,3,2,1,99.0,400000.0,4040.40404040404,5600.32705609696,7019.92781217448
201800,Apartamento de 62m² com 02 quartos   Ribeirânia,Ribeirania,Zona Leste,2,2,1,62.0,400000.0,6451.61290322581,6622.45012983218,4646.24632076016
201791,EXCELENTE APARTAMENTO NOVO PARA LOCAÇÃO NO BAIRRO RESIDENCIAL MONTERREY,Residencial Monterrey,Zona Norte,2,1,1,49.0,400000.0,8163.26530612245,7856.18677910372,4316.94719953754
195425,LINDO APARTAMENTO NO PARQUE DOS BANDEIRANTES,Parque dos Bandeirantes,Zona Leste,3,2,2,93.0,400000.0,4301.0752688172,4072.45658506483,4646.24632076016
194333,APARTAMENTO PRÓXIMO AVENIDA NOVE DE JULHO,Centro,Centro,3,3,1,210.0,400000.0,1904.76190476191,3969.0889863009,4114.37759196461
192059,APARTAMENTO PQ DOS BANDEIRANTES,Parque dos Bandeirantes,Zona Leste,3,3,1,137.0,400000.0,2919.70802919708,4072.45658506483,4646.24632076016
188288,Apartamento / Padrão   Higienópolis   Venda   Residencial | Costa do Sol,Higienopolis,Centro,3,2,2,96.0,400000.0,4166.66666666667,3745.12101181726,4114.37759196461
188156,LINDO APARTAMENTO NO JARDIM SÃO LUIZ,Jardim Sao Luiz,Zona Sul,2,2,2,70.0,400000.0,5714.28571428572,5775.49648772587,7019.92781217448
187922,EXCELENTE APARTAMENTO NA MELHOR LOCALIZAÇÃO DO JARDIM PALMA TRAVASSOS,Jardim Palma Travassos,Zona Leste,2,1,1,54.0,400000.0,7407.40740740741,4725.02380139251,4646.24632076016
186407,Ótimo apartamento próximo à Unaerp,Iguatemi,Zona Norte,3,3,2,107.0,400000.0,3738.31775700935,4838.13811749042,4316.94719953754
178796,Apartamento com 03 quartos para locação e venda   Centro,Centro,Centro,3,2,1,103.0,400000.0,3883.49514563107,3969.0889863009,4114.37759196461
175238,Apartamento de 172m² com 03 quartos para locação   Sumaré,Jardim Sumare,Zona Sul,4,3,1,172.0,400000.0,2325.58139534884,6366.17718327786,7019.92781217448
174548,APARTAMENTO NA VILA ANA MARIA,Vila Ana Maria,Zona Sul,1,2,2,66.0,400000.0,6060.60606060606,6534.36599324832,7019.92781217448
171539,LINDO APARTAMENTO NO ALTO DA BOA VISTA,Alto da Boa Vista,Zona Sul,3,2,1,80.0,400000.0,5000.0,5935.13838933655,7019.92781217448
167795,APARTAMENTO NO CENTRO,Centro,Centro,3,3,1,210.0,400000.0,1904.76190476191,3969.0889863009,4114.37759196461
167459,APARTAMENTO NO JARDIM PAULISTA,Jardim Paulista,Zona Leste,3,2,2,127.0,400000.0,3149.6062992126,4839.65243893052,4646.24632076016
166151,APARTAMENTO PRÓXIMO AO RIBEIRÃO SHOPPING,Vila Ana Maria,Zona Sul,1,1,1,54.0,400000.0,7407.40740740741,6534.36599324832,7019.92781217448
162875,APARTAMENTO PRÓXIMO À AVENIDA CASTELO BRANCO,Iguatemi,Zona Norte,3,2,1,107.0,400000.0,3738.31775700935,4838.13811749042,4316.94719953754
160238,Apartamento de 103m² com 03 quartos   Vila Monte Alegre,Vila Monte Alegre,Zona Oeste,3,2,1,103.0,400000.0,3883.49514563107,5171.67916226382,4568.83198282477
157715,Apartamento de 72m² com 02 quartos para venda   Vila Seixas,Vila Seixas,Centro,2,3,2,72.0,400000.0,5555.55555555556,4862.36131633665,4114.37759196461
154025,APARTAMENTO PRÓXIMO À AVENIDA INDEPENDÊNCIA,Centro,Centro,3,3,1,100.0,400000.0,4000.0,3969.0889863009,4114.37759196461
147791,Apartamento mobiliado para locação e venda   Centro,Centro,Centro,1,1,1,49.0,400000.0,8163.26530612245,3969.0889863009,4114.37759196461
141440,APARTAMENTO COM LOCALIZAÇÃO PRIVILEGIADA NO CENTRO,Centro,Centro,3,3,1,100.0,400000.0,4000.0,3969.0889863009,4114.37759196461
138875,APARTAMENTO JARDIM BOTÂNICO,Jardim Botanico,Zona Sul,2,2,1,67.0,400000.0,5970.14925373134,7403.36272123417,7019.92781217448
135887,Apartamento de 107m² com 03 quartos à venda   Alto da Boa Vista,Alto da Boa Vista,Zona Sul,3,2,1,107.0,400000.0,3738.31775700935,5935.13838933655,7019.92781217448
128900,Apartamento de 59m² com 02 quartos para locação e venda   Jardim Paulista,Jardim Paulista,Zona Leste,2,2,1,59.0,400000.0,6779.66101694915,4839.65243893052,4646.24632076016
128630,Apartamento de 79m² com 03 quartos à venda   Campos Elíseos,Parque dos Bandeirantes,Zona Leste,3,2,1,79.0,400000.0,5063.29113924051,4072.45658506483,4646.24632076016
120941,Apartamento de 75m² com 2 quartos à venda no Parque Industrial Lagoinha.,Parque Industrial Lagoinha,Zona Leste,2,2,1,75.0,400000.0,5333.33333333333,4502.88532269356,4646.24632076016
105635,Apartamento de 76m² com 02 quartos à venda   Centro,Centro,Centro,2,1,1,76.0,400000.0,5263.15789473684,3969.0889863009,4114.37759196461
103970,Apartamento de 107m² com 03 quartos para locação e venda   Centro,Centro,Centro,3,2,1,107.0,400000.0,3738.31775700935,3969.0889863009,4114.37759196461
101639,Apartamento de 85m² com 02 quartos sendo 01 suíte para locação   Jardim Irajá,Jardim Iraja,Zona Sul,2,2,1,85.0,400000.0,4705.88235294118,5843.60369977321,7019.92781217448
98756,Apartamento de 90m² com 03 quartos à venda   No Irajá,Jardim Iraja,Zona Sul,3,2,1,90.0,400000.0,4444.44444444444,5843.60369977321,7019.92781217448
93605,Apartamento de 80m² com 03 quartos para locação   Alto da Boa Vista,Alto da Boa Vista,Zona Sul,3,2,1,80.0,400000.0,5000.0,5935.13838933655,7019.92781217448
86474,Apartamento de 96m² com 03 quartos   Jardim Irajá,Jardim Iraja,Zona Sul,3,2,1,96.0,400000.0,4166.66666666667,5843.60369977321,7019.92781217448
83405,Apartamento de 75m² com 03 quartos à venda   Jardim Irajá,Jardim Iraja,Zona Sul,3,2,2,75.0,400000.0,5333.33333333333,5843.60369977321,7019.92781217448
80354,Apartamento de 158m² com 02 quartos   Centro,Centro,Centro,3,2,1,158.0,400000.0,2531.64556962025,3969.0889863009,4114.37759196461
77054,Apartamento   Padrão,Jardim Paulista,Zona Leste,2,2,1,58.0,400000.0,6896.55172413793,4839.65243893052,4646.24632076016
75593,Apartamento 63m² com 02 quartos para locação   Jardim Botânico,Jardim Botanico,Zona Sul,2,2,2,63.0,400000.0,6349.20634920635,7403.36272123417,7019.92781217448
66503,APARTAMENTO PRÓXIMO AO SHOPPING SANTA ÚRSULA,Centro,Centro,3,3,1,132.0,400000.0,3030.30303030303,3969.0889863009,4114.37759196461
64979,Apartamento   Padrão,Jardim Paulistano,Zona Leste,3,3,1,140.0,400000.0,2857.14285714286,4354.41245373771,4646.24632076016
15344,APARTAMENTO NO CENTRO,Centro,Centro,2,2,1,83.0,400000.0,4819.27710843374,3969.0889863009,4114.37759196461
228122,Lançamento: Alto da Mata Residencial   Apartamento de 68m² com 03 quartos com suíte à venda   Vivendas da Mata,Real Sul,Zona Sul,3,2,1,68.0,400500.0,5889.70588235294,5616.30356336225,7019.92781217448
184256,Apartamento de 50m² com 02 quartos à venda   City Ribeirão,City Ribeirao,Zona Sul,2,2,1,50.0,400732.0,8014.64,5481.73996829135,7019.92781217448
179345,Apartamento de 49m² com 02 quartos à venda   City Ribeirão,City Ribeirao,Zona Sul,2,1,1,49.0,401428.0,8192.40816326531,5481.73996829135,7019.92781217448
218426,Apartamento de 64m² com 02 quartos à venda   Jardim Paulista,Jardim Paulista,Zona Leste,2,2,1,64.0,402000.0,6281.25,4839.65243893052,4646.24632076016
217361,Apartamento de 88m² com 03 quartos à venda   Centro,Centro,Centro,3,2,1,88.0,403000.0,4579.54545454546,3969.0889863009,4114.37759196461
166364,Apartamento de 101m² com 03 quartos à venda   Jardim Paulistano,Jardim Paulistano,Zona Leste,3,2,2,101.0,403000.0,3990.09900990099,4354.41245373771,4646.24632076016
122153,Apartamento de 62m² com 02 quartos à venda   Jardim Botânico,Jardim Botanico,Zona Sul,2,2,1,62.0,403000.0,6500.0,7403.36272123417,7019.92781217448
106661,APARTAMENTO DIFERENCIADO NO CENTRO,Centro,Centro,3,3,1,193.0,403000.0,2088.0829015544,3969.0889863009,4114.37759196461
96422,Apartamento de 65m² com 02 quartos à venda   Centro,Centro,Centro,2,2,1,65.0,403000.0,6200.0,3969.0889863009,4114.37759196461
236177,Apartamento de 97m² com 3 quartos à venda   Jardim Irajá.,Jardim Iraja,Zona Sul,3,1,1,97.0,404500.0,4170.10309278351,5843.60369977321,7019.92781217448
214637,Apartamento de 73m² com 03 quartos à venda   Jardim Zaneti,Jardim Zaneti,Zona Leste,3,2,1,73.0,405000.0,5547.94520547945,5101.59206004099,4646.24632076016
201071,APARTAMENTO DIFERENCIADO NO CENTRO DE RIBEIRÃO,Centro,Centro,2,2,2,72.0,405000.0,5625.0,3969.0889863009,4114.37759196461
184655,Apartamento de 02 quartos para locação   Jardim Botânico,Jardim Botanico,Zona Sul,2,2,1,65.0,405000.0,6230.76923076923,7403.36272123417,7019.92781217448
181220,Apartamento de 64m² com 02 quartos e 02 suítes à venda   Jardim Botanico,Jardim Botanico,Zona Sul,2,3,2,64.0,405000.0,6328.125,7403.36272123417,7019.92781217448
166772,APARTAMENTO NA VILA SEIXAS,Vila Seixas,Centro,3,3,1,132.0,405000.0,3068.18181818182,4862.36131633665,4114.37759196461
129113,APARTAMENTO NA VILA TIBERIO,Vila Tiberio,Zona Oeste,3,2,2,80.0,390000.0,4875.0,5772.27801236641,4568.83198282477
240875,Apartamento de 62m² com 02 quartos sendo 01 suíte à venda   Loteamento Santa Marta,Loteamento Santa Marta,Zona Norte,2,2,1,62.0,380000.0,6129.03225806452,5386.60691471388,4316.94719953754
205625,Apartamento de 99m² com 03 quartos à venda   Vila Tibério,Vila Tiberio,Zona Oeste,3,3,2,99.0,380000.0,3838.38383838384,5772.27801236641,4568.83198282477
150980,Apartamento de 67m² com 03 quartos à venda   Alto da Boa Vista,Alto da Boa Vista,Zona Sul,3,2,1,67.0,400000.0,5970.14925373134,5935.13838933655,7019.92781217448
245189,Apartamento de 53m² com 02 quartos planejados à venda   Alto da Boa Vista,Alto da Boa Vista,Zona Sul,2,2,1,53.0,410000.0,7735.84905660377,5935.13838933655,7019.92781217448
224537,Apartamento de 62m² com 02 quartos sendo 01 suíte à venda   Loteamento Santa Marta,Loteamento Santa Marta,Zona Norte,2,2,1,62.0,410000.0,6612.90322580645,5386.60691471388,4316.94719953754
221354,Apartamento de 58m² com 02 quartos à venda   Quintas de São José,Quintas de Sao Jose,Zona Norte,2,2,1,58.0,410000.0,7068.96551724138,6785.09085009028,4316.94719953754
219179,Apartamento de 58m² com 02 quartos à venda   Quintas de São José,Quintas de Sao Jose,Zona Norte,2,2,1,58.0,410000.0,7068.96551724138,6785.09085009028,4316.94719953754
202997,Apartamento reformado com 03 quartos à venda   Centro,Centro,Centro,4,4,1,141.0,410000.0,2907.80141843972,3969.0889863009,4114.37759196461
201131,Apartamento de 02 quartos para locação e venda   Ana Maria,Vila Ana Maria,Zona Sul,2,2,1,69.0,410000.0,5942.02898550725,6534.36599324832,7019.92781217448
199271,APARTAMENTO EM EXCELENTE LOCALIZAÇÃO NO CENTRO,Centro,Centro,2,2,1,96.0,410000.0,4270.83333333333,3969.0889863009,4114.37759196461
170717,Apartamento de 45m² com 01 quarto à venda   Nova Ribeirânia,Nova Ribeirania,Zona Leste,1,2,1,45.0,410000.0,9111.11111111111,6636.64015183677,4646.24632076016
170471,APARTAMENTO NO CENTRO,Centro,Centro,4,4,2,59.0,410000.0,6949.15254237288,3969.0889863009,4114.37759196461
167078,APARTAMENTO NO JD. INDEPENDÊNCIA,Independencia,Zona Norte,3,2,1,89.0,410000.0,4606.74157303371,3844.6605743041,4316.94719953754
163013,Apartamento térreo de 93m² com 02 quartos à venda   Sumarezinho,Sumarezinho,Zona Oeste,2,2,1,93.0,410000.0,4408.60215053764,4702.46841942496,4568.83198282477
155624,APARTAMENTO NO BAIRRO CITY RIBEIRÃO,City Ribeirao,Zona Sul,1,1,1,37.0,410000.0,11081.0810810811,5481.73996829135,7019.92781217448
227402,Apartamento de 55m² com 02 quartos à venda   no Bairro Iguatemi,Iguatemi,Zona Norte,2,1,1,55.0,411000.0,7472.72727272727,4838.13811749042,4316.94719953754
184946,Apartamento de 60m² com 02 quartos para locação e venda   Jardim Paulista,Jardim Paulista,Zona Leste,2,1,1,60.0,394000.0,6566.66666666667,4839.65243893052,4646.24632076016
170936,Lindo Apartamento a 7min do Shopping Santa Úrsula,Vila Virginia,Zona Oeste,2,1,1,77.0,414570.63,5384.03415584416,4199.44386633332,4568.83198282477
151361,Apartamento de 123m² com 03 quartos sendo 01 suíte   Centro,Centro,Centro,3,4,1,123.0,400000.0,3252.0325203252,3969.0889863009,4114.37759196461
245291,Apartamento mobiliado de 58m² com 02 quartos à venda   Nova Aliança,Nova Alianca,Zona Sul,2,2,1,58.0,415000.0,7155.1724137931,7235.27815404702,7019.92781217448
241625,Apartamento de 57m² 02 quartos à venda   no bairro Quinta da Primavera,Quinta da Primavera,Zona Sul,2,1,1,57.0,415000.0,7280.70175438597,8334.13944069942,7019.92781217448
214436,Apartamento de 65m² com 03 quartos à venda   Jardim Sumarezinho,Sumarezinho,Zona Oeste,3,2,1,65.0,415000.0,6384.61538461539,4702.46841942496,4568.83198282477
181952,EXCELENTE APARTAMENTO NO CENTRO,Centro,Centro,3,3,1,100.0,415000.0,4150.0,3969.0889863009,4114.37759196461
177464,APARTAMENTO NO NOVA ALIANÇA,Nova Alianca,Zona Sul,2,2,1,57.0,415000.0,7280.70175438597,7235.27815404702,7019.92781217448
164360,Amplo Apartamento no Iguatemi,Jardim Palma Travassos,Zona Leste,3,2,1,105.0,415000.0,3952.38095238095,4725.02380139251,4646.24632076016
151934,APARTAMENTO MOBILIADO PRÓXIMO À FACULDADE BARÃO DE MAUÁ,Jardim Macedo,Zona Leste,2,2,2,70.0,415000.0,5928.57142857143,4049.64935899923,4646.24632076016
88514,Apartamento de 66m² com 02 suítes para locação e venda   Jardim Botânico,Jardim Botanico,Zona Sul,2,3,2,66.0,415000.0,6287.87878787879,7403.36272123417,7019.92781217448
160772,APARTAMENTO PRÓXIMO À AVENIDA PROFESSOR JOÃO FIÚSA,Alto da Boa Vista,Zona Sul,2,2,1,56.0,419000.0,7482.14285714286,5935.13838933655,7019.92781217448
241640,Apartamento de 67m² com 03 quartos para venda   Alto da Boa Vista,Alto da Boa Vista,Zona Sul,3,2,1,67.0,419999.0,6268.64179104478,5935.13838933655,7019.92781217448
164798,APARTAMENTO NO BAIRRO JARDIM BOTÂNICO,Jardim Botanico,Zona Sul,2,2,1,55.0,380000.0,6909.09090909091,7403.36272123417,7019.92781217448
114716,Apartamento   Padrão,Centro,Centro,3,4,1,160.0,390000.0,2437.5,3969.0889863009,4114.37759196461
235469,Apartamento de 70m² com 02 quartos para venda   Jardim São Luiz,Jardim Sao Luiz,Zona Sul,2,2,1,70.0,400000.0,5714.28571428572,5775.49648772587,7019.92781217448
137588,Apartamento à venda de 109m²   Jardim Irajá   3 quartos sendo 1 suíte,Jardim Iraja,Zona Sul,3,2,1,109.0,400000.0,3669.7247706422,5843.60369977321,7019.92781217448
241310,Apartamento de 116m² com 03 quartos à venda   Centro,Centro,Centro,3,4,1,116.0,420000.0,3620.68965517241,3969.0889863009,4114.37759196461
239645,Apartamento de 142m² com 03 quartos à venda   Centro,Centro,Centro,3,4,1,142.0,420000.0,2957.74647887324,3969.0889863009,4114.37759196461
238295,Apartamento e 71m² com 02 quartos à venda   Jardim Botânico,Jardim Botanico,Zona Sul,2,2,3,71.0,420000.0,5915.49295774648,7403.36272123417,7019.92781217448
237206,Apartamento de 94m² com 03 quartos à venda   Parque Bandeirantes,Parque dos Bandeirantes,Zona Leste,3,2,2,94.0,420000.0,4468.08510638298,4072.45658506483,4646.24632076016
233273,Apartamento de 58m² com 01 suíte à venda   Jardim Botânico,Bosque das Juritis,Zona Sul,1,1,1,58.0,420000.0,7241.37931034483,8028.33244392152,7019.92781217448
230501,Apartamento de 52m² com 02 quartos   Jardim Botânico,Jardim Botanico,Zona Sul,2,1,1,52.0,420000.0,8076.92307692308,7403.36272123417,7019.92781217448
227225,Apartamento de 80m² com 02 quartos à venda   Sumarezinho,Sumarezinho,Zona Oeste,2,2,1,80.0,420000.0,5250.0,4702.46841942496,4568.83198282477
227219,Apartamento de 82m² com 02 quartos com 01 suíte   Sumarezinho,Sumarezinho,Zona Oeste,2,2,1,82.0,420000.0,5121.9512195122,4702.46841942496,4568.83198282477
221921,Apartamento de 64m² com 02 quartos sendo 01 suíte à venda   Jardim Paulista,Jardim Paulista,Zona Leste,2,2,1,64.0,420000.0,6562.5,4839.65243893052,4646.24632076016
219434,Apartamento de 65m² com 02 quartos sendo 01 suíte para locação   Nova Aliança,Nova Alianca,Zona Sul,2,2,2,65.0,420000.0,6461.53846153846,7235.27815404702,7019.92781217448
219164,Apartamento de 103m² com 03 quartos sendo 01 suíte à venda   Centro,Centro,Centro,3,3,1,103.0,420000.0,4077.66990291262,3969.0889863009,4114.37759196461
216884,Apartamento de 55m² com 02 quartos à venda   Residencial Monterrey,Residencial Monterrey,Zona Norte,2,2,1,55.0,420000.0,7636.36363636364,7856.18677910372,4316.94719953754
215315,Apartamento de 132m² com 03 quartos à venda   Monte Alegre,Vila Monte Alegre,Zona Oeste,3,3,2,132.0,420000.0,3181.81818181818,5171.67916226382,4568.83198282477
215036,Apartamento de 84m² com 03 quartos à venda   Alto da Boa Vista,Republica,Zona Oeste,3,1,2,84.0,420000.0,5000.0,5849.08600873347,4568.83198282477
210086,Apartamento de 90m² com 03 quartos à venda   Jardim Irajá,Jardim Iraja,Zona Sul,3,3,1,90.0,420000.0,4666.66666666667,5843.60369977321,7019.92781217448
208259,Apartamento com 86m² com 03 quartos à venda  Parque Industrial Lagoinha,Parque Industrial Lagoinha,Zona Leste,3,2,1,86.0,420000.0,4883.72093023256,4502.88532269356,4646.24632076016
204443,Apartamento de 69m² com 02 quartos à venda   Nova Aliança,Nova Alianca,Zona Sul,2,2,1,69.0,420000.0,6086.95652173913,7235.27815404702,7019.92781217448
203600,APARTAMENTO NO BAIRRO VILA SEIXAS,Vila Seixas,Centro,2,2,1,64.0,420000.0,6562.5,4862.36131633665,4114.37759196461
202544,APARTAMENTO NO JARDIM BOTÂNICO,Bosque das Juritis,Zona Sul,1,1,1,40.0,420000.0,10500.0,8028.33244392152,7019.92781217448
191336,****APARTAMENTO NO JARDIM PALMA TRAVASSOS****,Jardim Palma Travassos,Zona Leste,3,2,1,67.0,420000.0,6268.65671641791,4725.02380139251,4646.24632076016
177917,Apartamento no Jardim Nova Aliança,Nova Alianca,Zona Sul,3,2,2,105.0,420000.0,4000.0,7235.27815404702,7019.92781217448
176693,LINDO APARTAMENTO NO BAIRRO NOVA ALIANÇA!,Nova Alianca,Zona Sul,2,2,1,61.0,420000.0,6885.24590163934,7235.27815404702,7019.92781217448
171653,APARTAMENTO NO CENTRO,Centro,Centro,3,3,1,157.0,420000.0,2675.15923566879,3969.0889863009,4114.37759196461
160676,Apartamento de 93m² com 02 suítes para locação   Bairro Jardim Anhanguera,Jardim Anhanguera,Zona Leste,2,3,2,93.0,420000.0,4516.12903225806,4372.03682882804,4646.24632076016
160079,Apartamento de 102m² com 03 quartos para venda   Centro,Centro,Centro,3,3,1,102.0,420000.0,4117.64705882353,3969.0889863009,4114.37759196461
150269,Apartamento com 93m² com 03 quartos à venda   Parque dos Bandeirantes,Parque dos Bandeirantes,Zona Leste,3,2,2,93.0,420000.0,4516.12903225806,4072.45658506483,4646.24632076016
135722,Apartamento de 103m² com 03 quartos sendo 01 suíte para locação e venda   Vila Seixas,Vila Seixas,Centro,3,3,2,103.0,420000.0,4077.66990291262,4862.36131633665,4114.37759196461
135707,Apartamento de 119m² com 03 quartos à venda   Centro,Centro,Centro,3,2,1,119.0,420000.0,3529.41176470588,3969.0889863009,4114.37759196461
118646,Apartamento de 46m² com 01 quarto para venda   Nova Aliança,Nova Alianca,Zona Sul,1,1,1,46.0,420000.0,9130.4347826087,7235.27815404702,7019.92781217448
112757,EXCELENTE APARTAMENTO NO SANTA CRUZ DO JOSÉ JACQUES,Santa Cruz do Jose Jacques,Zona Sul,3,3,1,93.0,420000.0,4516.12903225806,6190.18466407645,7019.92781217448
106676,Apartamento de 59m² com 01 quarto à venda   Centro,Centro,Centro,1,1,1,59.0,420000.0,7118.64406779661,3969.0889863009,4114.37759196461
106412,Apartamento de 60m² com 01 suíte para locação   City Ribeirão,City Ribeirao,Zona Sul,1,2,1,60.0,420000.0,7000.0,5481.73996829135,7019.92781217448
104339,Apartamento de 59m² com 01 suíte para locação e venda   City Ribeirão,City Ribeirao,Zona Sul,1,2,1,59.0,420000.0,7118.64406779661,5481.73996829135,7019.92781217448
98078,Apartamento de 53m² com 02 quartos à venda   Alto da Boa Vista,Alto da Boa Vista,Zona Sul,2,2,1,53.0,420000.0,7924.52830188679,5935.13838933655,7019.92781217448
93689,APARTAMENTO NO JARDIM PAULISTANO,Jardim Paulistano,Zona Leste,3,3,1,135.0,420000.0,3111.11111111111,4354.41245373771,4646.24632076016
86609,Apartamento de 69m² com 02 quartos à venda   Nova Aliança,Nova Alianca,Zona Sul,2,2,2,69.0,420000.0,6086.95652173913,7235.27815404702,7019.92781217448
85607,Apartamento de 73m² com 03 quartos para locação e venda   Bonfim Paulista,Jardim Zaneti,Zona Leste,3,2,2,73.0,420000.0,5753.42465753425,5101.59206004099,4646.24632076016
84527,APARTAMENTO À VENDA NO BAIRRO JARDIM NOVA ALIANÇA,Nova Alianca,Zona Sul,2,2,2,76.0,420000.0,5526.31578947368,7235.27815404702,7019.92781217448
76331,APARTAMENTO PRÓXIMO À AVENIDA BARÃO DO BANANAL,Parque dos Bandeirantes,Zona Leste,3,2,2,105.0,420000.0,4000.0,4072.45658506483,4646.24632076016
60392,Apartamento   Padrão,Centro,Centro,2,3,1,127.0,420000.0,3307.08661417323,3969.0889863009,4114.37759196461
161999,More na Nova Fiusa   TRIADE FIUSA HOME RESORT,Jardim Olhos DAgua,Zona Sul,2,2,1,55.0,421498.0,7663.6,9706.16858313729,7019.92781217448
161981,More na Nova Fiusa   TRIADE FIUSA HOME RESORT,Jardim Olhos DAgua,Zona Sul,2,2,1,55.0,421498.0,7663.6,9706.16858313729,7019.92781217448
60569,APARTAMENTO NO CENTRO,Centro,Centro,3,2,1,104.0,349000.0,3355.76923076923,3969.0889863009,4114.37759196461
187628,APARTAMENTO NO CENTRO,Centro,Centro,3,3,1,116.0,422000.0,3637.93103448276,3969.0889863009,4114.37759196461
162020,More na Nova Fiusa   TRIADE FIUSA HOME RESORT,Jardim Olhos DAgua,Zona Sul,3,2,1,67.0,422227.0,6301.89552238806,9706.16858313729,7019.92781217448
203894,Apartamento de 95m² com 03 quartos à venda   Jardim Paulista,Jardim Paulista,Zona Leste,3,2,1,95.0,350000.0,3684.21052631579,4839.65243893052,4646.24632076016
140210,Apartamento de 139m² com 03 quartos para venda   Centro,Centro,Centro,3,2,1,139.0,371000.0,2669.06474820144,3969.0889863009,4114.37759196461
205586,Apartamento de 64 m² com 02 quartos à venda   Vila Seixas,Vila Seixas,Centro,2,2,1,64.0,424000.0,6625.0,4862.36131633665,4114.37759196461
201227,APARTAMENTO NO CENTRO,Centro,Centro,3,2,1,100.0,424000.0,4240.0,3969.0889863009,4114.37759196461
171476,APARTAMENTO NA PRESIDENTE MEDICI,Presidente Medici,Zona Leste,3,3,1,114.0,424000.0,3719.29824561404,4508.64185474962,4646.24632076016
153596,APARTAMENTO PRÓXIMO À RODOVIA ANTÔNIO DUARTE NOGUEIRA,Nova Alianca,Zona Sul,3,2,1,62.0,424000.0,6838.70967741936,7235.27815404702,7019.92781217448
150914,Apartamento de 131m² com 03 quartos   Centro,Centro,Centro,3,3,1,131.0,424000.0,3236.64122137405,3969.0889863009,4114.37759196461
125525,apartamento de 75m² com 03 quartos sendo 01 suíte para venda   Jardim São José,Jardim Sao Jose,Zona Norte,3,2,2,75.0,424000.0,5653.33333333333,5893.88238355451,4316.94719953754
113465,Apartamento de 65m² com 02 quartos à venda   Nova Aliança,Nova Alianca,Zona Sul,2,2,1,65.0,424000.0,6523.07692307692,7235.27815404702,7019.92781217448
107834,Apartamento de 75m² com 01 suíte à venda   Vila Tibério,Vila Amelia,Zona Oeste,2,2,1,75.0,424000.0,5653.33333333333,4740.17583820671,4568.83198282477
73808,Apartamento de 69m² com 02 quartos sendo 01 suíte para locação   Nova Aliança,Nova Alianca,Zona Sul,2,2,1,69.0,424000.0,6144.92753623188,7235.27815404702,7019.92781217448
98108,Apartamento de 70m² com 02 quartos para locação e venda   Vila Ana Maria,Vila Ana Maria,Zona Sul,2,2,1,70.0,403000.0,5757.14285714286,6534.36599324832,7019.92781217448
119531,Apartamento de 97m² com 03 quartos à venda   Jardim Palma Travassos,Jardim Palma Travassos,Zona Leste,3,3,3,97.0,420000.0,4329.8969072165,4725.02380139251,4646.24632076016
230768,Apartamento de 213m² com 03 quartos   Jardim América,Jardim America,Zona Sul,3,3,1,213.0,425000.0,1995.30516431925,5600.32705609696,7019.92781217448
225476,Apartamento de 43m² com 01 quarto para locação   Quinta da Primavera,Quinta da Primavera,Zona Sul,1,1,1,43.0,425000.0,9883.72093023256,8334.13944069942,7019.92781217448
210764,Apartamento de 107m² com 02 quartos à venda   Centro,Centro,Centro,2,2,1,107.0,425000.0,3971.96261682243,3969.0889863009,4114.37759196461
209327,Apartamento de 75m² com 01 suíte para locação   Jardim Califórnia,Jardim California,Zona Sul,2,2,2,75.0,425000.0,5666.66666666667,7048.58207831218,7019.92781217448
189506,Apartamento de 90m² com 03 quartos para venda   Presidente Médici,Presidente Medici,Zona Leste,3,3,2,90.0,425000.0,4722.22222222222,4508.64185474962,4646.24632076016
165236,APARTAMENTO NO JARDIM IRAJÁ,Jardim Iraja,Zona Sul,3,2,1,115.0,425000.0,3695.65217391304,5843.60369977321,7019.92781217448
156527,Apartamento de 49m² mobiliado com 02 quartos para venda   Sumarezinho,Sumarezinho,Zona Oeste,2,1,1,49.0,425000.0,8673.4693877551,4702.46841942496,4568.83198282477
153845,LINDO APARTAMENTO NO JARDIM IRAJÁ,Jardim Iraja,Zona Sul,2,2,1,82.0,425000.0,5182.92682926829,5843.60369977321,7019.92781217448
147146,APARTAMENTO NO CENTRO,Centro,Centro,3,4,1,204.0,425000.0,2083.33333333333,3969.0889863009,4114.37759196461
108053,Apartamento de 58m² com 01 suíte à venda   Jardim Botânico,Bosque das Juritis,Zona Sul,1,1,1,58.0,425000.0,7327.58620689655,8028.33244392152,7019.92781217448
105242,APARTAMENTO NO ALTO DA BOA VISTA,Alto da Boa Vista,Zona Sul,3,2,1,80.0,425000.0,5312.5,5935.13838933655,7019.92781217448
209882,Apartamento de 66m² com 03 quartos à venda   Campos Elíseos,Campos Eliseos,Zona Norte,2,2,1,66.0,425615.0,6448.71212121212,4308.89631323999,4316.94719953754
239384,Lançamento: Cerqueira 2164   Apartamento de 55m² com 02 quartos com suíte à venda   Jardim Sumaré,Jardim Sumare,Zona Sul,2,2,1,55.0,426000.0,7745.45454545455,6366.17718327786,7019.92781217448
239903,Lançamento: Alma Panamby   Apartamento de 56m² com 02 quartos com suíte à venda   Panamby II,Panamby II,Zona Sul,2,2,1,56.0,427000.0,7625.0,7635.57692307692,7019.92781217448
170927,Lançamento: Vista do Parque   Apartamento térreo de 48m² com 02 quartos e quintal à venda   Vila Virgínia,Vila Virginia,Zona Oeste,2,1,1,48.0,429193.87,8941.53895833333,4199.44386633332,4568.83198282477
130424,APARTAMENTO NA AV. CARAMURU,Alto da Boa Vista,Zona Sul,3,2,1,80.0,375000.0,4687.5,5935.13838933655,7019.92781217448
232430,Apartamento de 116m² com 03 quartos sendo 01 suíte reformado à venda no Jd. Macedo,Jardim Macedo,Zona Leste,3,3,1,116.0,400000.0,3448.27586206897,4049.64935899923,4646.24632076016
173723,Apartamento de 84m² com 3 quartos para venda   República,Republica,Zona Oeste,3,2,2,84.0,400000.0,4761.90476190476,5849.08600873347,4568.83198282477
119993,APARTAMENTO NOVO NA VILA TIBÉRIO,Vila Tiberio,Zona Oeste,2,2,2,80.0,410000.0,5125.0,5772.27801236641,4568.83198282477
161405,Apartamento térreo de 67m² com 02 quartos para locação e venda   Jardim Botânico,Jardim Botanico,Zona Sul,2,2,2,67.0,426000.0,6358.20895522388,7403.36272123417,7019.92781217448
242615,Apartamento de 109m² com 03 quartos 03 banheiros para venda   Jardim Palma Travassos,Jardim Palma Travassos,Zona Leste,3,3,1,109.0,430000.0,3944.95412844037,4725.02380139251,4646.24632076016
226547,Apartamento de 65m² com 02 quartos sendo 01 suíte para locação   Nova Aliança,Nova Alianca,Zona Sul,2,2,1,65.0,430000.0,6615.38461538462,7235.27815404702,7019.92781217448
216314,Apartamento de 61m² com 02 quartos à venda   Bosque das Caviúnas,Jardim Sao Jose,Zona Norte,2,1,2,61.0,430000.0,7049.18032786885,5893.88238355451,4316.94719953754
208715,Apartamento de 50m² com 02 quartos à venda   Jardim Olhos D`Agua,Residencial Monterrey,Zona Norte,2,1,1,50.0,430000.0,8600.0,7856.18677910372,4316.94719953754
203477,Apartamento mobilado de 49m² com 01 suíte para locação e venda   Nova Aliança,Nova Alianca,Zona Sul,1,1,1,49.0,430000.0,8775.51020408163,7235.27815404702,7019.92781217448
202835,Apartamento de 92m² com 03 quartos para locação   Jardim Irajá,Jardim Iraja,Zona Sul,3,3,1,92.0,430000.0,4673.91304347826,5843.60369977321,7019.92781217448
198617,Apartamento de 44m² com 01 quarto à venda   Jardim Recreio,Jardim Recreio,Zona Oeste,1,2,1,44.0,430000.0,9772.72727272727,8593.41750841751,4568.83198282477
198560,APARTAMENTO NO JARDIM IRAJÁ,Condominio Itamaraty,Zona Oeste,3,2,2,96.0,430000.0,4479.16666666667,5336.72097624817,4568.83198282477
197279,Apartamento de 46m² com 01 quarto para locação   Nova Aliança,Nova Alianca,Zona Sul,1,1,1,46.0,430000.0,9347.82608695652,7235.27815404702,7019.92781217448
194720,APARTAMENTO NO JARDIM PAULISTA,Jardim Paulista,Zona Leste,3,2,1,89.0,430000.0,4831.4606741573,4839.65243893052,4646.24632076016
191483,Apartamento de 37m² com 01 quarto para locação   Monte Alegre,Vila Monte Alegre,Zona Oeste,1,1,1,37.0,430000.0,11621.6216216216,5171.67916226382,4568.83198282477
188690,Apartamento de 57 m² com 02 quartos à venda   Jardim Paulista,Jardim Paulista,Zona Leste,2,2,1,57.0,430000.0,7543.85964912281,4839.65243893052,4646.24632076016
186638,Apartamento de 96m² com 03 quartos para locação e venda   Centro,Centro,Centro,3,2,2,96.0,430000.0,4479.16666666667,3969.0889863009,4114.37759196461
186527,Apartamento de 105m² com 03 quartos à venda   Jardim Paulistano,Jardim Paulistano,Zona Leste,3,3,2,105.0,430000.0,4095.2380952381,4354.41245373771,4646.24632076016
181850,"Apartamento de 56² terreo, com 2 quartos á venda   Parque São Sebastião",Parque Sao Sebastiao,Zona Leste,2,2,1,56.0,430000.0,7678.57142857143,4018.24997986766,4646.24632076016
176270,APARTAMENTO NO CENTRO,Centro,Centro,3,2,1,116.0,430000.0,3706.89655172414,3969.0889863009,4114.37759196461
164843,Apartamento de 111m² com 02 quartos para locação e venda   Centro,Centro,Centro,3,2,1,111.0,430000.0,3873.87387387387,3969.0889863009,4114.37759196461
144974,Apartamento de 92m² com 03 quartos à venda   Jardim Irajá,Jardim Iraja,Zona Sul,3,2,1,92.0,430000.0,4673.91304347826,5843.60369977321,7019.92781217448
101537,Apartamento   Padrão,Centro,Centro,2,2,1,80.0,430000.0,5375.0,3969.0889863009,4114.37759196461
97508,Apartamento de 127m² com 03 quartos à venda   Jardim Paulista,Jardim Paulista,Zona Leste,3,3,2,127.0,430000.0,3385.82677165354,4839.65243893052,4646.24632076016
95465,APARTAMENTO ÓTIMA LOCALIZAÇÃO NO JARDIM CALIFÓRNIA,Jardim California,Zona Sul,1,1,1,46.0,430000.0,9347.82608695652,7048.58207831218,7019.92781217448
95000,Apartamento   Padrão,Jardim Botanico,Zona Sul,3,2,2,75.0,430000.0,5733.33333333333,7403.36272123417,7019.92781217448
94445,Apartamento de 44m² com 01 quarto para locação   Nova Aliança,Nova Alianca,Zona Sul,1,1,1,44.0,430000.0,9772.72727272727,7235.27815404702,7019.92781217448
57542,APARTAMENTO PADRÃO ZONA SUL,Jardim Iraja,Zona Sul,3,3,1,94.0,430000.0,4574.46808510638,5843.60369977321,7019.92781217448
54365,Apartamento de 02 quartos para locação   Centro,Centro,Centro,2,2,1,95.0,430000.0,4526.31578947368,3969.0889863009,4114.37759196461
229469,Lançamento: Sensia Fiúsa View   Apartamento de 58m² com suíte e varanda gourmet à venda   Quinta da Primavera,Quinta da Primavera,Zona Sul,2,2,1,58.0,434990.0,7499.8275862069,8334.13944069942,7019.92781217448
143756,Apartamento de 210m² com 03 quartos à venda   Vila Seixas,Vila Seixas,Centro,3,3,1,210.0,420000.0,2000.0,4862.36131633665,4114.37759196461
186092,APARTAMENTO REFORMADO A VENDA NO JARDIM IRAJÁ,Jardim Iraja,Zona Sul,3,2,1,102.0,425000.0,4166.66666666667,5843.60369977321,7019.92781217448
241040,Apartamento de 67m² com 02 Quartos a Venda   Ribeirania,Ribeirania,Zona Leste,2,2,1,67.0,435000.0,6492.53731343284,6622.45012983218,4646.24632076016
237131,Apartamento de 90m² com 02 quartos a venda   Centro,Centro,Centro,2,3,1,90.0,435000.0,4833.33333333333,3969.0889863009,4114.37759196461
236744,Apartamento 68m² com 02 quartos à venda   Nova Aliança,Nova Alianca,Zona Sul,2,2,1,68.0,435000.0,6397.05882352941,7235.27815404702,7019.92781217448
107975,Apartamento   Padrão,Jardim Botanico,Zona Sul,2,2,1,69.0,435000.0,6304.34782608696,7403.36272123417,7019.92781217448
103121,Apartamento de 116m² com 03 quartos à venda   Centro,Centro,Centro,3,4,1,116.0,435000.0,3750.0,3969.0889863009,4114.37759196461
92144,Apartamento   Padrão,Higienopolis,Centro,3,3,2,96.0,435000.0,4531.25,3745.12101181726,4114.37759196461
89546,Apartamento de 100m² com 03 quartos à venda   Santa Cruz do José Jacques,Santa Cruz do Jose Jacques,Zona Sul,3,2,1,100.0,435000.0,4350.0,6190.18466407645,7019.92781217448
59174,Apartamento de 81m² com 02 quartos para venda   Jardim Paulista,Jardim Paulista,Zona Leste,2,1,2,81.0,435000.0,5370.37037037037,4839.65243893052,4646.24632076016
244880,Apartamento de 67m² com 01 quarto à venda   Ribeirânia,Nova Ribeirania,Zona Leste,2,1,1,67.0,435053.8,6493.34029850746,6636.64015183677,4646.24632076016
214769,Lançamento Portugal 2207   Apartamento de 59m² com 02 quartos à venda   Santa Cruz do José Jacques,Santa Cruz do Jose Jacques,Zona Sul,2,2,1,59.0,437197.0,7410.1186440678,6190.18466407645,7019.92781217448
239381,Lançamento: Cerqueira 2164   Apartamento de 58m² com 02 quartos com suíte à venda   Jardim Sumaré,Jardim Sumare,Zona Sul,2,2,1,58.0,439000.0,7568.96551724138,6366.17718327786,7019.92781217448
238106,Apartamento de 114m² com 03 quartos à venda   Centro,Centro,Centro,3,2,1,114.0,439000.0,3850.87719298246,3969.0889863009,4114.37759196461
223214,Apartamento de 103m² com 03 quartos sendo 01 suíte à venda   Vila Seixas,Vila Seixas,Centro,3,3,2,103.0,439000.0,4262.1359223301,4862.36131633665,4114.37759196461
187271,Apartamento de 131m² com 03 quartos   Centro,Centro,Centro,3,2,1,131.0,430000.0,3282.4427480916,3969.0889863009,4114.37759196461
245555,Apartamento de 87m² com 03 quartos à venda   Jardim Irajá,Jardim Iraja,Zona Sul,3,2,1,87.0,440000.0,5057.47126436782,5843.60369977321,7019.92781217448
239165,Apartamento de 47m² com 01 quarto e varanda gourmet à venda   Vila Monte Alegre,Vila Monte Alegre,Zona Oeste,1,1,1,47.0,440000.0,9361.70212765958,5171.67916226382,4568.83198282477
230990,Apartamento de 127m² com 03 quartos à venda   Campos Elisios,Campos Eliseos,Zona Norte,3,3,3,127.0,440000.0,3464.56692913386,4308.89631323999,4316.94719953754
202751,APARTAMENTO NO TRIADE FIUSA HOME RESORT,Jardim Olhos DAgua,Zona Sul,2,2,1,55.0,440000.0,8000.0,9706.16858313729,7019.92781217448
189617,Apartamento de 100 m² com 03 quartos para venda   Jardim Irajá,Condominio Itamaraty,Zona Oeste,3,2,1,100.0,440000.0,4400.0,5336.72097624817,4568.83198282477
182285,Apartamento de 03 quartos para locação   Centro,Centro,Centro,3,2,1,96.0,440000.0,4583.33333333333,3969.0889863009,4114.37759196461
177332,Apartamento de 66m² com 02 quartos sendo 01 suíte   Nova Ribeirânia,Nova Ribeirania,Zona Leste,2,2,2,66.0,440000.0,6666.66666666667,6636.64015183677,4646.24632076016
121331,Apartamento de 83m² com 03 quartos sendo 01 suíte à venda   Centro,Centro,Centro,3,3,2,83.0,440000.0,5301.20481927711,3969.0889863009,4114.37759196461
104249,Apartamento de 122m² com 03 quartos para venda   Centro,Centro,Centro,3,3,1,122.0,440000.0,3606.55737704918,3969.0889863009,4114.37759196461
59504,Apartamento semi mobiliado de 61m² com 02 quartos para locação e venda   Nova Aliança,Nova Alianca,Zona Sul,2,2,1,61.0,440000.0,7213.11475409836,7235.27815404702,7019.92781217448
224897,Apartamento de 67m² com 02 quartos à venda   Ribeirânia,Ribeirania,Zona Leste,2,2,1,67.0,424000.0,6328.35820895522,6622.45012983218,4646.24632076016
241679,Apartamento porteira fechada de 78m² com 02 quartos sendo 01 suíte à venda   Parque dos Lagos,Parque dos Lagos,Zona Leste,2,2,2,78.0,445000.0,5705.12820512821,4175.19186695209,4646.24632076016
231077,Apartamento de 85m² com 03 quartos para locação   Jardim Paulista,Jardim Paulista,Zona Leste,3,2,1,85.0,445000.0,5235.29411764706,4839.65243893052,4646.24632076016
155480,"Apartamento com 3 quartos   132,68m²",Jardim Macedo,Zona Leste,3,2,2,68.0,445000.0,6544.11764705882,4049.64935899923,4646.24632076016
98087,Apartamento de 81m² com 02 quartos à venda   Jardim Paulista,Jardim Paulista,Zona Leste,2,1,1,81.0,445000.0,5493.82716049383,4839.65243893052,4646.24632076016
190733,Apartamento de 85m² com 3 quartos à venda   Jardim Macedo,Jardim Macedo,Zona Leste,3,2,1,85.0,445200.0,5237.64705882353,4049.64935899923,4646.24632076016
232517,Apartamento de 39m² com 01 quarto à venda   Jardim Sumaré,Jardim Sumare,Zona Sul,1,1,1,39.0,446000.0,11435.8974358974,6366.17718327786,7019.92781217448
229142,Apartamento de 39m² com 01 quarto à venda   Jardim Sumaré,Jardim Sumare,Zona Sul,1,1,1,39.0,446000.0,11435.8974358974,6366.17718327786,7019.92781217448
91556,Apartamento de 75m² com 02 suítes à venda  Jardim Paulista,Jardim Paulista,Zona Leste,2,1,2,75.0,446000.0,5946.66666666667,4839.65243893052,4646.24632076016
191039,Apartamento de 02 quartos para locação   Reserva Sul Condomínio,Reserva Sul Condominio,Zona Sul,2,3,2,54.0,447000.0,8277.77777777778,4662.25639219501,7019.92781217448
238016,Apartamento de 56m² com 02 quartos à venda   Lagoinha,Parque Industrial Lagoinha,Zona Leste,2,2,1,56.0,449000.0,8017.85714285714,4502.88532269356,4646.24632076016
220331,Apartamento de 127m² com 03 quartos à venda   Centro,Vila Seixas,Centro,3,3,1,127.0,449000.0,3535.43307086614,4862.36131633665,4114.37759196461
142829,Apartamento de 68m² com 02 quartos à venda   Jardim Castelo Branco,Jardim Castelo Branco,Zona Leste,2,2,1,68.0,280000.0,4117.64705882353,4046.86527169807,4646.24632076016
154805,Apartamento de 164m² de 03 quartos sendo 01 suíte para venda   Centro,Centro,Centro,3,3,1,164.0,325000.0,1981.70731707317,3969.0889863009,4114.37759196461
234047,Apartamento térreo de 64m² com 02 quartos á venda   Jardim Botânico,Jardim Botanico,Zona Sul,2,2,2,64.0,350000.0,5468.75,7403.36272123417,7019.92781217448
237353,Apartamento de 55m² com 02 quartos sendo 01 suíte à venda   Jardim Olhos D`Água,Jardim Olhos DAgua,Zona Sul,2,2,1,55.0,395000.0,7181.81818181818,9706.16858313729,7019.92781217448
111902,LINDO APARTAMENTO PRÓXIMO AO SHOPPING SANTA ÚRSULA,Centro,Centro,2,2,1,129.0,400000.0,3100.77519379845,3969.0889863009,4114.37759196461
103769,Apartamento de 120m² com 03 quartos ara locação e venda   Centro,Centro,Centro,3,2,2,120.0,400000.0,3333.33333333333,3969.0889863009,4114.37759196461
53453,EXCELENTE APARTAMENTO PARA VENDA NO PARQUE BANDEIRANTES,Parque dos Bandeirantes,Zona Leste,3,4,2,170.0,400000.0,2352.94117647059,4072.45658506483,4646.24632076016
181679,Apartameto de 87m² com 03 quartos   Jardim Irajá,Jardim Iraja,Zona Sul,3,2,1,87.0,410000.0,4712.64367816092,5843.60369977321,7019.92781217448
83717,Apartamento de 171 m² com 03 quartos a venda   Centro,Centro,Centro,3,3,1,171.0,410000.0,2397.66081871345,3969.0889863009,4114.37759196461
104342,Apartamento de 59m² com 01 suíte para locação e venda   City Ribeirão,City Ribeirao,Zona Sul,1,2,1,59.0,420000.0,7118.64406779661,5481.73996829135,7019.92781217448
232304,Apartamento de 63m² com 02 quartos à venda   Centro,Centro,Centro,2,2,1,63.0,429000.0,6809.52380952381,3969.0889863009,4114.37759196461
244442,Apartamento de 285m² com 03 quartos sendo 01 suíte para Venda   Centro,Centro,Centro,3,3,1,285.0,450000.0,1578.94736842105,3969.0889863009,4114.37759196461
244217,Apartamento de 119m² com 03 quartos à venda   Jardim Sumaré,Jardim Sumare,Zona Sul,3,2,2,119.0,450000.0,3781.51260504202,6366.17718327786,7019.92781217448
243707,Apartamento de 55m² com 02 quartos sendo 01 suíte à venda   Jardim Olhos D`Água,Jardim Olhos DAgua,Zona Sul,2,2,1,55.0,450000.0,8181.81818181818,9706.16858313729,7019.92781217448
243002,Apartamento   Padrão,Jardim Botanico,Zona Sul,2,2,1,88.0,450000.0,5113.63636363636,7403.36272123417,7019.92781217448
242558,Apartamento de 73m² com 03 quartos sendo 01 suíte à venda   Jardim Antártica,Jardim Antartica,Zona Oeste,3,2,1,73.0,450000.0,6164.38356164384,4464.91601599781,4568.83198282477
239378,Apartamento de 95m² com 03 quartos à venda   Jardim Irajá,Jardim Iraja,Zona Sul,3,2,1,95.0,450000.0,4736.84210526316,5843.60369977321,7019.92781217448
239351,Apartamento à venda no Jardim Sumaré   3 quartos 1 suíte   119m²,Alto da Boa Vista,Zona Sul,3,3,1,119.0,450000.0,3781.51260504202,5935.13838933655,7019.92781217448
235796,Apartamento/Padrão   Residencial   No bairro Jardim Olhos D`Água   Tríade Fiúsa Home Resort,Jardim Olhos DAgua,Zona Sul,2,2,1,55.0,450000.0,8181.81818181818,9706.16858313729,7019.92781217448
235133,Apartamento de 97m² com 03 quartos à venda   Vila Seixas,Vila Seixas,Centro,3,3,2,97.0,450000.0,4639.17525773196,4862.36131633665,4114.37759196461
232124,Apartamento de 49m² com 1 quarto para locação   Ribeirânia,Ribeirania,Zona Leste,1,1,1,49.0,450000.0,9183.67346938776,6622.45012983218,4646.24632076016
228308,Apartamento de 135m² com 03 quartos à venda   Jardim Sumaré,Jardim Sumare,Zona Sul,3,4,2,135.0,450000.0,3333.33333333333,6366.17718327786,7019.92781217448
225386,Apartamento de 66m² com 02 quartos sendo 01 suíte para locação   Ribeirânia,Ribeirania,Zona Leste,2,2,1,66.0,450000.0,6818.18181818182,6622.45012983218,4646.24632076016
218477,Apartamento de 72m² com 03 quartos para locação e venda   Jardim Paulistano,Jardim Paulistano,Zona Leste,2,2,1,72.0,450000.0,6250.0,4354.41245373771,4646.24632076016
215681,Apartamento mobiliado de 64m² com 02 quartos para locação e venda   Vila Seixas,Vila Seixas,Centro,2,2,2,64.0,450000.0,7031.25,4862.36131633665,4114.37759196461
213527,Apartamento de 127m² com 03 quartos à venda   Centro,Centro,Centro,3,3,1,127.0,450000.0,3543.30708661417,3969.0889863009,4114.37759196461
213287,Apartamento de 55m² com 02 quartos à venda   Residencial Monterrey,Residencial Monterrey,Zona Norte,2,2,1,55.0,450000.0,8181.81818181818,7856.18677910372,4316.94719953754
210662,Apartamento de 142m² com 04 quartos à venda   Centro,Centro,Centro,4,3,2,142.0,450000.0,3169.01408450704,3969.0889863009,4114.37759196461
201896,Apartamento de 48m² com 02 suítes para venda   Vila Florença,Condominio Vila Florenca,Zona Sul,2,3,2,48.0,450000.0,9375.0,8522.86585365854,7019.92781217448
201065,APARTAMENTO NO CENTRO DE RIBEIRÃO PRETO,Centro,Centro,3,3,1,162.0,450000.0,2777.77777777778,3969.0889863009,4114.37759196461
199562,APARTAMENTO NO CENTRO,Centro,Centro,3,1,1,116.0,450000.0,3879.31034482759,3969.0889863009,4114.37759196461
193745,Apartamento de 92m² com 03 quartos   Jardim Paulistano,Jardim Paulistano,Zona Leste,3,3,1,92.0,450000.0,4891.30434782609,4354.41245373771,4646.24632076016
191603,Apartamento no centro reformado   97m².!!,Centro,Centro,3,2,1,97.0,450000.0,4639.17525773196,3969.0889863009,4114.37759196461
191009,Apartamento de 90m² com 03 quartos à venda   Residencial e Comercial Palmares,Residencial e Comercial Palmares,Zona Leste,3,2,1,90.0,450000.0,5000.0,3830.73455662616,4646.24632076016
190862,Apartamento de 55m² com 02 quartos à venda   Residencial Monterrey,Residencial Monterrey,Zona Norte,2,2,1,55.0,450000.0,8181.81818181818,7856.18677910372,4316.94719953754
189587,Apartamento de 104m² com 03 quartos à venda   Lagoinha,Lagoinha,Zona Leste,3,2,2,104.0,450000.0,4326.92307692308,4212.79264214047,4646.24632076016
188825,APARTAMENTO NO CENTRO,Centro,Centro,3,3,1,100.0,450000.0,4500.0,3969.0889863009,4114.37759196461
182822,APARTAMENTO PRÓXIMO AO SUPERMERCADO CANESIN,Residencial e Comercial Palmares,Zona Leste,3,2,1,86.0,450000.0,5232.55813953488,3830.73455662616,4646.24632076016
181313,Apartamento de 69m² com 02 quartos à venda   Jardim Botânico,Jardim Botanico,Zona Sul,2,2,1,69.0,450000.0,6521.73913043478,7403.36272123417,7019.92781217448
181223,APARTAMENTO NO JARDIM BOTÂNICO,Jardim Botanico,Zona Sul,2,3,2,64.0,450000.0,7031.25,7403.36272123417,7019.92781217448
179117,Apartamento   Padrão,Jardim Paulista,Zona Leste,2,3,2,65.0,450000.0,6923.07692307692,4839.65243893052,4646.24632076016
175112,EXCELENTE APARTAMENTO ALBERTO COSELLI,Centro,Centro,3,3,2,165.0,450000.0,2727.27272727273,3969.0889863009,4114.37759196461
174887,Apartamento de 67m² com 02 quartos   Jardim Irajá,Jardim Iraja,Zona Sul,2,1,1,67.0,450000.0,6716.41791044776,5843.60369977321,7019.92781217448
174620,APARTAMENTO NA VILA ANA MARIA,Vila Ana Maria,Zona Sul,2,2,1,56.0,450000.0,8035.71428571429,6534.36599324832,7019.92781217448
172352,APARTAMENTO NO JARDIM PAULISTA,Jardim Paulista,Zona Leste,2,2,2,81.0,450000.0,5555.55555555556,4839.65243893052,4646.24632076016
171170,APARTAMENTO NO CENTRO,Centro,Centro,3,3,1,216.0,450000.0,2083.33333333333,3969.0889863009,4114.37759196461
169178,****OTIMO APARTAMENTO****,Jardim Macedo,Zona Leste,2,2,2,70.0,450000.0,6428.57142857143,4049.64935899923,4646.24632076016
165563,Apartamento de 90m² com 03 quartos para locação   Comercial Palmares,Residencial e Comercial Palmares,Zona Leste,3,2,1,90.0,450000.0,5000.0,3830.73455662616,4646.24632076016
164252,Apartamento de 71m² com 02 quartos para locação   Nova Aliança,Nova Alianca,Zona Sul,2,2,1,71.0,450000.0,6338.02816901409,7235.27815404702,7019.92781217448
163148,Apartamento térreo de 86m² com 03 quartos para locação   Residencial e Comercial Palmares,Residencial e Comercial Palmares,Zona Leste,3,2,1,86.0,450000.0,5232.55813953488,3830.73455662616,4646.24632076016
162839,Apartamento a venda de 135m² com 03 quartos   Jardim Paulistano,Jardim Paulistano,Zona Leste,3,4,1,135.0,450000.0,3333.33333333333,4354.41245373771,4646.24632076016
145007,Apartamento de 82m² com 02 quartos à venda   Jardim Paulista,Jardim Paulista,Zona Leste,2,2,2,82.0,450000.0,5487.80487804878,4839.65243893052,4646.24632076016
140180,Apartamento de 100m² com 03 quartos à venda   Jardim Irajá,Jardim Iraja,Zona Sul,3,2,1,100.0,450000.0,4500.0,5843.60369977321,7019.92781217448
138299,APARTAMENTO TÉRREO NO JARDIM BOTÂNICO,Jardim Botanico,Zona Sul,2,2,1,70.0,450000.0,6428.57142857143,7403.36272123417,7019.92781217448
136451,Casa de condomínio fechado de 142m² com 03 quartos à venda   Jardim Itaporã,Jardim Itapora,Zona Oeste,2,3,1,142.0,450000.0,3169.01408450704,4357.67018779343,4568.83198282477
135959,Apartament de 120m² com 03 quartos para venda e locação   Centro,Centro,Centro,3,3,1,120.0,450000.0,3750.0,3969.0889863009,4114.37759196461
133817,Apartamento de 132m² com 03 quartos   Centro,Centro,Centro,4,3,1,132.0,450000.0,3409.09090909091,3969.0889863009,4114.37759196461
123392,APARTAMENTO NO JARDIM BOTÂNICO,Jardim Botanico,Zona Sul,2,3,1,90.0,450000.0,5000.0,7403.36272123417,7019.92781217448
120701,Apartamento de 70m² com 02 quartos para locação   Jardim Novo Mundo,Jardim Novo Mundo,Zona Leste,2,2,1,70.0,450000.0,6428.57142857143,5425.53576663943,4646.24632076016
119036,APARTAMENTO NO JARDIM BOTÂNICO,Jardim Botanico,Zona Sul,3,2,2,75.0,450000.0,6000.0,7403.36272123417,7019.92781217448
118337,Apartamento de 02 quartos para venda   Bosque das Juritis,Bosque das Juritis,Zona Sul,2,2,1,62.0,450000.0,7258.06451612903,8028.33244392152,7019.92781217448
114500,Apartamento de 90m² com 03 quartos à venda   Residencial e Comercial Palmares,Residencial e Comercial Palmares,Zona Leste,3,2,1,90.0,450000.0,5000.0,3830.73455662616,4646.24632076016
112544,Apartamento de 81m² com 03 quartos á venda   Sumarezinho,Sumarezinho,Zona Oeste,3,2,1,81.0,450000.0,5555.55555555556,4702.46841942496,4568.83198282477
105146,APARTAMENTO PRÓXIMO AO SHOPPING SANTA ÚRSULA,Centro,Centro,3,3,1,107.0,450000.0,4205.60747663551,3969.0889863009,4114.37759196461
104621,Apartamento de 85m² com 03 quartos á venda   Santa Cruz do José Jacques,Santa Cruz do Jose Jacques,Zona Sul,3,3,2,85.0,450000.0,5294.11764705882,6190.18466407645,7019.92781217448
95795,Apartamento   Padrão,Parque Industrial Lagoinha,Zona Leste,3,2,2,104.0,450000.0,4326.92307692308,4502.88532269356,4646.24632076016
95642,Apartamento de 120m² com 03 quartos à venda   Centro,Centro,Centro,3,2,2,120.0,450000.0,3750.0,3969.0889863009,4114.37759196461
94385,Apartamento de 98m² com 03 quartos para locação e venda   Santa Cruz do José Jacques,Santa Cruz do Jose Jacques,Zona Sul,3,2,2,98.0,450000.0,4591.83673469388,6190.18466407645,7019.92781217448
85124,APARTAMENTO DIFERENCIADO,Republica,Zona Oeste,3,3,2,111.0,450000.0,4054.05405405405,5849.08600873347,4568.83198282477
59558,APARTAMENTO PRÓXIMO À AVENIDA DOUTOR FRANCISCO JUNQUEIRA,Centro,Centro,3,4,1,125.0,450000.0,3600.0,3969.0889863009,4114.37759196461
58415,LINDO APARTAEMNTO NO IRAJA,Jardim Sao Luiz,Zona Sul,3,3,2,108.0,450000.0,4166.66666666667,5775.49648772587,7019.92781217448
25556,Apartamento de 122m² com 03 quartos para locação e venda   Centro,Centro,Centro,3,4,2,122.0,450000.0,3688.52459016394,3969.0889863009,4114.37759196461
207488,Apartamento de 75m² com 02 quartos à venda   Jardim Botânico.,Jardim Botanico,Zona Sul,2,2,2,75.0,450000.0,6000.0,7403.36272123417,7019.92781217448
120686,Apartamento de 70m² com 02 quartos à venda   Jardim Novo Mundo,Jardim Novo Mundo,Zona Leste,2,2,1,70.0,452000.0,6457.14285714286,5425.53576663943,4646.24632076016
129665,Apartamento de 92 m² com 02 quartos   Jardim Paulistano.,Jardim Paulistano,Zona Leste,2,2,2,92.0,425000.0,4619.5652173913,4354.41245373771,4646.24632076016
236597,Apartamento de 70m² com 02 quartos à venda   Vila Ana Maria,Vila Ana Maria,Zona Sul,2,2,1,70.0,430000.0,6142.85714285714,6534.36599324832,7019.92781217448
214634,Apartamento de 67m² com 02 quartos à venda   Ribeirânia,Ribeirania,Zona Leste,2,2,1,67.0,455000.0,6791.0447761194,6622.45012983218,4646.24632076016
214631,Apartamento de 67m² com 02 quartos à venda   Ribeirânia,Ribeirania,Zona Leste,2,2,1,67.0,455000.0,6791.0447761194,6622.45012983218,4646.24632076016
209060,Apartamento de 76 m² com 02 quartos sendo 01 suíte à venda   Vila Ana Maria,Vila Ana Maria,Zona Sul,2,2,1,76.0,455000.0,5986.84210526316,6534.36599324832,7019.92781217448
202874,Apartamento de 68m² com 03 quartos à venda   Lagoinha,Parque Industrial Lagoinha,Zona Leste,3,2,1,68.0,455000.0,6691.17647058824,4502.88532269356,4646.24632076016
197219,LINDO APARTAMENTO IBIZA RESIDENCE,Alto da Boa Vista,Zona Sul,3,2,2,71.0,455000.0,6408.45070422535,5935.13838933655,7019.92781217448
164171,Apartamento de 109m² com 03 quartos à venda   Bosque das Juritis,Bosque das Juritis,Zona Sul,3,2,2,109.0,455000.0,4174.31192660551,8028.33244392152,7019.92781217448
161936,Apartamento de 69m² com 02 suítes à venda   Vila Monte Alegre,Vila Monte Alegre,Zona Oeste,2,2,2,69.0,455000.0,6594.20289855073,5171.67916226382,4568.83198282477
134525,APARTAMENTO 3 DORMITÓRIOS VILA SEIXAS,Vila Seixas,Centro,3,2,1,138.0,425000.0,3079.71014492754,4862.36131633665,4114.37759196461
178514,OPORTUNIDADE APARTAMENTO NA LAFAEITE VILA SEIXAS,Vila Seixas,Centro,3,2,1,102.0,430000.0,4215.6862745098,4862.36131633665,4114.37759196461
243092,"Apartamento de 55m² com 02 quartos sendo 1 suíte, para Venda   Residencial Monterrey",Residencial Monterrey,Zona Norte,2,2,1,55.0,460000.0,8363.63636363636,7856.18677910372,4316.94719953754
239141,Apartamento de 75m² com 03 quartos sendo 01 suíte à venda   Jardim Botanico,Jardim Botanico,Zona Sul,3,2,2,75.0,460000.0,6133.33333333333,7403.36272123417,7019.92781217448
238736,Apartamento de 87m² com 03 quartos à venda   Lagoinha,Parque Industrial Lagoinha,Zona Leste,3,2,1,87.0,460000.0,5287.35632183908,4502.88532269356,4646.24632076016
237758,Apartamento   Padrão,Ribeirania,Zona Leste,2,2,1,61.0,460000.0,7540.98360655738,6622.45012983218,4646.24632076016
234902,Apartamento de 59m² com 02 quartos sendo 01 suíte para locação e venda   Quintas de São José,Quintas de Sao Jose,Zona Norte,2,2,1,59.0,460000.0,7796.61016949153,6785.09085009028,4316.94719953754
234452,Apartamento de 134m² reformado com 03 quartos à venda   Centro,Centro,Centro,3,3,1,134.0,460000.0,3432.83582089552,3969.0889863009,4114.37759196461
229724,Apartamento de 88m² com 02 suítes para venda   Parque dos Bandeirantes,Parque dos Bandeirantes,Zona Leste,2,3,2,88.0,460000.0,5227.27272727273,4072.45658506483,4646.24632076016
208760,Apartamento de 105m² com 03 quartos à venda   Jardim Botânico,Jardim Botanico,Zona Sul,3,3,1,105.0,460000.0,4380.95238095238,7403.36272123417,7019.92781217448
199217,APARTAMENTO NO CENTRO,Centro,Centro,2,2,1,132.0,460000.0,3484.84848484849,3969.0889863009,4114.37759196461
180509,Apartamento térreo de 92m² com 02 Suítes a venda   Jardim botânico,Jardim Botanico,Zona Sul,2,3,2,92.0,460000.0,5000.0,7403.36272123417,7019.92781217448
140291,Apartamento de 70m² com 02 quartos para venda   Jardim São Luiz,Jardim Sao Luiz,Zona Sul,2,2,1,70.0,460000.0,6571.42857142857,5775.49648772587,7019.92781217448
122195,Apartamento de 76m² com 03 quartos sendo 01 suíte para a locação e venda   Jardim Botânico,Jardim Botanico,Zona Sul,3,2,2,76.0,460000.0,6052.63157894737,7403.36272123417,7019.92781217448
116030,APARTAMENTO NOVO NO VILA SEIXAS,Vila Seixas,Centro,2,3,2,85.0,460000.0,5411.76470588235,4862.36131633665,4114.37759196461
111785,Apartamento de 03 quartos para locação   Alto da Boa Vista,Alto da Boa Vista,Zona Sul,3,2,1,71.0,460000.0,6478.87323943662,5935.13838933655,7019.92781217448
103304,APARTAMENTO NO SANTA CRUZ DO JOSÉ JACQUES,Santa Cruz do Jose Jacques,Zona Sul,3,2,2,93.0,460000.0,4946.23655913979,6190.18466407645,7019.92781217448
86522,Apartamento de 80m² com 02 quartos à venda   Centro,Centro,Centro,2,2,2,80.0,460000.0,5750.0,3969.0889863009,4114.37759196461
82664,Apartamento   Padrão,Higienopolis,Centro,3,3,2,96.0,460000.0,4791.66666666667,3745.12101181726,4114.37759196461
79040,Apartamento de 93m² com 03 quartos para venda   Santa Cruz do José Jacques,Santa Cruz do Jose Jacques,Zona Sul,3,3,2,93.0,460000.0,4946.23655913979,6190.18466407645,7019.92781217448
76532,Apartamento de 70m² com 02 quartos à venda   Nova Aliança,Nova Alianca,Zona Sul,2,2,1,70.0,460000.0,6571.42857142857,7235.27815404702,7019.92781217448
68408,Apartamento de 02 quartos para venda   Jardim Botânico,Jardim Botanico,Zona Sul,2,2,2,83.0,460000.0,5542.1686746988,7403.36272123417,7019.92781217448
170288,APARTAMENTO NO JARDIM CALIFÓRNIA,Nova Alianca,Zona Sul,1,1,1,62.0,461809.73,7448.54403225806,7235.27815404702,7019.92781217448
235928,Apartamento de 76m² com 02 quartos para venda   Vila Ana Maria,Vila Ana Maria,Zona Sul,2,2,1,76.0,463500.0,6098.68421052632,6534.36599324832,7019.92781217448
131297,APARTAMENTO NOVO NO BAIRRO RIBEIRÂNIA,Ribeirania,Zona Leste,2,2,1,73.0,464467.92,6362.57424657534,6622.45012983218,4646.24632076016
194849,Apartamento de 85m² com 03 quartos para locação e venda   Jardim Irajá,Jardim Botanico,Zona Sul,3,2,1,85.0,465000.0,5470.58823529412,7403.36272123417,7019.92781217448
78554,Apartamento de 93m² com 02 suites a venda   Jardim Anhanguera,Jardim Anhanguera,Zona Leste,2,3,2,93.0,465000.0,5000.0,4372.03682882804,4646.24632076016
188681,Apartamento de 74m² com 02 quartos à venda   Parque dos Lagos,Parque dos Lagos,Zona Leste,2,2,2,74.0,450000.0,6081.08108108108,4175.19186695209,4646.24632076016
82700,Apartamento de 109m² com 03 quartos para venda   Centro,Centro,Centro,3,2,1,109.0,330000.0,3027.52293577982,3969.0889863009,4114.37759196461
93614,Apartamento de 58m² com 01 quarto para locação e venda   Jardim Botânico,Bosque das Juritis,Zona Sul,1,1,1,58.0,425000.0,7327.58620689655,8028.33244392152,7019.92781217448
231179,Apartamento de 80m² 02 quartos à venda   Campos Elíseos,Campos Eliseos,Zona Norte,2,2,1,80.0,470000.0,5875.0,4308.89631323999,4316.94719953754
224312,Apartamento de 180m² com 03 quartos sendo 01 suíte à venda   Centro,Centro,Centro,3,2,1,180.0,470000.0,2611.11111111111,3969.0889863009,4114.37759196461
213626,Apartamento de 120m² com 03 quartos à venda   Centro,Centro,Centro,3,3,2,120.0,470000.0,3916.66666666667,3969.0889863009,4114.37759196461
199214,Apartamento com 158m² de 03 quartos à venda   Centro,Centro,Centro,3,3,1,158.0,470000.0,2974.6835443038,3969.0889863009,4114.37759196461
190370,Apartamento de 80 m² com 03 quartos à venda   Vila Mariana,Vila Mariana,Zona Norte,3,2,1,80.0,470000.0,5875.0,4791.66666666667,4316.94719953754
188558,Apartamento de 80m² com 02 quartos para venda   Centro,Centro,Centro,2,3,2,80.0,470000.0,5875.0,3969.0889863009,4114.37759196461
120191,APARTAMENTO PRÓXIMO À USP,Vila Monte Alegre,Zona Oeste,1,1,1,34.0,470000.0,13823.5294117647,5171.67916226382,4568.83198282477
103097,ÓTIMO APARTAMENTO NO BAIRRO NOVA ALIANÇA!,Nova Alianca,Zona Sul,2,2,1,68.0,470000.0,6911.76470588235,7235.27815404702,7019.92781217448
75785,Apartamento com 93m² com 3 quartos à venda   Presidente Médici,Presidente Medici,Zona Leste,3,2,1,93.0,470000.0,5053.76344086022,4508.64185474962,4646.24632076016
55319,APARTAMENTO NO CENTRO,Centro,Centro,3,2,1,94.0,470000.0,5000.0,3969.0889863009,4114.37759196461
202685,Apartamento de 73m² com 02 quartos à venda   Ribeirânia,Ribeirania,Zona Leste,2,2,1,73.0,460000.0,6301.3698630137,6622.45012983218,4646.24632076016
127694,Apartamento de 164m² com 03 quartos à venda   Centro,Centro,Centro,3,4,1,164.0,380000.0,2317.07317073171,3969.0889863009,4114.37759196461
68144,Apartamento de 121mts; 03 dorm sendo 01 suite   CAMPOS ELÍSEOS,Campos Eliseos,Zona Norte,3,3,1,121.0,380000.0,3140.4958677686,4308.89631323999,4316.94719953754
131477,LINDO APARTAMENTO NO BAIRRO VILA SEIXAS,Vila Seixas,Centro,3,2,1,97.0,450000.0,4639.17525773196,4862.36131633665,4114.37759196461
103973,APARTAMENTO PRÓXIMO À CATEDRAL,Centro,Centro,3,3,1,231.0,450000.0,1948.05194805195,3969.0889863009,4114.37759196461
243881,Apartamento de 56m² com 02 quartos para venda   Sumarezinho,Sumarezinho,Zona Oeste,2,2,1,56.0,477000.0,8517.85714285714,4702.46841942496,4568.83198282477
216449,Apartamento de 57m² com 02 quartos à venda   Alto da Boa Vista,Alto da Boa Vista,Zona Sul,2,2,1,57.0,477000.0,8368.42105263158,5935.13838933655,7019.92781217448
133133,Apartamento mobiliado de 58m² com 01 quarto para locação e venda   Bosque das Juritis,Bosque das Juritis,Zona Sul,1,1,1,58.0,477000.0,8224.13793103448,8028.33244392152,7019.92781217448
107345,Apartamento de 65m² com 02 quartos para venda   Nova Aliança,Nova Alianca,Zona Sul,2,2,1,65.0,477000.0,7338.46153846154,7235.27815404702,7019.92781217448
98963,APARTAMENTO PRÓXIMO À AVENIDA TREZE DE MAIO,Jardim Paulistano,Zona Leste,4,5,2,146.0,477000.0,3267.12328767123,4354.41245373771,4646.24632076016
53249,Apartamento de 105m² com 03 quartos à venda   Campos Elíseos,Campos Eliseos,Zona Norte,3,2,1,105.0,477000.0,4542.85714285714,4308.89631323999,4316.94719953754
216032,Apartamento de 63m² com 02 quartos à venda   City Ribeirão,City Ribeirao,Zona Sul,2,2,1,63.0,477792.57,7584.00904761905,5481.73996829135,7019.92781217448
95147,Apartamento de 54m² de 02 quartos para locação   Bairro Vila Monte Alegre,Vila Monte Alegre,Zona Oeste,2,2,1,54.0,478000.0,8851.85185185185,5171.67916226382,4568.83198282477
73517,APARTAMENTO SANTA CRUZ DOS JACQUES,Santa Cruz do Jose Jacques,Zona Sul,3,1,1,93.0,479000.0,5150.5376344086,6190.18466407645,7019.92781217448
237770,apartamento de 57m² com 01 suíte à venda   Nova Aliança,Nova Alianca,Zona Sul,1,2,1,57.0,430000.0,7543.85964912281,7235.27815404702,7019.92781217448
242633,Apartamento de 57m² com 02 quartos sendo 01 suíte à venda   Nova Aliança,Nova Alianca,Zona Sul,2,2,1,57.0,450000.0,7894.73684210526,7235.27815404702,7019.92781217448
234920,Apartamento de 93m² com 03 quartos à venda   Jardim Irajá,Jardim Iraja,Zona Sul,3,3,1,93.0,450000.0,4838.70967741936,5843.60369977321,7019.92781217448
190607,EXCELENTE OPORTUNIDADE DE APARTAMENTO NO CENTRO,Centro,Centro,3,3,1,127.0,450000.0,3543.30708661417,3969.0889863009,4114.37759196461
235604,Apartamento de 67m² com 02 quartos sendo 01 suíte para venda e locação   Jardim Palma Travassos,Jardim Palma Travassos,Zona Leste,2,2,1,67.0,470000.0,7014.92537313433,4725.02380139251,4646.24632076016
222077,Apartamento de 57m² com 02 quartos sendo 01 suíte à venda   Nova Aliança,Nova Alianca,Zona Sul,2,2,1,57.0,470000.0,8245.61403508772,7235.27815404702,7019.92781217448
180215,APARTAMENTO NO ALTO DA BOA VISTA,Alto da Boa Vista,Zona Sul,2,2,1,53.0,470000.0,8867.92452830189,5935.13838933655,7019.92781217448
111470,Apartamento de 54m² com 02 quartos à venda   Santa Cruz do José Jacques,Santa Cruz do Jose Jacques,Zona Sul,2,1,1,54.0,470000.0,8703.7037037037,6190.18466407645,7019.92781217448
244913,Apartamento de 100m² com 02 quartos para venda   Jardim Botânico,Jardim Botanico,Zona Sul,2,2,1,100.0,480000.0,4800.0,7403.36272123417,7019.92781217448
240362,Apartamento de 70m² com 02 quartos sendo 01 suíte para a locação e venda   Jardim Botânico,Jardim Botanico,Zona Sul,2,2,1,70.0,480000.0,6857.14285714286,7403.36272123417,7019.92781217448
236441,Apartamento de 72m² com 02 quartos à venda   Quintas de São José,Quintas de Sao Jose,Zona Norte,2,2,1,72.0,480000.0,6666.66666666667,6785.09085009028,4316.94719953754
235289,Apartamento de 104m² com 03 quartos   Lagoinha,Lagoinha,Zona Leste,3,3,2,104.0,480000.0,4615.38461538462,4212.79264214047,4646.24632076016
233264,"Apartamento com 89m², 03 quartos, para venda   Jardim Paulista.",Jardim Paulista,Zona Leste,3,2,1,89.0,480000.0,5393.25842696629,4839.65243893052,4646.24632076016
232778,Apartamento de 106m² com 03 quartos à venda   Santa Cruz do José Jacques,Santa Cruz do Jose Jacques,Zona Sul,3,3,2,106.0,480000.0,4528.30188679245,6190.18466407645,7019.92781217448
230471,Apartamento mobiliado de 49m² com 02 quartos para locação e venda   Alto da Boa Vista,Alto da Boa Vista,Zona Sul,2,1,1,49.0,480000.0,9795.91836734694,5935.13838933655,7019.92781217448
229952,"Apartamento padrão com 58 m², 02 quartos, Ribeirânia.",Ribeirania,Zona Leste,2,2,1,58.0,480000.0,8275.86206896552,6622.45012983218,4646.24632076016
221507,Apartamento térreo de 181m² com 04 quartos sendo 02 suítes à venda   Jardim Paulista,Jardim Paulista,Zona Leste,4,3,2,181.0,480000.0,2651.93370165746,4839.65243893052,4646.24632076016
216575,Apartamento de 113m² com 03 quartos à venda   Jardim Irajá,Jardim Iraja,Zona Sul,3,3,1,113.0,480000.0,4247.78761061947,5843.60369977321,7019.92781217448
214091,Apartamento de 150m² com 03 quartos à venda   Centro,Centro,Centro,3,3,2,150.0,480000.0,3200.0,3969.0889863009,4114.37759196461
200927,EXCELENTE APARTAMENTO NO CENTRO,Centro,Centro,2,2,1,93.0,480000.0,5161.29032258065,3969.0889863009,4114.37759196461
195047,EXCELENTE APARTAMENTO LOCALIZADO NO JARDIM BOTÂNICO,Jardim Botanico,Zona Sul,3,2,2,70.0,480000.0,6857.14285714286,7403.36272123417,7019.92781217448
193466,APARTAMENTO MOBILIADO PRÓXIMO À USP,Vila Tiberio,Zona Oeste,2,2,1,78.0,480000.0,6153.84615384615,5772.27801236641,4568.83198282477
188975,Apartamento de 03 quartos para locação   Jardim Botânico,Jardim Botanico,Zona Sul,3,1,2,75.0,480000.0,6400.0,7403.36272123417,7019.92781217448
183284,Apartamento de 80m² com 02 quartos para venda   Centro,Centro,Centro,2,2,2,80.0,480000.0,6000.0,3969.0889863009,4114.37759196461
182000,Apartamento de 103m² com 03 quartos sendo 01 suíte à venda   Vila Seixas,Vila Seixas,Centro,3,2,2,103.0,480000.0,4660.19417475728,4862.36131633665,4114.37759196461
181865,APARTAMENTO AV CARAMURU COM 116M²   3 DORMITÓRIOS 1 SUÍTE,Republica,Zona Oeste,3,3,1,116.0,480000.0,4137.93103448276,5849.08600873347,4568.83198282477
179744,APARTAMENTO NA ZONA SUL PRÓXIMO À AV. JOÃO FIÚSA,Bosque das Juritis,Zona Sul,3,2,1,87.0,480000.0,5517.24137931035,8028.33244392152,7019.92781217448
172019,Apartamento de 128m² para venda   Centro,Centro,Centro,3,3,1,128.0,480000.0,3750.0,3969.0889863009,4114.37759196461
158384,APARTAMENTO DIFERENCIADO NO JARDIM BOTÂNICO,Jardim Botanico,Zona Sul,2,3,2,73.0,480000.0,6575.34246575342,7403.36272123417,7019.92781217448
158177,APARTAMENTO NO CENTRO,Centro,Centro,3,3,2,123.0,480000.0,3902.43902439024,3969.0889863009,4114.37759196461
157325,Apartamento de 63m² com 02 quartos à venda   Nova Aliança,Nova Alianca,Zona Sul,2,2,1,63.0,480000.0,7619.04761904762,7235.27815404702,7019.92781217448
149936,Apartamento de 62m² com 02 suítes á venda   Jardim Califórnia,Jardim California,Zona Sul,2,2,2,62.0,480000.0,7741.93548387097,7048.58207831218,7019.92781217448
128027,APARTAMENTO NO JARDIM NOVA ALIANÇA,Nova Alianca,Zona Sul,2,3,2,88.0,480000.0,5454.54545454546,7235.27815404702,7019.92781217448
126710,Apartamento de 74m² com 02 quartos sendo 01 supite à venda   Centro,Centro,Centro,2,3,2,74.0,480000.0,6486.48648648649,3969.0889863009,4114.37759196461
116999,APARTAMENTO PRÓXIMO À PRAÇA 7 DE SETEMBRO,Centro,Centro,3,2,2,83.0,480000.0,5783.13253012048,3969.0889863009,4114.37759196461
112913,Apartamento de 85m² com 02 quartos sendo 01 suíte à venda   Vila Seixas,Vila Seixas,Centro,2,2,2,85.0,480000.0,5647.05882352941,4862.36131633665,4114.37759196461
106124,Apartamento de 81m² com 02 quartos para venda e locação   Jardim Paulista,Jardim Paulista,Zona Leste,2,2,1,81.0,480000.0,5925.92592592593,4839.65243893052,4646.24632076016
88904,Apartamento de 02 suítes para locação   Jardim Botânico,Jardim Iraja,Zona Sul,2,2,2,88.0,480000.0,5454.54545454546,5843.60369977321,7019.92781217448
83537,APARTAMENTO NO JARDIM PAULISTA,Jardim Paulista,Zona Leste,2,2,2,81.0,480000.0,5925.92592592593,4839.65243893052,4646.24632076016
162026,More na Nova Fiusa   TRIADE FIUSA HOME RESORT,Jardim Olhos DAgua,Zona Sul,3,2,1,67.0,483802.0,7220.92537313433,9706.16858313729,7019.92781217448
213218,Apartamento de 48m² com 02 quartos à venda   Alto da Boa vista,Alto da Boa Vista,Zona Sul,2,1,1,48.0,426000.0,8875.0,5935.13838933655,7019.92781217448
181997,Apartamento de 54m² com 02 quartos à venda   Vila Monte Alegre,Vila Monte Alegre,Zona Oeste,2,2,1,54.0,485000.0,8981.48148148148,5171.67916226382,4568.83198282477
90020,Apartamento   Padrão,Jardim Iraja,Zona Sul,3,2,2,107.0,485000.0,4532.71028037383,5843.60369977321,7019.92781217448
242807,Apartamento mobiliado de 56m² com 02 quartos à venda   Sumarezinho,Sumarezinho,Zona Oeste,2,2,1,56.0,489000.0,8732.14285714286,4702.46841942496,4568.83198282477
63848,Apartamento de 156m² com 03 quartos á venda   Higienópolis,Higienopolis,Centro,3,3,2,156.0,449000.0,2878.20512820513,3745.12101181726,4114.37759196461
238862,Apartamento de 57m² com 02 quartos à venda   Nova Aliança,Nova Alianca,Zona Sul,2,2,1,57.0,450000.0,7894.73684210526,7235.27815404702,7019.92781217448
197075,EXCELENTE APARTAMENTO PARA VENDA NO CENTRO DE RIBEIRÃO PRETO,Centro,Centro,3,3,1,107.0,460000.0,4299.06542056075,3969.0889863009,4114.37759196461
130868,Apartamento de 82m² com 02 quartos para locação e venda   Jardim Botânico,Jardim Botanico,Zona Sul,2,2,1,82.0,480000.0,5853.65853658537,7403.36272123417,7019.92781217448
62921,APARTAMENTO PRÓXIMO À UNAERP,Jardim Palma Travassos,Zona Leste,3,3,1,118.0,480000.0,4067.79661016949,4725.02380139251,4646.24632076016
243701,Apartamento de 104m² com 03 quartos à venda   Vila Seixas,Vila Seixas,Centro,3,3,2,104.0,490000.0,4711.53846153846,4862.36131633665,4114.37759196461
221531,Apartamento de 75m² com 03 quartos sendo 01 suíte à venda   Jardim Botânico,Jardim Botanico,Zona Sul,3,2,1,75.0,490000.0,6533.33333333333,7403.36272123417,7019.92781217448
213521,Apartamento de 72m² com 02 quartos à venda   Sumarezinho,Sumarezinho,Zona Oeste,2,2,1,72.0,490000.0,6805.55555555556,4702.46841942496,4568.83198282477
210989,Apartamento de 111m com 03 quartos   Centro,Centro,Centro,3,3,1,111.0,490000.0,4414.41441441442,3969.0889863009,4114.37759196461
202433,EXCELENTE APARTAMENTO REFORMADO PRÓXIMO AV. NOVE DE JULHO,Centro,Centro,3,4,1,160.0,490000.0,3062.5,3969.0889863009,4114.37759196461
184139,Apartamento de 76m² com 02 quartos sendo 01 suíte à venda   Jardim Sumaré,Jardim Sumare,Zona Sul,2,2,1,76.0,490000.0,6447.36842105263,6366.17718327786,7019.92781217448
178004,Apartamento de 79m² com 02 quartos sendo 01 suíte para locação e venda   Nova Aliança,Nova Alianca,Zona Sul,2,2,1,79.0,490000.0,6202.53164556962,7235.27815404702,7019.92781217448
153692,Apartamento de 62m² com 02 suítes para locação   Jardim Califórnia,Jardim California,Zona Sul,2,2,1,62.0,490000.0,7903.22580645161,7048.58207831218,7019.92781217448
146309,Apartamento de 82m² com 02 Quartos a venda   Jardim Paulista,Jardim Paulista,Zona Leste,2,2,2,82.0,490000.0,5975.60975609756,4839.65243893052,4646.24632076016
42908,Apartamento de 93m² com 02 quartos sendo 01 suíte para venda   Centro,Centro,Centro,2,3,1,93.0,490000.0,5268.81720430108,3969.0889863009,4114.37759196461
196010,Apartamento de 69m² com 02 suítes à venda   Jardim Botânico,Jardim Botanico,Zona Sul,2,3,1,69.0,493637.24,7154.16289855072,7403.36272123417,7019.92781217448
219479,Apartamento de 72m² com 03 quartos sendo 01 suíte à venda   Quintas De São José,Quintas de Sao Jose,Zona Norte,3,3,1,72.0,495000.0,6875.0,6785.09085009028,4316.94719953754
212783,Apartamento de 62m² com 02 suítes à venda   Nova Aliança,Nova Alianca,Zona Sul,2,3,1,62.0,495000.0,7983.87096774194,7235.27815404702,7019.92781217448
239900,Lançamento: Alma Panamby   Apartamento de 65m² com 03 quartos com suíte à venda   Panamby II,Panamby II,Zona Sul,3,2,1,65.0,497000.0,7646.15384615385,7635.57692307692,7019.92781217448
243278,Apartamento de 71m² com 02 quartos à venda   Bonfim Paulista,Bonfim Paulista,Zona Sul,2,2,2,71.0,498000.0,7014.08450704225,8197.59279884853,7019.92781217448
232982,Apartamento de 50m² com 02 quartos à venda   Residencial Monterrey,Residencial Monterrey,Zona Norte,2,1,1,50.0,450000.0,9000.0,7856.18677910372,4316.94719953754
236354,Apartamento de 65m² com 02 suítes à venda   Residencial Taiwan,Residencial Taiwan,Zona Sul,2,3,1,65.0,489000.0,7523.07692307692,8758.91786179922,7019.92781217448
242933,Apartamento de 97m² com 02 quartos sendo 01 suíte à venda   Nova Aliança,Nova Alianca,Zona Sul,2,2,2,97.0,499000.0,5144.32989690722,7235.27815404702,7019.92781217448
241340,Apartamento mobíliado de 82m² com 03 quartos à venda   Nova Aliança,Nova Alianca,Zona Sul,3,2,2,82.0,499000.0,6085.36585365854,7235.27815404702,7019.92781217448
238346,Apartamento de 61m² com 02 quartos para venda   Quinta da Primavera,Quinta da Primavera,Zona Sul,2,2,1,61.0,499000.0,8180.32786885246,8334.13944069942,7019.92781217448
237803,Apartamento de 55m² com 02 quartos à venda   Santa Cruz do José Jacques,Santa Cruz do Jose Jacques,Zona Sul,2,1,2,55.0,499000.0,9072.72727272727,6190.18466407645,7019.92781217448
227198,Apartamento de 61m² com 02 quartos à venda   Quinta da Primavera,Quinta da Primavera,Zona Sul,2,2,1,61.0,499000.0,8180.32786885246,8334.13944069942,7019.92781217448
122207,Apartamento de 75m² com 02 quartos à venda   Vila Tibério,Vila Tiberio,Zona Oeste,2,2,2,75.0,499000.0,6653.33333333333,5772.27801236641,4568.83198282477
228398,Apartamento de 83m² com 02 quartos sendo 01 suíte à venda   Nova Ribeirânia,Nova Ribeirania,Zona Leste,2,2,1,83.0,499900.0,6022.89156626506,6636.64015183677,4646.24632076016
239492,Apartamento de 59m² com 01 quarto para venda e locação   Alto da Boa Vista,Alto da Boa Vista,Zona Sul,1,1,1,59.0,742000.0,12576.2711864407,5935.13838933655,7019.92781217448
233318,"Apartamento Studio mobiliado com 49 m², 01 quarto, para locação   Alto da Boa Vista.",Alto da Boa Vista,Zona Sul,1,1,1,49.0,660000.0,13469.387755102,5935.13838933655,7019.92781217448
245582,Apartamento mobiliado de 104m² com 03 suítes para venda e locação   Vila do golf,Vila do Golf,Zona Sul,3,4,2,104.0,750000.0,7211.53846153846,9872.36315439169,7019.92781217448
150620,Apartamento de 261m² com 04 quartos à venda   Centro,Centro,Centro,4,5,2,261.0,650000.0,2490.4214559387,3969.0889863009,4114.37759196461
201380,Apartamento de 59m² com 02 quartos para locação e venda   Jardim Sumaré,Jardim Sumare,Zona Sul,2,2,2,59.0,850000.0,14406.779661017,6366.17718327786,7019.92781217448
97874,Apartamento de 180m² com 03 quartos para locação e venda   Jardim Irajá,Jardim Iraja,Zona Sul,3,4,3,180.0,1290000.0,7166.66666666667,5843.60369977321,7019.92781217448
184175,Apartamento de 60 m² com 01 quarto para venda   Jardim Botânico,Bosque das Juritis,Zona Sul,1,1,1,60.0,530000.0,8833.33333333333,8028.33244392152,7019.92781217448
184931,Apartamento de 378m² com 04 quartos para venda e locação   Centro,Centro,Centro,4,5,4,378.0,1350000.0,3571.42857142857,3969.0889863009,4114.37759196461
213329,Apartamento de 131m² com 04 quartos à venda   Presidente Médici,Presidente Medici,Zona Leste,4,3,4,131.0,630000.0,4809.16030534351,4508.64185474962,4646.24632076016
244154,Apartamento de 90m² com 02 suítes para locação e venda   Bosque das Juritis,Bosque das Juritis,Zona Sul,2,3,2,90.0,750000.0,8333.33333333333,8028.33244392152,7019.92781217448
221807,Apartamento de 82m² com 02 quartos sendo 01 suíte à venda   Alamedas do Botânico,Alamedas do Botanico,Zona Sul,2,2,2,82.0,839000.0,10231.7073170732,10304.3391731634,7019.92781217448
137285,Apartamento de 432m² com 5 quartos para locação e venda   Centro,Centro,Centro,5,6,4,432.0,900000.0,2083.33333333333,3969.0889863009,4114.37759196461
241157,Apartamento de 80m² com 02 suítes para a venda e a locação   Jardim Olhos D`água,Bonfim Paulista,Zona Sul,2,3,2,80.0,950000.0,11875.0,8197.59279884853,7019.92781217448
217691,Apartamento de 133m² com 03 quartos para locação e venda   Jardim Nova Aliança Sul,Jardim Nova Alianca Sul,Zona Sul,3,4,2,133.0,960000.0,7218.04511278196,6999.09526420546,7019.92781217448
206036,Apartamento de 100m² com 03 quartos para locação e venda   Jardim Botânico,Jardim Botanico,Zona Sul,3,3,2,100.0,880000.0,8800.0,7403.36272123417,7019.92781217448
105830,Apartamento de 139m² com 03 quartos para locação e venda   Jardim Canadá,Jardim Canada,Zona Sul,3,4,2,139.0,1020000.0,7338.12949640288,7006.02337064892,7019.92781217448
123419,Apartamento de 101m² com 03 suítes para venda   Nova Aliança,Nova Alianca,Zona Sul,3,3,2,101.0,750000.0,7425.74257425743,7235.27815404702,7019.92781217448
228170,Apartamento de 202m² com 03 quartos para locação e venda   Jardim Irajá,Jardim Iraja,Zona Sul,3,5,3,202.0,1199000.0,5935.64356435644,5843.60369977321,7019.92781217448
153407,Apartamento de 132m² com 03 suítes para venda e locação   Jardim Olhos D` Água,Jardim Olhos DAgua,Zona Sul,3,4,3,132.0,1250000.0,9469.69696969697,9706.16858313729,7019.92781217448
238916,Apartamento mobiliado de 73m² com 02 quartos à venda   Bosque das Juritis,Bosque das Juritis,Zona Sul,2,1,1,73.0,770000.0,10547.9452054795,8028.33244392152,7019.92781217448
232850,Apartamento 118m² com 03 suítes à venda   Jardim Olhos D`Água,Jardim Olhos DAgua,Zona Sul,3,4,2,118.0,1250000.0,10593.2203389831,9706.16858313729,7019.92781217448
193238,APARTAMENTO NO CENTRO,Centro,Centro,3,2,1,127.0,375000.0,2952.75590551181,3969.0889863009,4114.37759196461
85055,Apartamento de 46m² com 03 quartos para venda   Jardim Paulista,Jardim Paulista,Zona Leste,3,2,1,46.0,400000.0,8695.65217391304,4839.65243893052,4646.24632076016
159350,Apartamento de 90m² com 01 quarto à venda   Centro,Centro,Centro,1,2,1,90.0,430000.0,4777.77777777778,3969.0889863009,4114.37759196461
196283,Apartamento   Padrão,Ribeirania,Zona Leste,2,2,1,62.0,450000.0,7258.06451612903,6622.45012983218,4646.24632076016
177749,APARTAMENTO NO JARDIM IRAJÁ,Condominio Itamaraty,Zona Oeste,3,2,1,111.0,450000.0,4054.05405405405,5336.72097624817,4568.83198282477
176480,APARTAMENTO NO JARDIM PAULISTANO,Jardim Paulistano,Zona Leste,3,4,1,135.0,450000.0,3333.33333333333,4354.41245373771,4646.24632076016
98822,Apartamento de 110m² com 03 quartos à venda   Jardim Paulista,Jardim Paulista,Zona Leste,3,2,2,110.0,450000.0,4090.90909090909,4839.65243893052,4646.24632076016
95186,APARTAMENTO NO JARDIM IRAJÁ,Jardim Iraja,Zona Sul,3,2,1,111.0,450000.0,4054.05405405405,5843.60369977321,7019.92781217448
87569,Apartamento de 87m² com 02 suítes á venda   Jardim América,Jardim America,Zona Sul,2,3,2,87.0,450000.0,5172.41379310345,5600.32705609696,7019.92781217448
161426,APARTAMENTO NO CENTRO,Centro,Centro,3,2,1,158.0,460000.0,2911.39240506329,3969.0889863009,4114.37759196461
235397,Apartamento de 68m² com 03 quartos para locação e venda   Parque Industrial Lagoinha,Parque Industrial Lagoinha,Zona Leste,3,2,2,68.0,479000.0,7044.11764705882,4502.88532269356,4646.24632076016
28520,Apartamento a poucos metros do Parque Raya,Jardim Iraja,Zona Sul,3,2,2,111.0,480000.0,4324.32432432432,5843.60369977321,7019.92781217448
238025,Apartamento de 72m² com 02 quartos sendo 01 suíte à venda   Nova Aliança,Nova Alianca,Zona Sul,2,2,2,72.0,490000.0,6805.55555555556,7235.27815404702,7019.92781217448
245168,Apartamento de 105m² com 03 quartos sendo 01 à venda   Lagoinha,Jardim Iraja,Zona Sul,3,2,1,105.0,500000.0,4761.90476190476,5843.60369977321,7019.92781217448
244505,Apartamento de 86m² com 03 quartos para venda 02 vagas   Jardim Botânico,Condominio Itamaraty,Zona Oeste,3,3,2,86.0,500000.0,5813.95348837209,5336.72097624817,4568.83198282477
242324,Apartamento de 95m² com 03 quartos sendo 01 suíte à venda   Jardim Paulista,Jardim Paulista,Zona Leste,3,3,1,95.0,500000.0,5263.15789473684,4839.65243893052,4646.24632076016
240620,Apartamento de 75m² com 03 quartos para locação e venda   Jardim Botânico,Jardim Botanico,Zona Sul,3,2,2,75.0,500000.0,6666.66666666667,7403.36272123417,7019.92781217448
235202,Apartamento de 102m² com 03 quartos para venda   Centro,Centro,Centro,3,2,1,102.0,500000.0,4901.96078431373,3969.0889863009,4114.37759196461
230900,Apartamento de 52m² com 02 quartos sendo 1 suíte à venda   Quintas de São José,Quintas de Sao Jose,Zona Norte,2,2,1,52.0,500000.0,9615.38461538462,6785.09085009028,4316.94719953754
226469,Apartamento de 58m² com 02 quartos para locação e venda   Ribeirânia,Ribeirania,Zona Leste,2,2,1,58.0,500000.0,8620.68965517241,6622.45012983218,4646.24632076016
216452,Apartamento de 71m² com 02 quartos à venda   Ribeirânia,Ribeirania,Zona Leste,2,2,1,71.0,500000.0,7042.25352112676,6622.45012983218,4646.24632076016
214595,Apartamento de 80m² com 02 quartos para locação   Nova Aliança,Nova Alianca,Zona Sul,2,2,2,80.0,500000.0,6250.0,7235.27815404702,7019.92781217448
204152,Apartamento de 61m² com 02 quartos para locação e venda   Quinta da Primavera,Quinta da Primavera,Zona Sul,2,2,1,61.0,500000.0,8196.72131147541,8334.13944069942,7019.92781217448
199064,FLAT NA RIBEIRÂNIA,Ribeirania,Zona Leste,2,1,1,58.0,500000.0,8620.68965517241,6622.45012983218,4646.24632076016
196025,Apartamento mobiliado de 35m² com 01 quarto à venda   Vila Amélia,Vila Amelia,Zona Oeste,1,1,1,35.0,500000.0,14285.7142857143,4740.17583820671,4568.83198282477
188579,EXCELENTE APARTAMENTO PRÓXIMO Á AVENIDA INDEPENDÊNCIA,Vila Seixas,Centro,3,1,1,132.0,500000.0,3787.87878787879,4862.36131633665,4114.37759196461
178610,Apartamento de 107m² com 03 quartos sendo 01 suíte para venda   jardim Paulista,Jardim Paulista,Zona Leste,3,2,2,107.0,500000.0,4672.89719626168,4839.65243893052,4646.24632076016
174545,Apartamento de 111m² com 03 quartos sendo 01 suíte à venda   Jardim Irajá,Jardim Iraja,Zona Sul,3,3,2,111.0,500000.0,4504.5045045045,5843.60369977321,7019.92781217448
169562,APARTAMENTO NO CENTRO,Centro,Centro,3,3,1,140.0,500000.0,3571.42857142857,3969.0889863009,4114.37759196461
168347,Apartamento de 42m² com 01 quarto   Nova Aliança,Nova Alianca,Zona Sul,1,1,1,42.0,500000.0,11904.7619047619,7235.27815404702,7019.92781217448
147635,APARTAMENTO PRÓXIMO À AVENIDA LEÃO XIII,Ribeirania,Zona Leste,2,2,1,61.0,500000.0,8196.72131147541,6622.45012983218,4646.24632076016
146804,Apartamento de 165m² com 03 quartos sendo 1 suíte   Centro,Centro,Centro,3,4,1,165.0,500000.0,3030.30303030303,3969.0889863009,4114.37759196461
145205,APARTAMENTO PRÓXIMO À AVENIDA MAURILIO BIAGI,Santa Cruz do Jose Jacques,Zona Sul,3,2,2,96.0,500000.0,5208.33333333333,6190.18466407645,7019.92781217448
133865,APARTAMENTO PRÓXIMO À UNAERP,Jardim Palma Travassos,Zona Leste,3,2,1,88.0,500000.0,5681.81818181818,4725.02380139251,4646.24632076016
131399,Apartamento de 83m² com 02 quartos para venda   Centro,Centro,Centro,2,2,2,83.0,500000.0,6024.09638554217,3969.0889863009,4114.37759196461
130313,Apartamento de 58m² com 02 quartos sendo 01 suíte à venda   Ribeirânia,Ribeirania,Zona Leste,2,2,1,58.0,500000.0,8620.68965517241,6622.45012983218,4646.24632076016
126716,Apartamento de 74m² com 03 quartos à venda   Centro,Centro,Centro,2,3,2,74.0,500000.0,6756.75675675676,3969.0889863009,4114.37759196461
126713,Apartamento de 74m² com 03 quartos à venda   Centro,Centro,Centro,2,3,2,74.0,500000.0,6756.75675675676,3969.0889863009,4114.37759196461
126707,Apartamento de 72m² com 02 quartos para locação   Centro,Centro,Centro,2,3,1,72.0,500000.0,6944.44444444444,3969.0889863009,4114.37759196461
120887,Apartamento de 58m² com 02 quartos para locação   Ribeirânia,Ribeirania,Zona Leste,2,2,1,58.0,500000.0,8620.68965517241,6622.45012983218,4646.24632076016
120698,APARTAMENTO NO JARDIM NOVO MUNDO,Jardim Novo Mundo,Zona Leste,2,2,1,70.0,500000.0,7142.85714285714,5425.53576663943,4646.24632076016
120695,Apartamento de 70m² com 02 quartos para locação   Jardim Novo Mundo,Jardim Novo Mundo,Zona Leste,2,2,1,70.0,500000.0,7142.85714285714,5425.53576663943,4646.24632076016
120689,Apartamento de 70m² com 02 quartos para locação   Jardim Novo Mundo,Jardim Novo Mundo,Zona Leste,2,2,1,70.0,500000.0,7142.85714285714,5425.53576663943,4646.24632076016
120179,APARTAMENTO PRÓXIMO AO SHOPPING SANTA ÚRSULA,Centro,Centro,3,3,1,129.0,500000.0,3875.96899224806,3969.0889863009,4114.37759196461
109466,Apartamento de 122m² com 03 quartos   Centro,Centro,Centro,4,3,2,122.0,500000.0,4098.36065573771,3969.0889863009,4114.37759196461
106403,APARTAMENTO NO JARDIM BOTÂNICO,Jardim Botanico,Zona Sul,3,2,2,83.0,500000.0,6024.09638554217,7403.36272123417,7019.92781217448
104618,APARTAMENTO NO SANTA CRUZ DO JOSÉ JACQUES,Santa Cruz do Jose Jacques,Zona Sul,3,3,2,85.0,500000.0,5882.35294117647,6190.18466407645,7019.92781217448
102374,Apartamento de 103m² com 03 quartos para venda   Vila Monte Alegre,Vila Monte Alegre,Zona Oeste,3,2,1,103.0,500000.0,4854.36893203884,5171.67916226382,4568.83198282477
93674,APARTAMENTO NO CENTRO,Vila Seixas,Centro,1,1,1,42.0,500000.0,11904.7619047619,4862.36131633665,4114.37759196461
85280,Apartamento de 82m² com 02 quartos à venda   Jardim Paulista,Jardim Paulista,Zona Leste,2,2,2,82.0,500000.0,6097.56097560976,4839.65243893052,4646.24632076016
82421,APARTAMENTO TÉRREO NO BOSQUES DOS JURITIS,Jardim Botanico,Zona Sul,2,2,1,64.0,500000.0,7812.5,7403.36272123417,7019.92781217448
82307,EXCELENTE APARTAMENTO NO CENTRO,Centro,Centro,3,3,1,210.0,500000.0,2380.95238095238,3969.0889863009,4114.37759196461
157226,APARTAMENTO PRÓXIMO À AVENIDA PROFESSOR JOÃO FIÚSA,Condominio Itamaraty,Zona Oeste,3,3,2,108.0,450000.0,4166.66666666667,5336.72097624817,4568.83198282477
95486,Apartamento de 85m² com 03 quartos para locação e venda   Santa Cruz do José Jacques,Santa Cruz do Jose Jacques,Zona Sul,3,3,1,85.0,480000.0,5647.05882352941,6190.18466407645,7019.92781217448
194807,Excelente localização no Centro,Centro,Centro,3,3,2,132.0,460000.0,3484.84848484849,3969.0889863009,4114.37759196461
244877,Apartamento de 67m² com 01 quarto à venda   Ribeirânia,Nova Ribeirania,Zona Leste,2,1,1,67.0,510000.0,7611.94029850746,6636.64015183677,4646.24632076016
242192,Apartamento de 103m² com 03 quartos para locação   Alto da Boa Vista,Alto da Boa Vista,Zona Sul,3,2,2,103.0,510000.0,4951.45631067961,5935.13838933655,7019.92781217448
236054,Apartamento de 86m² com 02 quartos sendo 01 suíte para locação   Jardim Botânico,Jardim Botanico,Zona Sul,2,2,1,86.0,510000.0,5930.23255813954,7403.36272123417,7019.92781217448
221894,Apartamento de 58m² com 02 quartos sendo 01 suíte para venda   Ribeirânia,Ribeirania,Zona Leste,2,2,2,58.0,510000.0,8793.10344827586,6622.45012983218,4646.24632076016
183329,Apartamento de 43m² com 01 suíte para venda e locação   Alto da Boa Vista,Jardim Sumare,Zona Sul,1,1,1,43.0,510000.0,11860.4651162791,6366.17718327786,7019.92781217448
159575,APARTAMENTO NO CENTRO,Centro,Centro,3,3,2,123.0,510000.0,4146.34146341463,3969.0889863009,4114.37759196461
141920,Apartamento de 75m² com 02 quartos para locação e venda   Jardim Nova Aliança,Nova Alianca,Zona Sul,2,2,2,75.0,510000.0,6800.0,7235.27815404702,7019.92781217448
140663,EXCELENTE APARTAMENTO NO QUINTA DA PRIMAVERA,Quinta da Primavera,Zona Sul,2,2,1,63.0,510000.0,8095.2380952381,8334.13944069942,7019.92781217448
135476,Apartamento de 75m² com 02 quartos para locação e venda   Nova Aliança,Nova Alianca,Zona Sul,2,2,1,75.0,510000.0,6800.0,7235.27815404702,7019.92781217448
135110,**** EXCELENTE OPORTUNIDADE****,Centro,Centro,2,1,1,86.0,510000.0,5930.23255813954,3969.0889863009,4114.37759196461
118760,Ótimo apartamento próximo à Avenida Meira Junior,Jardim Paulistano,Zona Leste,3,3,2,132.0,510000.0,3863.63636363636,4354.41245373771,4646.24632076016
105611,Apartamento com 02 suítes para locação e venda   Santa Cruz,Santa Cruz do Jose Jacques,Zona Sul,2,3,2,76.0,510000.0,6710.52631578947,6190.18466407645,7019.92781217448
67469,Apartamento de 141m² com 03 quartos para locação   Centro,Centro,Centro,3,4,1,141.0,510000.0,3617.02127659575,3969.0889863009,4114.37759196461
194357,Apartamento de 101m² com 02 suítes para locação e venda   Jardim Botânico,Jardim Botanico,Zona Sul,2,3,2,101.0,513000.0,5079.20792079208,7403.36272123417,7019.92781217448
244889,Apartamento de 67m² com 02 quartos à venda   Ribeirânia,Nova Ribeirania,Zona Leste,2,2,2,67.0,515000.0,7686.5671641791,6636.64015183677,4646.24632076016
212930,Apartamento de 59M² com 02 quartos   Quinta da Primavera,Quinta da Primavera,Zona Sul,2,2,2,59.0,515000.0,8728.81355932203,8334.13944069942,7019.92781217448
177014,Apartamento de 150m² com 03 quartos para venda e locação   Centro,Centro,Centro,3,4,2,150.0,499000.0,3326.66666666667,3969.0889863009,4114.37759196461
245039,Apartamento de 62m² com 02 quartos à venda   Ribeirânia,Ribeirania,Zona Leste,2,2,1,62.0,520000.0,8387.09677419355,6622.45012983218,4646.24632076016
240932,Apartamento de 65m² com 03 quartos à venda   Jardim Sumarezinho,Sumarezinho,Zona Oeste,3,2,1,65.0,520000.0,8000.0,4702.46841942496,4568.83198282477
239543,Apartamento 3 Quartos   199m²   Higienópolis,Centro,Centro,3,2,1,199.0,520000.0,2613.06532663317,3969.0889863009,4114.37759196461
229691,Apartamento   Padrão,Jardim Botanico,Zona Sul,2,2,1,71.0,520000.0,7323.94366197183,7403.36272123417,7019.92781217448
229682,Apartamento de 63m² com 02 quartos para locação e venda   Jardim Irajá,Jardim Iraja,Zona Sul,2,1,1,63.0,520000.0,8253.96825396825,5843.60369977321,7019.92781217448
226493,Apartamento de 82m² com 02 quartos à venda   Jardim Nova Aliança Sul,Jardim Nova Alianca Sul,Zona Sul,2,2,2,82.0,520000.0,6341.46341463415,6999.09526420546,7019.92781217448
223775,Apartamento de 106m² com 03 quartos à venda   Santa Cruz do José Jacques,Santa Cruz do Jose Jacques,Zona Sul,3,3,2,106.0,520000.0,4905.66037735849,6190.18466407645,7019.92781217448
216413,Apartamento de 82m² com 02 quartos para locação   Jardim Nova Aliança Sul,Jardim Nova Alianca Sul,Zona Sul,2,2,1,82.0,520000.0,6341.46341463415,6999.09526420546,7019.92781217448
212594,Apartamento de 77m² com 03 quartos   Jardim Nova Aliança,Nova Alianca,Zona Sul,3,2,2,77.0,520000.0,6753.24675324675,7235.27815404702,7019.92781217448
210080,Apartamento de 129m² com 03 quartos à venda   Centro,Centro,Centro,3,2,1,129.0,520000.0,4031.00775193799,3969.0889863009,4114.37759196461
166820,APARTAMENTO NO CENTRO,Centro,Centro,3,2,2,122.0,520000.0,4262.29508196721,3969.0889863009,4114.37759196461
102665,APARTAMENTO PRÓXIMO AVENIDA PORTUGAL,Santa Cruz do Jose Jacques,Zona Sul,2,2,2,60.0,520000.0,8666.66666666667,6190.18466407645,7019.92781217448
86672,Apartamento de 95m² com 03 quartos   Jardim Santa Cruz do José Jacques,Santa Cruz do Jose Jacques,Zona Sul,3,2,2,95.0,520000.0,5473.68421052632,6190.18466407645,7019.92781217448
178268,Apartamento de 61m² com 02 suítes à venda   Nova Aliança,Nova Alianca,Zona Sul,2,3,1,61.0,520793.5,8537.59836065574,7235.27815404702,7019.92781217448
135815,Apartamento de 75m² com 03 quartos sendo 01 suíte à venda   Jardim Itaporã,Jardim Itapora,Zona Oeste,3,2,1,75.0,524000.0,6986.66666666667,4357.67018779343,4568.83198282477
42005,Apartamento de 158m² com 03 quartos sendo 01 suíte para locação e venda   Centro,Centro,Centro,4,2,2,158.0,450000.0,2848.10126582279,3969.0889863009,4114.37759196461
204029,Apartamento de 88m² com 02 quartos para venda e locação   Bosque das Juritis,Bosque das Juritis,Zona Sul,2,2,2,88.0,520000.0,5909.09090909091,8028.33244392152,7019.92781217448
214988,Apartamento de 59m² com 01 suíte à venda   Quinta da Primavera,Quinta da Primavera,Zona Sul,1,2,1,59.0,525584.0,8908.20338983051,8334.13944069942,7019.92781217448
178274,Apartamento de 62m² com 02 suítes à venda   Nova Aliança,Nova Alianca,Zona Sul,2,3,1,62.0,527736.28,8511.87548387097,7235.27815404702,7019.92781217448
207059,Apartamento de 142 m² 4 quartos   Centro,Centro,Centro,4,3,1,142.0,375000.0,2640.84507042254,3969.0889863009,4114.37759196461
194633,ÓTIMA OPORTUNIDADE DE APARTAMENTO NO JD. BOTÂNICO,Jardim Botanico,Zona Sul,2,1,2,92.0,450000.0,4891.30434782609,7403.36272123417,7019.92781217448
109799,Apartamento   Padrão,Centro,Centro,3,3,2,156.0,480000.0,3076.92307692308,3969.0889863009,4114.37759196461
86678,APARTAMENTO PRÓXIMO Á AVENIDA MAURÍLIO BIAGI,Santa Cruz do Jose Jacques,Zona Sul,3,2,2,85.0,480000.0,5647.05882352941,6190.18466407645,7019.92781217448
22790,Apartamento de 159m² com 03 quartos à venda   Centro,Centro,Centro,3,3,2,159.0,480000.0,3018.8679245283,3969.0889863009,4114.37759196461
141107,Apartamento de 71m² com 02 quartos sendo 01 suíte á venda   Centro,Bonfim Paulista,Zona Sul,2,2,1,71.0,510000.0,7183.0985915493,8197.59279884853,7019.92781217448
231914,Apartamento de 71m² com 02 quartos à venda   Bosque das Juritis,Bosque das Juritis,Zona Sul,2,2,2,71.0,520000.0,7323.94366197183,8028.33244392152,7019.92781217448
212537,Apartamento de 158m² com 03 dormitórios à venda   Centro,Centro,Centro,3,3,2,158.0,520000.0,3291.13924050633,3969.0889863009,4114.37759196461
242420,Apartamento de 77m² com 02 suítes à venda   Nova Aliança,Nova Alianca,Zona Sul,2,3,1,77.0,530000.0,6883.11688311688,7235.27815404702,7019.92781217448
241952,Apartamento de 65m² com 02 suítes à venda  Residencial Taiwan,Residencial Taiwan,Zona Sul,2,3,1,65.0,530000.0,8153.84615384615,8758.91786179922,7019.92781217448
241208,Apartamento de 120m² com 02 suítes e 02 vagas de garagem à venda   Parque dos Bandeirantes,Parque dos Bandeirantes,Zona Leste,2,3,2,120.0,530000.0,4416.66666666667,4072.45658506483,4646.24632076016
234341,Apartamento de 58m² com 02 quartos sendo 01 suíte para venda e locação   Ribeirânia,Ribeirania,Zona Leste,2,2,1,58.0,530000.0,9137.93103448276,6622.45012983218,4646.24632076016
228068,Apartamento semimobiliado de 70m² com 02 quartos para locação e venda   Jardim Macedo,Jardim Macedo,Zona Leste,2,2,1,70.0,530000.0,7571.42857142857,4049.64935899923,4646.24632076016
226751,Apartamento de 54m² com 02 quartos à venda   Santa Cruz do José Jacques,Santa Cruz do Jose Jacques,Zona Sul,2,1,1,54.0,530000.0,9814.81481481482,6190.18466407645,7019.92781217448
226289,Apartamento de 61m² com 02 quartos à venda   Quinta da Primavera,Quinta da Primavera,Zona Sul,2,2,1,61.0,530000.0,8688.52459016393,8334.13944069942,7019.92781217448
224120,Apartamento de 65m² com 02 suítes à venda   Residencial Taiwan,Residencial Taiwan,Zona Sul,2,3,1,65.0,530000.0,8153.84615384615,8758.91786179922,7019.92781217448
220208,Apartamento de 124m² com 04 quartos à venda   Centro,Centro,Centro,3,3,2,124.0,530000.0,4274.1935483871,3969.0889863009,4114.37759196461
211004,Apartamento de 138m² com 03 quartos à venda   Centro,Vila Seixas,Centro,3,2,1,138.0,530000.0,3840.57971014493,4862.36131633665,4114.37759196461
193355,AMPLO APARTAMENTO NO BAIRRO HIGIENÓPOLIS!,Centro,Centro,3,3,1,129.0,530000.0,4108.52713178295,3969.0889863009,4114.37759196461
177389,Apartamento de 72m² com 02 quartos sendo 01 suíte à venda   Vila Seixas,Vila Seixas,Centro,2,3,2,72.0,530000.0,7361.11111111111,4862.36131633665,4114.37759196461
150542,Apartamento de 204m² com 03 quartos à venda   Centro,Centro,Centro,3,3,1,204.0,530000.0,2598.03921568627,3969.0889863009,4114.37759196461
142769,Apartamento de 141m² com 03 quartos à venda   Centro,Centro,Centro,3,3,1,141.0,530000.0,3758.86524822695,3969.0889863009,4114.37759196461
139637,Apartamento de 115m² com 03 quartos sendo 01 suíte á venda   Jardim Irajá,Jardim Iraja,Zona Sul,3,2,1,115.0,530000.0,4608.69565217391,5843.60369977321,7019.92781217448
132671,APARTAMENTO NO CENTRO 3 DORMITÓRIOS,Centro,Centro,3,4,1,165.0,530000.0,3212.12121212121,3969.0889863009,4114.37759196461
125018,APARTAMENTO NO CENTRO,Centro,Centro,3,3,2,123.0,530000.0,4308.94308943089,3969.0889863009,4114.37759196461
116582,Apartamento de 82m² com 03 quartos sendo 01 suíte à venda   Nova Aliança,Nova Alianca,Zona Sul,3,2,2,82.0,530000.0,6463.41463414634,7235.27815404702,7019.92781217448
109715,Apartamento de 84m² com 03 quartos à venda   Nova Aliança Sul,Jardim Nova Alianca Sul,Zona Sul,3,2,2,84.0,530000.0,6309.52380952381,6999.09526420546,7019.92781217448
109133,LINDO APARTAMENTO NO CENTRO,Centro,Centro,3,2,1,141.0,530000.0,3758.86524822695,3969.0889863009,4114.37759196461
105053,Apartamento   Padrão,Jardim Botanico,Zona Sul,3,4,2,118.0,530000.0,4491.52542372881,7403.36272123417,7019.92781217448
96764,APARTAMENTO PRÓXIMO À AVENIDA INDEPENDÊNCIA,Vila Seixas,Centro,3,3,2,103.0,530000.0,5145.63106796117,4862.36131633665,4114.37759196461
95519,Apartamento de 78m² para locação e venda   Nova Aliança,Nova Alianca,Zona Sul,2,3,2,78.0,530000.0,6794.8717948718,7235.27815404702,7019.92781217448
85376,Apartamento de 79m² com 03 quartos sendo 01 suíte à venda   Jardim Botânico,Jardim Botanico,Zona Sul,3,2,2,79.0,530000.0,6708.86075949367,7403.36272123417,7019.92781217448
83696,Apartamento de 82m² com 02 quartos sendo 1 suíte á venda   Jardim Paulista,Jardim Paulista,Zona Leste,2,2,1,82.0,530000.0,6463.41463414634,4839.65243893052,4646.24632076016
64124,Apartamento de 64m² com 02 quartos para locação e venda   Jardim Botânico,Jardim Botanico,Zona Sul,2,2,1,64.0,530000.0,8281.25,7403.36272123417,7019.92781217448
61664,Apartamento de 97m² com 03 quartos para venda e locação  Campos Elíseos,Campos Eliseos,Zona Norte,3,2,1,97.0,530000.0,5463.9175257732,4308.89631323999,4316.94719953754
74357,Apartamento   Padrão,Nova Alianca,Zona Sul,2,2,1,60.0,531000.0,8850.0,7235.27815404702,7019.92781217448
239462,Apartamento de 67m² com 02 quartos   Jardim Irajá,Jardim Iraja,Zona Sul,2,2,1,67.0,535000.0,7985.07462686567,5843.60369977321,7019.92781217448
197885,EXCELENTE APARTAMENTO TÉRREO NO JARDIM BOTÂNICO,Jardim Botanico,Zona Sul,3,2,1,129.0,535000.0,4147.28682170543,7403.36272123417,7019.92781217448
161117,APARTAMENTO 03 DORMITÓRIOS 01 SUITE COM VARANDA GOURMET PRÓXIMO A AV. CARLOS CONSONI,Jardim Botanico,Zona Sul,3,3,1,87.0,535500.0,6155.1724137931,7403.36272123417,7019.92781217448
216044,Apartamento de 61m² com 02 quartos à venda   Quinta da Primavera,Quinta da Primavera,Zona Sul,2,2,1,61.0,538000.0,8819.67213114754,8334.13944069942,7019.92781217448
235205,Apartamento de 65m² com 02 quartos para venda   Nova Aliança,Nova Alianca,Zona Sul,2,2,1,65.0,539000.0,8292.30769230769,7235.27815404702,7019.92781217448
231971,Apartamento de 71m² com 02 quartos à venda   Bosque das Juritis,Bosque das Juritis,Zona Sul,2,2,2,71.0,520000.0,7323.94366197183,8028.33244392152,7019.92781217448
231962,Apartamento de 75m² com 02 quartos à venda   Bosque das Juritis,Bosque das Juritis,Zona Sul,2,2,2,75.0,520000.0,6933.33333333333,8028.33244392152,7019.92781217448
231959,Apartamento de 75m² com 02 quartos para locação   Bosque das Juritis,Bosque das Juritis,Zona Sul,2,2,2,75.0,520000.0,6933.33333333333,8028.33244392152,7019.92781217448
231950,Apartamento de 75m² com 02 quartos à venda   Bosque das Juritis,Bosque das Juritis,Zona Sul,2,2,2,75.0,520000.0,6933.33333333333,8028.33244392152,7019.92781217448
231947,Apartamento de 75m² com 02 quartos à venda   Bosque das Juritis,Bosque das Juritis,Zona Sul,2,2,2,75.0,520000.0,6933.33333333333,8028.33244392152,7019.92781217448
231974,Apartamento de 71m² com 02 quartos à venda   Bosque das Juritis,Bosque das Juritis,Zona Sul,2,2,2,71.0,530000.0,7464.78873239437,8028.33244392152,7019.92781217448
231965,Apartamento de 75m² com 02 quartos à venda   Bosque das Juritis,Bosque das Juritis,Zona Sul,2,2,2,75.0,530000.0,7066.66666666667,8028.33244392152,7019.92781217448
231953,Apartamento de 75m² com 02 quartos à venda   Bosque das Juritis,Bosque das Juritis,Zona Sul,2,2,2,75.0,530000.0,7066.66666666667,8028.33244392152,7019.92781217448
82316,Apartamento de 72m² com 02 quartos à venda   Nova Aliança,Nova Alianca,Zona Sul,2,2,2,72.0,531000.0,7375.0,7235.27815404702,7019.92781217448
231977,Apartamento de 71m² com 02 quartos à venda   Bosque das Juritis,Bosque das Juritis,Zona Sul,2,2,2,71.0,535000.0,7535.21126760563,8028.33244392152,7019.92781217448
231968,Apartamento de 75m² com 02 quartos à venda   Bosque das Juritis,Bosque das Juritis,Zona Sul,2,2,2,75.0,535000.0,7133.33333333333,8028.33244392152,7019.92781217448
231956,Apartamento de 75m² com 02 quartos à venda   Bosque das Juritis,Bosque das Juritis,Zona Sul,2,2,2,75.0,535000.0,7133.33333333333,8028.33244392152,7019.92781217448
231944,Apartamento de 75m² com 02 quartos à venda   Bosque das Juritis,Bosque das Juritis,Zona Sul,2,2,2,75.0,540000.0,7200.0,8028.33244392152,7019.92781217448
231935,Apartamento de 75m² com 02 quartos à venda   Bosque das Juritis,Bosque das Juritis,Zona Sul,2,2,2,75.0,540000.0,7200.0,8028.33244392152,7019.92781217448
231932,Apartamento de 75m² com 02 quartos à venda   Bosque das Juritis,Bosque das Juritis,Zona Sul,2,2,2,75.0,540000.0,7200.0,8028.33244392152,7019.92781217448
231911,Apartamento de 75m² com 02 quartos à venda   Bosque das Juritis,Bosque das Juritis,Zona Sul,2,2,2,75.0,540000.0,7200.0,8028.33244392152,7019.92781217448
224315,Apartamento de 122m² com 03 quartos sendo 01 suíte para locação e venda   Centro,Centro,Centro,3,3,2,122.0,540000.0,4426.22950819672,3969.0889863009,4114.37759196461
211457,Apartamento de 76m² com 02 suítes   Jardim Botânico,Jardim Botanico,Zona Sul,2,3,2,76.0,540000.0,7105.26315789474,7403.36272123417,7019.92781217448
206534,Apartamento de 110m² com 03 quartos à venda   Jardim Paulista,Jardim Paulista,Zona Leste,3,3,1,110.0,540000.0,4909.09090909091,4839.65243893052,4646.24632076016
205856,Apartamento de 96m² com 04 quartos para locação   Centro,Centro,Centro,4,2,2,96.0,540000.0,5625.0,3969.0889863009,4114.37759196461
195113,EXCELENTE OPORTUNIDADE PARA INVESTIMENTO OU MORADIA NA PRESIDENTE VARGAS,Jardim Sumare,Zona Sul,2,2,2,66.0,540000.0,8181.81818181818,6366.17718327786,7019.92781217448
194816,LINDO APARTAMENTO NOVISSÍMO NO JARDIM BOTÂNICO,Jardim Botanico,Zona Sul,2,2,2,90.0,540000.0,6000.0,7403.36272123417,7019.92781217448
159512,Apartamento de 57m² com 2 quartos   Jardim Nova Aliança.,Nova Alianca,Zona Sul,2,2,1,57.0,540000.0,9473.68421052632,7235.27815404702,7019.92781217448
93287,Apartamento de 101m² com 03 quartos à venda   Nova Aliança,Nova Alianca,Zona Sul,3,2,2,101.0,540000.0,5346.53465346535,7235.27815404702,7019.92781217448
84926,Apartamento de 142 m² com 03 quartos   Jardim Sumaré,Jardim Sumare,Zona Sul,3,3,2,142.0,540000.0,3802.81690140845,6366.17718327786,7019.92781217448
73220,Apartamento de 03 quartos para locação   Nova Aliança,Nova Alianca,Zona Sul,3,2,2,77.0,540000.0,7012.98701298701,7235.27815404702,7019.92781217448
85400,Apartamento de 98m² com 03 quartos à venda   Santa Cruz do José Jacques,Santa Cruz do Jose Jacques,Zona Sul,3,3,2,98.0,541000.0,5520.40816326531,6190.18466407645,7019.92781217448
161120,APARTAMENTO 03 DORMITÓRIOS 01 SUITE COM VARANDA GOURMET PRÓXIMO A AV. CARLOS CONSONI,Jardim Botanico,Zona Sul,3,3,1,89.0,544300.0,6115.73033707865,7403.36272123417,7019.92781217448
213929,Apartamento de 210m² com 04 quartos à venda   Centro,Centro,Centro,3,4,1,210.0,547000.0,2604.76190476191,3969.0889863009,4114.37759196461
238832,Apartamento de 63m² com 02 quartos para venda   Jardim Sumaré,Jardim Sumare,Zona Sul,2,1,1,63.0,548000.0,8698.4126984127,6366.17718327786,7019.92781217448
238811,Apartamento de 63m² com 02 quartos para locação   Jardim Sumaré,Jardim Sumare,Zona Sul,2,2,1,63.0,548000.0,8698.4126984127,6366.17718327786,7019.92781217448
238808,Apartamento de 63m² com 02 quartos para venda   Jardim Sumaré,Jardim Sumare,Zona Sul,2,2,1,63.0,548000.0,8698.4126984127,6366.17718327786,7019.92781217448
244409,Apartamento de 95m² com 03 quartos sendo 1 suíte para venda   Campos Eliseos,Campos Eliseos,Zona Norte,3,2,2,95.0,549000.0,5778.94736842105,4308.89631323999,4316.94719953754
96662,Apartamento de 75m² com 03 quartos para venda   Presidente Médici,Presidente Medici,Zona Leste,3,2,1,75.0,330000.0,4400.0,4508.64185474962,4646.24632076016
139061,Apartamento de 95m² com 03 quartos para locação e venda   Jardim Paulista,Jardim Paulista,Zona Leste,3,3,2,95.0,480000.0,5052.63157894737,4839.65243893052,4646.24632076016
207833,Apartamento de 124m² com 03 quatos   Centro,Centro,Centro,4,3,2,124.0,500000.0,4032.25806451613,3969.0889863009,4114.37759196461
189596,Apartamento de 01 quarto à venda   Jardim Irajá,Jardim Iraja,Zona Sul,1,1,1,51.0,500000.0,9803.92156862745,5843.60369977321,7019.92781217448
152393,Apartamento de 64m² com 02 quartos  Bosque das Juritis,Jardim Botanico,Zona Sul,2,2,1,64.0,510000.0,7968.75,7403.36272123417,7019.92781217448
200282,Apartamento   Padrão,Bosque das Juritis,Zona Sul,2,2,2,90.0,529000.0,5877.77777777778,8028.33244392152,7019.92781217448
86405,APARTAMENTO PRÓXIMO À AVENIDA INDEPENDÊNCIA,Vila Seixas,Centro,3,3,2,103.0,530000.0,5145.63106796117,4862.36131633665,4114.37759196461
130142,Apartamento de 97m² com 03 quarto com suíte à venda  Campos Elíseos,Campos Eliseos,Zona Norte,3,2,2,97.0,540000.0,5567.01030927835,4308.89631323999,4316.94719953754
121424,Apartamento de 149m² com 03 quartos sendo 01 suíte para locação e venda   Santa Cruz do José Jacques,Santa Cruz do Jose Jacques,Zona Sul,3,3,2,149.0,540000.0,3624.1610738255,6190.18466407645,7019.92781217448
206933,Apartaemento de 03 quartos com 156m²   Centro Ribeirão Preto,Centro,Centro,3,2,1,156.0,545000.0,3493.58974358974,3969.0889863009,4114.37759196461
245000,"Apartamento de 70m² com 02 quartos, sendo 01 suíte à venda   Jardim Palma Travassos",Presidente Medici,Zona Leste,2,2,2,70.0,550000.0,7857.14285714286,4508.64185474962,4646.24632076016
241943,Apartamento de 77m² com 03 quartos à venda   Nova Aliança,Nova Alianca,Zona Sul,3,2,2,77.0,550000.0,7142.85714285714,7235.27815404702,7019.92781217448
231842,Apartamento de 71m² com 02 quartos à venda   Bonfim Paulista,Bonfim Paulista,Zona Sul,2,2,1,71.0,550000.0,7746.47887323944,8197.59279884853,7019.92781217448
227558,Apartamento de 80m² com 02 quartos à venda   Jardim Paulista,Jardim Paulista,Zona Leste,2,2,2,80.0,550000.0,6875.0,4839.65243893052,4646.24632076016
218624,Apartamento de 67m² com 03 quartos à venda   Jardim Olhos D`Água,Jardim Olhos DAgua,Zona Sul,3,2,1,67.0,550000.0,8208.9552238806,9706.16858313729,7019.92781217448
213518,Apartamento de 122m² com 03 quartos à venda   Centro,Centro,Centro,3,3,2,122.0,550000.0,4508.19672131148,3969.0889863009,4114.37759196461
212624,Apartamento de 61m² com 02 quartos à venda   Jardim Olhos D`Água,Quinta da Primavera,Zona Sul,2,2,2,61.0,550000.0,9016.39344262295,8334.13944069942,7019.92781217448
205076,Apartamento térreo reformado à venda   Santa Cruz do José Jacques,Santa Cruz do Jose Jacques,Zona Sul,1,1,1,54.0,550000.0,10185.1851851852,6190.18466407645,7019.92781217448
202136,APARTAMENTO NO CENTRO,Centro,Centro,3,2,1,155.0,550000.0,3548.38709677419,3969.0889863009,4114.37759196461
200033,Apartamento de 75m² com 02 quartos à venda   Bairro Vila Amélia,Vila Amelia,Zona Oeste,2,2,1,75.0,550000.0,7333.33333333333,4740.17583820671,4568.83198282477
187598,APARTAMENTO PRÓXIMO À AVENIDA JOÃO FIÚSA,Republica,Zona Oeste,3,3,2,116.0,550000.0,4741.37931034483,5849.08600873347,4568.83198282477
178535,Apartamento de 43m² com 01 quarto para locação   Quinta da Primavera,Quinta da Primavera,Zona Sul,1,1,1,43.0,550000.0,12790.6976744186,8334.13944069942,7019.92781217448
177224,APARTAMENTO NO CENTRO,Centro,Centro,3,3,2,131.0,550000.0,4198.47328244275,3969.0889863009,4114.37759196461
168434,"LINDO APARTAMENTO PRONTO PARA MORAR, ULTIMAS UNIDADES!",Nova Alianca,Zona Sul,2,3,2,79.0,550000.0,6962.0253164557,7235.27815404702,7019.92781217448
167966,APARTAMENTO MOBILIADO NA AVENIDA MAURILIO BIAGI,Santa Cruz do Jose Jacques,Zona Sul,2,1,2,55.0,550000.0,10000.0,6190.18466407645,7019.92781217448
163067,Apartamento de 123m² com 3 quartos à venda   Santa Cruz,Santa Cruz do Jose Jacques,Zona Sul,3,2,2,123.0,550000.0,4471.54471544716,6190.18466407645,7019.92781217448
157787,Apartamento de 125m² com 03 quartos   Centro,Centro,Centro,3,5,2,125.0,550000.0,4400.0,3969.0889863009,4114.37759196461
153452,Apartamento de 129m² com 02 suítes à venda   Nova Aliança,Nova Alianca,Zona Sul,2,3,1,129.0,550000.0,4263.56589147287,7235.27815404702,7019.92781217448
150923,APARTAMENTO NO CENTRO,Centro,Centro,3,3,2,131.0,550000.0,4198.47328244275,3969.0889863009,4114.37759196461
145334,Apartamento de 81m² com 02 quartos à venda   Vila do Golf,Vila do Golf,Zona Sul,2,2,2,81.0,550000.0,6790.12345679012,9872.36315439169,7019.92781217448
137126,Apartamento de 03 quartos para locação   Centro,Centro,Centro,3,3,1,158.0,550000.0,3481.01265822785,3969.0889863009,4114.37759196461
131231,Apartamento   Padrão,Nova Alianca,Zona Sul,2,3,2,88.0,550000.0,6250.0,7235.27815404702,7019.92781217448
129260,APARTAMENTO PRÓXIMO À AVENIDA MEIRA JÚNIOR,Jardim Paulista,Zona Leste,3,1,2,126.0,550000.0,4365.07936507937,4839.65243893052,4646.24632076016
120947,Apartamento de 86m² com 02 quartos para locação e venda   Vila Seixas,Vila Seixas,Centro,2,2,2,86.0,550000.0,6395.3488372093,4862.36131633665,4114.37759196461
118808,APARTAMENTO NO JARDIM BOTÂNICO COM VARANDA GOURMET,Jardim Botanico,Zona Sul,3,2,2,54.0,550000.0,10185.1851851852,7403.36272123417,7019.92781217448
114557,"Apartamento para locação no Jd Botânico, Zonal Sul",Jardim Botanico,Zona Sul,2,3,2,73.0,550000.0,7534.24657534247,7403.36272123417,7019.92781217448
102461,Apartamento de 66m² com 02 quartos à venda   Jardim Paulista,Jardim Paulista,Zona Leste,2,2,1,66.0,550000.0,8333.33333333333,4839.65243893052,4646.24632076016
89129,LINDO APARTAEMNTO PROXÍMO A FIUSA,Jardim Iraja,Zona Sul,3,3,2,88.0,550000.0,6250.0,5843.60369977321,7019.92781217448
89114,APARTAMENTO PADRÃO NO JARDIM PAULISTA,Parque dos Bandeirantes,Zona Leste,3,2,2,110.0,550000.0,5000.0,4072.45658506483,4646.24632076016
65846,Apartamento de 172m² com 03 quartos para venda   Higienópolis,Higienopolis,Centro,3,4,2,172.0,550000.0,3197.67441860465,3745.12101181726,4114.37759196461
182054,APARTAMENTO PRÓXIMO À RODOVIA JOSÉ FREGONEZZI,Jardim Olhos DAgua,Zona Sul,1,2,1,69.0,551323.0,7990.1884057971,9706.16858313729,7019.92781217448
142205,Apartamento de 83m² com 03 quarto sendo 01 suíte à venda   Centro,Centro,Centro,3,2,2,83.0,552000.0,6650.60240963855,3969.0889863009,4114.37759196461
239213,APARTAMENTO 03 DORMITÓRIOS 01 SUITE COM VARANDA GOURMET PRÓXIMO A AV. CARLOS CONSONI,Jardim Botanico,Zona Sul,3,3,1,89.0,553200.0,6215.73033707865,7403.36272123417,7019.92781217448
183311,Apartamento de 61m² com 02 quartos à venda   Quinta da Primavera,Quinta da Primavera,Zona Sul,2,2,1,61.0,555000.0,9098.3606557377,8334.13944069942,7019.92781217448
176873,Apartamento de 69m² com 02 suítes à venda   Nova Aliança,Nova Alianca,Zona Sul,2,3,1,69.0,557973.7,8086.57536231884,7235.27815404702,7019.92781217448
242801,Apartamento de 61m² com 01 suíte à venda   Quinta da Primavera,Quinta da Primavera,Zona Sul,1,2,1,61.0,559000.0,9163.93442622951,8334.13944069942,7019.92781217448
238820,Apartamento de 69m² com 02 quartos para venda   Jardim Sumaré,Jardim Sumare,Zona Sul,2,2,1,69.0,559000.0,8101.44927536232,6366.17718327786,7019.92781217448
197027,Apartamento de 141m² com 03 quartos à venda   Centro,Centro,Centro,3,1,1,141.0,490000.0,3475.17730496454,3969.0889863009,4114.37759196461
237668,Apartamento de 95m² com 03 quartos à venda   Campos Elíseos,Campos Eliseos,Zona Norte,3,2,2,95.0,560000.0,5894.73684210526,4308.89631323999,4316.94719953754
198755,Apartamento de 62m² com 02 quartos   Jardim Botânico,Jardim Botanico,Zona Sul,2,2,1,62.0,560000.0,9032.25806451613,7403.36272123417,7019.92781217448
164375,Apartamento de 110m² com 03 quartos à venda   Jardim Paulista,Jardim Paulista,Zona Leste,3,3,1,110.0,560000.0,5090.90909090909,4839.65243893052,4646.24632076016
146720,Apartamento de 82m² com 03 quartos para locação e venda   Nova Aliança,Nova Alianca,Zona Sul,3,2,2,82.0,560000.0,6829.26829268293,7235.27815404702,7019.92781217448
128153,Apartamento de 142m² com 03 quartos à venda   Jardim Sumaré,Jardim Sumare,Zona Sul,3,2,2,142.0,560000.0,3943.66197183099,6366.17718327786,7019.92781217448
112754,Apartamento de 88m² com 02 quartos à venda   Santa Cruz do Jose Jacques,Santa Cruz do Jose Jacques,Zona Sul,2,2,1,88.0,560000.0,6363.63636363636,6190.18466407645,7019.92781217448
99554,Apartamento   Padrão,Campos Eliseos,Zona Norte,3,2,2,95.0,560000.0,5894.73684210526,4308.89631323999,4316.94719953754
217937,Apartamento mobiliado de 39m² com 01 suíte para locação   Jardim Sumaré,Jardim Sumare,Zona Sul,1,1,1,39.0,561800.0,14405.1282051282,6366.17718327786,7019.92781217448
76136,Apartamento de 142m² com 03 quartos para venda e locação   Jardim Sumaré,Jardim Sumare,Zona Sul,4,3,2,142.0,562000.0,3957.74647887324,6366.17718327786,7019.92781217448
238769,Apartamento de 69m² com 02 quartos à venda   Jardim Olhos D´Água,Jardim Olhos DAgua,Zona Sul,2,2,1,69.0,565000.0,8188.40579710145,9706.16858313729,7019.92781217448
229892,Apartamento de 81m² com 03 quartos sendo 01 suíte para Venda   Jardim Nova Aliança Sul,Jardim Nova Alianca Sul,Zona Sul,3,2,2,81.0,565000.0,6975.30864197531,6999.09526420546,7019.92781217448
175211,Apartamento de 65m² com 02 quartos   Jardim Botânico,Alamedas do Botanico,Zona Sul,2,2,1,65.0,565990.0,8707.53846153846,10304.3391731634,7019.92781217448
176861,Apartamento de 70m² com 02 suítes à venda   Nova Aliança,Nova Alianca,Zona Sul,2,3,1,70.0,567168.24,8102.40342857143,7235.27815404702,7019.92781217448
182057,APARTAMENTO PRÓXIMO À RODOVIA JOSÉ FREGONEZZI,Jardim Olhos DAgua,Zona Sul,1,2,1,69.0,567479.0,8224.33333333333,9706.16858313729,7019.92781217448
144923,APATAMENTO PRÓXIMO AO CENTRO,Centro,Centro,3,4,1,162.0,550000.0,3395.06172839506,3969.0889863009,4114.37759196461
214853,Apartamento de 65m² com 02 quartos   Jardim Botânico,Alamedas do Botanico,Zona Sul,2,2,1,65.0,569990.0,8769.07692307692,10304.3391731634,7019.92781217448
244979,"Apartamento Padrão de 84,76m² com 03 Quartos sendo 01 suíte para Venda   Bonfim Paulista",Bonfim Paulista,Zona Sul,3,2,2,76.0,570000.0,7500.0,8197.59279884853,7019.92781217448
236636,Apartamento de 62m² com 02 quartos à venda   Ribeirânia,Ribeirania,Zona Leste,2,2,1,62.0,570000.0,9193.54838709678,6622.45012983218,4646.24632076016
216632,Apartamento de 88m² com 02 quartos para locação   Jardim Botânico,Bosque das Juritis,Zona Sul,2,2,2,88.0,570000.0,6477.27272727273,8028.33244392152,7019.92781217448
213131,Apartamento de 104m² com 03 quartos para locação   Centro,Centro,Centro,3,2,1,104.0,570000.0,5480.76923076923,3969.0889863009,4114.37759196461
167054,APARTAMENTO PRÓXIMO AO SHOPPING SANTA ÚRSULA,Vila Seixas,Centro,3,2,2,222.0,570000.0,2567.56756756757,4862.36131633665,4114.37759196461
120398,Apartamento de 95m² com 03 quartos para locação e venda   Jardim Canadá,Jardim Canada,Zona Sul,3,2,2,95.0,570000.0,6000.0,7006.02337064892,7019.92781217448
74408,Apartamento de 135m² com quartos para venda   Jardim Sumaré,Jardim Sumare,Zona Sul,3,3,1,135.0,570000.0,4222.22222222222,6366.17718327786,7019.92781217448
238826,"Localizado próximo ao Paulistão atacadista, Lagoa Burger, Posto Ipiranga",Jardim Sumare,Zona Sul,2,2,1,69.0,571000.0,8275.36231884058,6366.17718327786,7019.92781217448
142676,Apartamento de 91m² com 03 quartos à venda   Ribeirânia,Ribeirania,Zona Leste,3,3,2,91.0,575000.0,6318.68131868132,6622.45012983218,4646.24632076016
239222,APARTAMENTO 03 DORMITÓRIOS 01 SUITE COM VARANDA GOURMET PRÓXIMO A AV. CARLOS CONSONI,Jardim Botanico,Zona Sul,3,3,2,89.0,575500.0,6466.29213483146,7403.36272123417,7019.92781217448
182060,APARTAMENTO PRÓXIMO À RODOVIA JOSÉ FREGONEZZI,Jardim Olhos DAgua,Zona Sul,1,2,1,69.0,575557.0,8341.40579710145,9706.16858313729,7019.92781217448
238328,Apartamento de 63m² com 02 quartos para venda   Quinta da Primavera,Quinta da Primavera,Zona Sul,2,2,1,63.0,579000.0,9190.47619047619,8334.13944069942,7019.92781217448
240914,Apartamento de 210m² com 04 quartos à venda   Centro,Centro,Centro,4,4,1,210.0,439990.0,2095.19047619048,3969.0889863009,4114.37759196461
245111,Apartamento de 107m² com 03 quartos sendo 1 suíte à venda   Vila Ana Maria,Vila Ana Maria,Zona Sul,3,2,2,107.0,580000.0,5420.56074766355,6534.36599324832,7019.92781217448
230870,Apartamento de 87m² com 02 quartos à venda   Bosque das Juritis,Bosque das Juritis,Zona Sul,2,3,2,87.0,580000.0,6666.66666666667,8028.33244392152,7019.92781217448
225242,Apartamento mobiliado de 59m² com 02 quartos para venda e locação   Vila do Golf,Residencial Taiwan,Zona Sul,2,2,1,59.0,580000.0,9830.50847457627,8758.91786179922,7019.92781217448
211493,Apartamento de 76m² com 02 suítes para venda   Jardim Botânico,Jardim Botanico,Zona Sul,2,3,2,76.0,580000.0,7631.57894736842,7403.36272123417,7019.92781217448
192017,Apartamento de 93m² com 03 quartos para locação   Santa Cruz do José Jacques,Santa Cruz do Jose Jacques,Zona Sul,3,2,2,93.0,580000.0,6236.55913978495,6190.18466407645,7019.92781217448
186065,Apartamento de 67m² com 02 quartos para venda   Jardim Irajá,Jardim Iraja,Zona Sul,2,2,1,67.0,580000.0,8656.71641791045,5843.60369977321,7019.92781217448
172793,Apartamento de 138 m² com 03 quartos   Jardim Sumaré.,Jardim Sumare,Zona Sul,3,4,4,138.0,580000.0,4202.89855072464,6366.17718327786,7019.92781217448
134171,APARTAMENTO NO CENTRO,Centro,Centro,3,2,1,140.0,580000.0,4142.85714285714,3969.0889863009,4114.37759196461
79724,Apartamento de 03 quartos para venda   Republica,Republica,Zona Oeste,3,2,2,103.0,580000.0,5631.06796116505,5849.08600873347,4568.83198282477
178238,Apartamento de 65m² com 02 suítes e 02 vagas de garagem à venda   Nova Aliança,Nova Alianca,Zona Sul,2,3,2,65.0,582283.35,8958.20538461539,7235.27815404702,7019.92781217448
137312,Apartamento de 104m² com 03 quartos sendo 01 suíte à venda   Centro,Centro,Centro,3,3,2,104.0,450000.0,4326.92307692308,3969.0889863009,4114.37759196461
128114,Apartamento de 109 m² com 03 quartos   Jardim Paulistano,Jardim Paulistano,Zona Leste,3,3,2,109.0,583000.0,5348.62385321101,4354.41245373771,4646.24632076016
84038,Apartamento de 118m² com 03 quartos   Jardim São Luiz,Jardim Sao Luiz,Zona Sul,3,2,1,118.0,583000.0,4940.6779661017,5775.49648772587,7019.92781217448
239228,APARTAMENTO 03 DORMITÓRIOS 01 SUITE COM VARANDA GOURMET PRÓXIMO A AV. CARLOS CONSONI,Jardim Botanico,Zona Sul,3,3,2,89.0,584400.0,6566.29213483146,7403.36272123417,7019.92781217448
186680,Apartamento reformado de 159m² com 04 quartos sendo 01 suíte à venda   Centro,Centro,Centro,4,4,1,159.0,549000.0,3452.83018867925,3969.0889863009,4114.37759196461
130829,ÓTIMO APARTAMENTO NO JD. SUMARÉ,Jardim Sumare,Zona Sul,3,3,2,142.0,580000.0,4084.50704225352,6366.17718327786,7019.92781217448
243503,"Apartamento de 76m² com 02 suítes, para venda   Jardim Botânico",Jardim Botanico,Zona Sul,2,3,2,76.0,585000.0,7697.36842105263,7403.36272123417,7019.92781217448
129302,Apartamento de 76m² com 02 suítes para locação   Jardim Botânico,Jardim Botanico,Zona Sul,2,3,2,76.0,585000.0,7697.36842105263,7403.36272123417,7019.92781217448
214976,Apartamento de 66m² com 02 quartos à venda   Quinta da Primavera,Quinta da Primavera,Zona Sul,2,2,1,66.0,585346.0,8868.87878787879,8334.13944069942,7019.92781217448
174053,Apartamento de 216m² com 03 quartos com 01 suíte à venda   Centro,Vila Seixas,Centro,3,4,1,216.0,475000.0,2199.07407407407,4862.36131633665,4114.37759196461
178265,Apartamento de 61m² com 02 suítes à venda   Nova Aliança,Nova Alianca,Zona Sul,2,3,1,61.0,589792.15,9668.7237704918,7235.27815404702,7019.92781217448
134513,Apartamento de 204m² com 04 quartos para venda e locação   Centro,Vila Seixas,Centro,4,5,3,204.0,498000.0,2441.17647058824,4862.36131633665,4114.37759196461
207596,Apartamento de 84m² com 03 quartos à venda   Bonfim Paulista,Bonfim Paulista,Zona Sul,3,2,2,84.0,575000.0,6845.2380952381,8197.59279884853,7019.92781217448
236963,Apartamento de 75m² com 02 quartos à venda   Jardim Nova Aliança Sul,Jardim Nova Alianca Sul,Zona Sul,2,2,2,75.0,590000.0,7866.66666666667,6999.09526420546,7019.92781217448
224552,Apartamento de 95m² com 03 quartos com 01 suíte à venda   Campos Elíseos,Campos Eliseos,Zona Norte,3,2,2,95.0,590000.0,6210.52631578947,4308.89631323999,4316.94719953754
199913,Apartamento de 165m² com 03 quartos à venda   Centro,Centro,Centro,3,4,1,165.0,590000.0,3575.75757575758,3969.0889863009,4114.37759196461
152903,EXCELENTE APARTAMENTO NA AV ANTÔNIO DIEDERICHSEN,Jardim America,Zona Sul,2,3,2,87.0,590000.0,6781.6091954023,5600.32705609696,7019.92781217448
120401,Apartamento de 94 m² com 03 quartos para locação   Jardim Canada.,Jardim Canada,Zona Sul,3,3,2,94.0,590000.0,6276.59574468085,7006.02337064892,7019.92781217448
94298,Apartamento de 97m² com 03 quartos sendo 01 suíte à venda   Campos Elíseos,Campos Eliseos,Zona Norte,3,2,2,97.0,590000.0,6082.47422680412,4308.89631323999,4316.94719953754
84932,Apartamento de 138m² 03 quartos sendo 01 suíte para locação   Jardim Sumaré,Jardim Sumare,Zona Sul,3,3,2,138.0,590000.0,4275.36231884058,6366.17718327786,7019.92781217448
178847,Apartamento de 69m² com 02 quartos à venda   Jardim Olhos D`Água II,Jardim Olhos DAgua,Zona Sul,2,2,1,69.0,591713.0,8575.55072463768,9706.16858313729,7019.92781217448
239408,Apartamento de 95m² com 03 quartos à venda   Campos Elíseos,Campos Eliseos,Zona Norte,3,2,2,95.0,594000.0,6252.63157894737,4308.89631323999,4316.94719953754
239996,Apartamento de 138 m² com 03 quartos à venda  Jardim Sumaré.,Jardim Sumare,Zona Sul,3,4,3,138.0,539000.0,3905.79710144928,6366.17718327786,7019.92781217448
225059,Apartamento de 76 m² com 02 quartos sendo 01 suíte à venda   Vila Ana Maria,Vila Ana Maria,Zona Sul,2,2,2,76.0,595000.0,7828.94736842105,6534.36599324832,7019.92781217448
147755,Apartamento de 107m² com 03 suítes à venda   Jardim Paulista,Jardim Paulista,Zona Leste,3,4,2,107.0,525000.0,4906.54205607477,4839.65243893052,4646.24632076016
236351,Apartamento de 65m² com 02 suítes à venda   Residencial Taiwan,Residencial Taiwan,Zona Sul,2,3,2,65.0,539000.0,8292.30769230769,8758.91786179922,7019.92781217448
231707,Lançamento: Ritz Golf   Apartamento de 52m² com 01 quarto à venda   Vila do Golf,Vila do Golf,Zona Sul,1,1,1,52.0,599000.0,11519.2307692308,9872.36315439169,7019.92781217448
135062,APARTAMENTO DIFERENCIADO NO CENTRO,Centro,Centro,3,3,1,141.0,599000.0,4248.22695035461,3969.0889863009,4114.37759196461
91379,Apartamento de 87m² com 02 quartos sendo 01 suíte à venda   Nova Aliança,Nova Alianca,Zona Sul,1,2,2,87.0,599000.0,6885.05747126437,7235.27815404702,7019.92781217448
237965,Apartamento de 85m² com 02 suítes para locação   Nova Aliança,Nova Alianca,Zona Sul,2,3,2,85.0,724680.0,8525.64705882353,7235.27815404702,7019.92781217448
237974,Apartamento de 85m² com 02 suítes para locação e venda   Nova Aliança,Nova Alianca,Zona Sul,2,3,2,85.0,725000.0,8529.41176470588,7235.27815404702,7019.92781217448
237968,Apartamento de 85m² com 02 suítes para locação e venda   Nova Aliança,Nova Alianca,Zona Sul,2,3,2,85.0,725000.0,8529.41176470588,7235.27815404702,7019.92781217448
237962,Apartamento de 85m² com 02 suítes para locação e venda   Nova Aliança,Nova Alianca,Zona Sul,2,3,2,85.0,681656.0,8019.48235294118,7235.27815404702,7019.92781217448
237971,Apartamento de 85m² com 02 suítes para locação e venda   Nova Aliança,Nova Alianca,Zona Sul,2,3,2,85.0,840124.0,9883.81176470588,7235.27815404702,7019.92781217448
86711,Apartamento de 137m² com 03 suítes para locação   Jardim São Luiz,Jardim Sao Luiz,Zona Sul,3,4,2,137.0,1200000.0,8759.12408759124,5775.49648772587,7019.92781217448
182036,Apartamento de 82m² com 02 suítes para locação e venda   Jardim Olhos D`Água,Jardim Olhos DAgua,Zona Sul,2,3,2,82.0,1277000.0,15573.1707317073,9706.16858313729,7019.92781217448
232217,Apartamento de 113 m² com 03 suítes à venda   Jardim Olhos d´Água.,Jardim Olhos DAgua,Zona Sul,3,4,2,113.0,1100000.0,9734.51327433628,9706.16858313729,7019.92781217448
226763,Apartamento de 03 quartos sendo 01 suíte de 144m² para locação e venda   Jardim Botânico,Jardim Botanico,Zona Sul,3,3,2,144.0,1100000.0,7638.88888888889,7403.36272123417,7019.92781217448
229211,Apartamento mobiliado de 126m² com 03 suítes para locação e venda   Jardim Olhos D`Água,Jardim Olhos DAgua,Zona Sul,3,4,2,126.0,1200000.0,9523.80952380952,9706.16858313729,7019.92781217448
230297,Apartamento de 109m² com 03 suítes para venda e locação   Jardim Olhos D´Água.,Plazas de Espana,Zona Sul,3,4,2,109.0,1272000.0,11669.7247706422,10740.3669724771,7019.92781217448
112802,Apartamento de 97m² com 3 quartos à venda   Jardim Anhanguera,Jardim Anhanguera,Zona Leste,3,2,2,97.0,360000.0,3711.34020618557,4372.03682882804,4646.24632076016
87683,Apartamento de 124m² com 03 quartos à venda  Jardim Botânico,Jardim Botanico,Zona Sul,3,4,2,124.0,630000.0,5080.64516129032,7403.36272123417,7019.92781217448
220592,Apartamento de 507m² com 04 suítes à venda   Morro do Ypê,Residencial Morro do Ipe,Zona Sul,4,6,5,507.0,5900000.0,11637.0808678501,10501.5511367323,7019.92781217448
241259,Apartamento de 111m² com 03 quartos à venda   Nova Aliança,Nova Alianca,Zona Sul,3,3,2,111.0,600000.0,5405.40540540541,7235.27815404702,7019.92781217448
229109,Apartamento de 82m² com 03 quartos para venda e locação   Jardim Botânico,Alamedas do Botanico,Zona Sul,3,2,2,82.0,820000.0,10000.0,10304.3391731634,7019.92781217448
165329,Apartamento de 131m² com 03 suítes para locação e venda   Jardim Olhos D`Água,Jardim Olhos DAgua,Zona Sul,3,4,3,131.0,1200000.0,9160.30534351145,9706.16858313729,7019.92781217448
244403,Apartamento de 148m² com 03 suítes para locação e venda   Jardim Botânico,Jardim Botanico,Zona Sul,3,5,2,148.0,1130000.0,7635.13513513514,7403.36272123417,7019.92781217448
214814,Apartamento de 100m² com 03 quartos para locação   Jardim Botânico,Jardim Botanico,Zona Sul,3,2,2,100.0,860000.0,8600.0,7403.36272123417,7019.92781217448
242306,Apartamento mobiliado de 196m² com 03 quartos para locação e venda   Santa Cruz José Jacques,City Ribeirao,Zona Sul,4,5,3,196.0,1180000.0,6020.40816326531,5481.73996829135,7019.92781217448
217973,Apartamento de 109m² com 02 suítes para locação e venda   Plazas de España,Plazas de Espana,Zona Sul,2,4,2,109.0,1250000.0,11467.8899082569,10740.3669724771,7019.92781217448
219422,Apartamento de 132m² com 02 suítes para venda e locação   Jardim Botânico,Jardim Botanico,Zona Sul,2,4,2,132.0,1150000.0,8712.12121212121,7403.36272123417,7019.92781217448
237953,Apartamento de 133m² com 03 suítes para locação e venda   Nova Aliança,Nova Alianca,Zona Sul,3,4,2,133.0,1158584.0,8711.15789473684,7235.27815404702,7019.92781217448
237950,Apartamento de 133m² com 03 suítes para locação e venda   Nova Aliança,Nova Alianca,Zona Sul,3,4,2,133.0,1158584.0,8711.15789473684,7235.27815404702,7019.92781217448
242684,Apartamento de 126m² com 03 suítes para locação e venda   Jardim Olhos d`Água,Jardim Olhos DAgua,Zona Sul,3,4,2,126.0,1290000.0,10238.0952380952,9706.16858313729,7019.92781217448
232301,Apartamento de 87m² com 02 suítes para locação   Jardim Botânico,Jardim Botanico,Zona Sul,2,3,2,87.0,1300000.0,14942.5287356322,7403.36272123417,7019.92781217448
143261,Apartamento de 135m² com 03 suítes para locação e venda   Jardim Botânico,Jardim Botanico,Zona Sul,3,4,2,135.0,1400000.0,10370.3703703704,7403.36272123417,7019.92781217448
232898,Apartamento mobiliado de 127m² com 03 suítes para locação e venda   Nova Aliança,Nova Alianca,Zona Sul,3,4,2,127.0,1200000.0,9448.8188976378,7235.27815404702,7019.92781217448
234425,Apartamento de 124m² com 03 suítes para venda e locação  Jardim Olhos D`água,Bonfim Paulista,Zona Sul,3,4,3,124.0,1500000.0,12096.7741935484,8197.59279884853,7019.92781217448
204461,Apartamento de 239m² com 04 quartos para venda e locação   Jardim Irajá,Jardim Iraja,Zona Sul,4,4,4,239.0,1500000.0,6276.15062761506,5843.60369977321,7019.92781217448
228296,Apartamento de 133m² com 03 suítes para venda e locação  Nova Aliança,Nova Alianca,Zona Sul,3,4,2,133.0,1280000.0,9624.06015037594,7235.27815404702,7019.92781217448
237959,Apartamento de 133m² com 03 suítes para locação e venda   Nova Aliança,Nova Alianca,Zona Sul,3,4,2,133.0,1158584.0,8711.15789473684,7235.27815404702,7019.92781217448
237956,Apartamento de 133m² com 03 suítes para locação  Nova Aliança,Nova Alianca,Zona Sul,3,4,2,133.0,1158584.0,8711.15789473684,7235.27815404702,7019.92781217448
217379,Apartamento de 143m² com 03 suítes para locação e venda   Nova Aliança,Nova Alianca,Zona Sul,3,4,2,143.0,1324907.0,9265.08391608392,7235.27815404702,7019.92781217448
151583,Apartamento mobiliado para locação   Jd. Presidente Médici,Presidente Medici,Zona Leste,1,1,1,38.0,192000.0,5052.63157894737,4508.64185474962,4646.24632076016
182579,Apartamento de 216m² com 03 quartos à venda   Jardim Sumaré,Jardim Sumare,Zona Sul,3,4,1,216.0,300000.0,1388.88888888889,6366.17718327786,7019.92781217448
67403,Apartamento de 202m² com 03 quartos planejados à venda   Centro,Higienopolis,Centro,3,3,1,202.0,465000.0,2301.9801980198,3745.12101181726,4114.37759196461
113552,Apartamento de 144m² com 04 quartos para locação e venda   Jardim Macedo,Jardim Macedo,Zona Leste,4,3,2,144.0,532000.0,3694.44444444444,4049.64935899923,4646.24632076016
225683,Apartamento de 61m² com 02 quartos À venda   Quinta da Primavera,Quinta da Primavera,Zona Sul,2,2,1,61.0,550000.0,9016.39344262295,8334.13944069942,7019.92781217448
189593,Apartamento de 01 quarto à venda   Jardim Irajá,Jardim Iraja,Zona Sul,1,1,1,51.0,550000.0,10784.3137254902,5843.60369977321,7019.92781217448
189590,Apartamento de 01 quarto à venda   Jardim Irajá,Jardim Iraja,Zona Sul,1,1,1,51.0,550000.0,10784.3137254902,5843.60369977321,7019.92781217448
183923,Apartamento de 60m² com 02 quartos para locação e venda   Jardim Nova Aliança Sul,Jardim Nova Alianca Sul,Zona Sul,2,1,2,60.0,550000.0,9166.66666666667,6999.09526420546,7019.92781217448
157307,Apartamento de 03 quartos para locação   Santa Cruz,Santa Cruz do Jose Jacques,Zona Sul,3,2,1,84.0,550000.0,6547.61904761905,6190.18466407645,7019.92781217448
205280,Apartamento de 88m² com 02 suítes à venda   Nova Aliança,Nova Alianca,Zona Sul,2,3,2,88.0,560000.0,6363.63636363636,7235.27815404702,7019.92781217448
152474,Apartamento de 138m² com 03 quartos à venda   Vila Seixas,Vila Seixas,Centro,3,2,1,138.0,560000.0,4057.97101449275,4862.36131633665,4114.37759196461
217421,Apartamento de 70m² com 02 quartos à venda   Jardim Palma Travassos,Presidente Medici,Zona Leste,2,2,2,70.0,600000.0,8571.42857142857,4508.64185474962,4646.24632076016
211097,Apartamento de 107m² com 03 quartos sendo 02 suítes para locação e venda   Centro,Alto da Boa Vista,Zona Sul,3,4,1,107.0,600000.0,5607.47663551402,5935.13838933655,7019.92781217448
202523,APARTAMENTO NO NOVA ALIANÇA SUL,Jardim Nova Alianca Sul,Zona Sul,2,2,2,79.0,600000.0,7594.93670886076,6999.09526420546,7019.92781217448
179555,APARTAMENTO NO JARDIM AMÉRICA,Jardim America,Zona Sul,3,3,1,87.0,600000.0,6896.55172413793,5600.32705609696,7019.92781217448
174653,Apartamento de 95m² com 03 quarto com suíte à venda  Campos Elíseos,Campos Eliseos,Zona Norte,3,2,1,95.0,600000.0,6315.78947368421,4308.89631323999,4316.94719953754
163961,APARTAMENTO NO NOVA ALIANÇA,Nova Alianca,Zona Sul,2,2,1,79.0,600000.0,7594.93670886076,7235.27815404702,7019.92781217448
154772,Apartamento de 76m² com 02 suítes para locação   Nova Ribeirânia,Nova Ribeirania,Zona Leste,2,3,1,76.0,600000.0,7894.73684210526,6636.64015183677,4646.24632076016
154685,APARTAMENTO PRÓXIMO À AVENIDA CASTELO BRANCO,Nova Ribeirania,Zona Leste,2,3,2,76.0,600000.0,7894.73684210526,6636.64015183677,4646.24632076016
153686,Apartamento de 156m² com 03 quartos para locação e venda   Centro,Centro,Centro,3,3,2,156.0,600000.0,3846.15384615385,3969.0889863009,4114.37759196461
148214,APARTAMENTO PRÓXIMO À AVENIDA NOVE DE JULHO,Centro,Centro,3,3,1,142.0,600000.0,4225.35211267606,3969.0889863009,4114.37759196461
142367,Apartamento de 131m² com 03 quartos sendo 01 suíte à venda   Centro,Centro,Centro,3,2,2,131.0,600000.0,4580.15267175573,3969.0889863009,4114.37759196461
141656,Apartamento de 107m² com 03 quartos sendo 01 suíte á venda   Centro,Centro,Centro,3,3,1,107.0,600000.0,5607.47663551402,3969.0889863009,4114.37759196461
109535,Apartamento de 104m² com 03 suítes á venda   Jardim Botânico,Jardim Botanico,Zona Sul,3,2,1,104.0,600000.0,5769.23076923077,7403.36272123417,7019.92781217448
103337,"Apartamento de 80m² com 3 quartos, 1 suíte   Jardim Botânico",Bosque das Juritis,Zona Sul,3,2,2,80.0,600000.0,7500.0,8028.33244392152,7019.92781217448
77591,Apartamento de 88m² com 03 quartos para locação   Vila Ana Maria,Vila Ana Maria,Zona Sul,3,2,2,88.0,600000.0,6818.18181818182,6534.36599324832,7019.92781217448
186662,Apartamento de 03 dormitórios para locação   Jardim Botânico,Jardim Botanico,Zona Sul,3,2,1,75.0,605000.0,8066.66666666667,7403.36272123417,7019.92781217448
133031,Apartamento de 107m² com 03quartos à venda   Alto da Boa Vista,Alto da Boa Vista,Zona Sul,3,1,1,107.0,606000.0,5663.55140186916,5935.13838933655,7019.92781217448
97733,Apartamento de 77m² com 02 quartos à venda   Nova Aliança,Nova Alianca,Zona Sul,2,3,2,77.0,607000.0,7883.11688311688,7235.27815404702,7019.92781217448
235814,Apartamento de 63m² com 02 quartos para venda   Jardim Sumaré,Jardim Sumare,Zona Sul,2,2,1,63.0,610000.0,9682.53968253968,6366.17718327786,7019.92781217448
209105,Apartamento de 129 m² com 03 quartos para venda   Centro,Centro,Centro,3,3,1,129.0,610000.0,4728.68217054264,3969.0889863009,4114.37759196461
97643,Apartamento de 93m² com 03 quartos à venda   Santa Cruz do José Jacques,Santa Cruz do Jose Jacques,Zona Sul,3,1,2,93.0,610000.0,6559.13978494624,6190.18466407645,7019.92781217448
108902,APARTAMENTO EM LOCALIZAÇÃO PRIVILEGIADA,Vila Ana Maria,Zona Sul,2,3,2,87.0,612500.0,7040.22988505747,6534.36599324832,7019.92781217448
243692,Apartamento de 173m² com 03 quartos à venda   Centro,Centro,Centro,3,3,2,173.0,615000.0,3554.91329479769,3969.0889863009,4114.37759196461
223268,Apartamento de 71m² com 02 quartos sendo 01 suíte para locação e venda   Quintas de São José,Quintas de Sao Jose,Zona Norte,2,2,1,71.0,615000.0,8661.97183098592,6785.09085009028,4316.94719953754
175958,APARTAMENTO NA VILA DO GOLF,Vila do Golf,Zona Sul,2,2,2,81.0,615000.0,7592.59259259259,9872.36315439169,7019.92781217448
233702,Apartamento de 104m² com 03 quartos à venda   Bosque das Juritis,Bosque das Juritis,Zona Sul,3,3,2,104.0,620000.0,5961.53846153846,8028.33244392152,7019.92781217448
230537,Apartamento de 51m² com 01 quarto para locação   Alto da Boa Vista,Alto da Boa Vista,Zona Sul,1,1,1,51.0,620000.0,12156.862745098,5935.13838933655,7019.92781217448
131042,Apartamento de 193m² com 4 quartos   Centro,Centro,Centro,4,3,4,193.0,620000.0,3212.43523316062,3969.0889863009,4114.37759196461
96065,APARTAMENTO PRÓXIMO AO SHOPPPING IGUATEMI,Jardim Nova Alianca Sul,Zona Sul,3,3,2,97.0,620000.0,6391.75257731959,6999.09526420546,7019.92781217448
192068,Apartamento de 04 quartos para locação  Higienópolis,Higienopolis,Centro,5,5,2,149.0,621000.0,4167.78523489933,3745.12101181726,4114.37759196461
176798,Apartamento de 68m² com 02 quartos à venda   Nova Aliança,Nova Alianca,Zona Sul,2,3,1,68.0,621280.69,9136.48073529412,7235.27815404702,7019.92781217448
216029,Apartamento de 80m² com 03 quartos à venda   City Ribeirão,City Ribeirao,Zona Sul,3,2,1,80.0,622667.57,7783.344625,5481.73996829135,7019.92781217448
148289,APARTAMENTO MOBILIADO NO JARDIM BOTÂNICO,Jardim Botanico,Zona Sul,3,4,2,105.0,626000.0,5961.90476190476,7403.36272123417,7019.92781217448
206171,"Apartamento de 82m² com 02 dormitórios sendo 01 suítes, rico em armários e totalmente climatizado, 02 vagas de garagens, para venda   Vila Florença, Bonfim Paulista.",Condominio Vila Florenca,Zona Sul,2,2,2,82.0,629000.0,7670.73170731707,8522.86585365854,7019.92781217448
175217,LANÇAMENTO APARTAMENTO NO JARDIM BOTÂNICO,Alamedas do Botanico,Zona Sul,3,2,2,77.0,629990.0,8181.68831168831,10304.3391731634,7019.92781217448
162092,Apartamento de 101m² com 04 quartos à venda   Nova Aliança,Nova Alianca,Zona Sul,4,3,2,101.0,599000.0,5930.69306930693,7235.27815404702,7019.92781217448
244598,Apartamento de 107m² com 04 quartos para venda   Santa Cruz do José Jacques,Santa Cruz do Jose Jacques,Zona Sul,4,3,3,107.0,630000.0,5887.85046728972,6190.18466407645,7019.92781217448
222071,Apartamento de 100m² com 03 quartos sendo 01 suíte à venda   Centro,Centro,Centro,3,3,1,100.0,630000.0,6300.0,3969.0889863009,4114.37759196461
214580,Apartamento de 79m² com 02 quartos à venda   Jardim Olhos D`Água II,Residencial Monterrey,Zona Norte,2,2,2,79.0,630000.0,7974.6835443038,7856.18677910372,4316.94719953754
206525,Apartamento de 81m² com 02 suítes para locação e venda   Nova Aliança,Nova Alianca,Zona Sul,2,3,2,81.0,630000.0,7777.77777777778,7235.27815404702,7019.92781217448
181454,Apartamento de 69m² com 02 quartos para locação   Jardim Olhos D´Água,Jardim Olhos DAgua,Zona Sul,2,2,2,69.0,630000.0,9130.4347826087,9706.16858313729,7019.92781217448
108911,APARTAMENTO NO VILA ANA MARIA,Vila Ana Maria,Zona Sul,2,3,2,81.0,630000.0,7777.77777777778,6534.36599324832,7019.92781217448
206708,Apartamento de 90m² com 03 quartos para locação e venda   Nova Aliança,Nova Alianca,Zona Sul,3,2,2,90.0,590000.0,6555.55555555556,7235.27815404702,7019.92781217448
209009,Apartamento mobiliado de 51m² com 01 quarto para locação e venda   Alto da Boa Vista,Alto da Boa Vista,Zona Sul,1,1,1,51.0,636000.0,12470.5882352941,5935.13838933655,7019.92781217448
197387,EXCELENTE APARTAMENTO PARA VENDA NO CENTRO DE RIBEIRÃO PRETO,Centro,Centro,3,4,2,124.0,636000.0,5129.03225806452,3969.0889863009,4114.37759196461
59888,APARTAMENTO PRÓXIMO À AVENIDA JERÔNIMO GONÇALVES,Vila Tiberio,Zona Oeste,3,2,2,99.0,636000.0,6424.24242424242,5772.27801236641,4568.83198282477
54347,Apartamento de 125m² com 03 quartos,Centro,Centro,3,3,2,125.0,636000.0,5088.0,3969.0889863009,4114.37759196461
175214,Apartamento de 77m² com 03 quartos à venda   Jardim Botânico,Alamedas do Botanico,Zona Sul,3,2,1,77.0,639990.0,8311.55844155844,10304.3391731634,7019.92781217448
172223,Apartamento de 216m² com 03 quartos à venda   Centro,Vila Seixas,Centro,3,4,1,216.0,420000.0,1944.44444444444,4862.36131633665,4114.37759196461
100991,Apartamento de 95m² com 03 quartos á venda   Bosque das Juritis,Bosque das Juritis,Zona Sul,3,2,2,95.0,540000.0,5684.21052631579,8028.33244392152,7019.92781217448
244958,Apartamento de 88m² com 02 quartos à venda   Bosque das Juritis,Bosque das Juritis,Zona Sul,2,2,2,88.0,640000.0,7272.72727272727,8028.33244392152,7019.92781217448
210212,Apartamento de 70m² com 02 quartos à venda   Ribeirânia,Ribeirania,Zona Leste,2,2,1,70.0,640000.0,9142.85714285714,6622.45012983218,4646.24632076016
195059,Apartamento de 62m² com 02 quartos à venda   Ribeirânia,Ribeirania,Zona Leste,2,2,1,62.0,640000.0,10322.5806451613,6622.45012983218,4646.24632076016
181025,APARTAMENTO NO CENTRO REFORMADO,Jardim Sumare,Zona Sul,3,3,1,134.0,640000.0,4776.11940298508,6366.17718327786,7019.92781217448
112934,APARTAMENTO NO CENTRO,Centro,Centro,3,2,2,83.0,640000.0,7710.84337349398,3969.0889863009,4114.37759196461
89165,Apartamento de 116m² com 03 quartos para locação e venda   Jardim Nova Aliança,Nova Alianca,Zona Sul,3,2,2,116.0,640000.0,5517.24137931035,7235.27815404702,7019.92781217448
207155,"Apartamento de 122m² com 3 quartos, sendo 1 suíte   Centro",Centro,Centro,3,3,2,122.0,630000.0,5163.93442622951,3969.0889863009,4114.37759196461
210884,Apartamento de 76m² com 02 suítes à venda   Nova Ribeirânia,Nova Ribeirania,Zona Leste,2,3,2,76.0,645000.0,8486.84210526316,6636.64015183677,4646.24632076016
214700,Apartamento de 43m² com 02 quartos à venda   Valentina Figueiredo,Valentina Figueiredo,Zona Norte,2,1,1,43.0,160000.0,3720.93023255814,3736.9036213197,4316.94719953754
177725,Apartamento de 84m² à venda   Bonfim Paulista,Bonfim Paulista,Zona Sul,3,2,2,84.0,590000.0,7023.80952380952,8197.59279884853,7019.92781217448
118718,APARTAMENTO PRÓXIMO AO SHOPPING SANTA ÚRSULA,Centro,Centro,3,4,2,125.0,598000.0,4784.0,3969.0889863009,4114.37759196461
233651,Apartamento de 63m² com 02 quartos sendo 01 suíte à venda   Jardim Sumaré,Jardim Sumare,Zona Sul,2,2,1,63.0,600000.0,9523.80952380952,6366.17718327786,7019.92781217448
245117,Apartamento de 64m² com 02 quartos sendo 01 suíte à venda   Quinta da Primavera,Quinta da Primavera,Zona Sul,2,2,2,64.0,650000.0,10156.25,8334.13944069942,7019.92781217448
243377,Apartamento de 81m² com com 02 suítes à venda   Nova Aliança,Nova Alianca,Zona Sul,2,3,2,81.0,650000.0,8024.69135802469,7235.27815404702,7019.92781217448
243143,Apartamento de 54m² com 02 quartos à venda   Santa Cruz do José Jacques,Santa Cruz do Jose Jacques,Zona Sul,2,1,1,54.0,650000.0,12037.037037037,6190.18466407645,7019.92781217448
242225,Apartamento   Padrão,Santa Cruz do Jose Jacques,Zona Sul,2,2,1,59.0,650000.0,11016.9491525424,6190.18466407645,7019.92781217448
239852,Apartamento 173m² com 03 quartos à venda   Centro,Centro,Centro,3,5,2,173.0,650000.0,3757.22543352601,3969.0889863009,4114.37759196461
235148,Apartamento de 95 m² com 3 quartos sendo 01 suíte 2 vagas à venda no Santa Cruz,Santa Cruz do Jose Jacques,Zona Sul,3,3,2,95.0,650000.0,6842.1052631579,6190.18466407645,7019.92781217448
207839,Apartamento de 124m com 03 quartos   Centro,Centro,Centro,4,3,2,122.0,650000.0,5327.86885245902,3969.0889863009,4114.37759196461
204263,Apartamento de 77m² com 02 suítes   Nova Aliança,Nova Alianca,Zona Sul,2,4,2,77.0,650000.0,8441.55844155844,7235.27815404702,7019.92781217448
202541,Apartamento de 88m² com 02 quartos para locação   Bosque das Juritis,Bosque das Juritis,Zona Sul,2,2,2,88.0,650000.0,7386.36363636364,8028.33244392152,7019.92781217448
200228,BELÍSSIMO APTO NO NOVA ALIANÇA SUL,Jardim Nova Alianca Sul,Zona Sul,3,2,2,80.0,650000.0,8125.0,6999.09526420546,7019.92781217448
197126,Apartamento de 140 m²   03 quartos à venda   Nova Aliança,Nova Alianca,Zona Sul,3,2,2,140.0,650000.0,4642.85714285714,7235.27815404702,7019.92781217448
196355,"Apartamento decorado no Nova Aliança, opção com toda mobília",Nova Alianca,Zona Sul,2,3,2,79.0,650000.0,8227.84810126582,7235.27815404702,7019.92781217448
189272,Apartamento de 86m² com 03 quartos à venda   Jardim Irajá,Jardim Iraja,Zona Sul,3,2,2,86.0,650000.0,7558.13953488372,5843.60369977321,7019.92781217448
187886,Apartamento de 03 quartos para locação   Centro,Centro,Centro,3,1,1,216.0,650000.0,3009.25925925926,3969.0889863009,4114.37759196461
187604,Excelente apartamento próximo a avenida Maurilio Biagi.,Santa Cruz do Jose Jacques,Zona Sul,3,3,2,107.0,650000.0,6074.76635514019,6190.18466407645,7019.92781217448
186209,Apartamento de 216m² com 03 quartos   Centro,Centro,Centro,3,4,1,216.0,650000.0,3009.25925925926,3969.0889863009,4114.37759196461
184520,APARTAMENTO PRÓXIMO AO SHOPPING SANTA ÚRSULA,Centro,Centro,3,3,1,156.0,650000.0,4166.66666666667,3969.0889863009,4114.37759196461
181451,Apartamento de 69m² com 02 quartos à venda   Jardim Olhos D`Água II,Jardim Olhos DAgua,Zona Sul,2,2,2,69.0,650000.0,9420.28985507246,9706.16858313729,7019.92781217448
181226,Apartamento reformado de 144m² com 03 suítes à venda ? Jardim Botânico Edifício Victoria,Jardim Iraja,Zona Sul,3,5,2,144.0,650000.0,4513.88888888889,5843.60369977321,7019.92781217448
176849,APARTAMENTO NO JARDIM SUMARÉ,Jardim Sumare,Zona Sul,3,3,2,138.0,650000.0,4710.14492753623,6366.17718327786,7019.92781217448
175925,Apartamento de 167m² com 04 quartos   Higienópolis,Higienopolis,Centro,4,4,2,167.0,650000.0,3892.21556886228,3745.12101181726,4114.37759196461
166709,APARTAMENTO NO JARDIM PAULISTANO,Jardim Paulista,Zona Leste,3,3,2,128.0,650000.0,5078.125,4839.65243893052,4646.24632076016
154769,Apartamento de 76m² com 02 suítes para venda   Nova Ribeirânia,Nova Ribeirania,Zona Leste,2,3,2,76.0,650000.0,8552.63157894737,6636.64015183677,4646.24632076016
147608,Apartamento de 118m² com 03 suítes para locação e venda   Jardim Botânico,Jardim Botanico,Zona Sul,3,5,2,118.0,650000.0,5508.47457627119,7403.36272123417,7019.92781217448
145604,Apartamento de 132m² com 02 suítes para locação e venda   Jardim Botânico,Jardim Botanico,Zona Sul,2,4,2,132.0,650000.0,4924.24242424242,7403.36272123417,7019.92781217448
140645,Apartamento de 142m² com 03 quartos sendo 01 suíte à venda   Centro,Centro,Centro,3,2,1,142.0,650000.0,4577.46478873239,3969.0889863009,4114.37759196461
136283,APARTAMENTO DIFERENCIADO NO CENTRO,Centro,Centro,4,5,2,149.0,650000.0,4362.41610738255,3969.0889863009,4114.37759196461
135935,Apartamento de 103m² com 03 quartos para locação   Vila Seixas,Vila Seixas,Centro,3,3,1,103.0,650000.0,6310.67961165049,4862.36131633665,4114.37759196461
135848,APARTAMENTO NO CENTRO,Centro,Centro,4,3,2,125.0,650000.0,5200.0,3969.0889863009,4114.37759196461
135584,APARTAMENTO NO JARDIM BOTÂNICO,Jardim Botanico,Zona Sul,3,2,2,96.0,650000.0,6770.83333333333,7403.36272123417,7019.92781217448
124268,Apartamento de 114m² com 03 quartos à venda   Jardim Paulista,Jardim Paulista,Zona Leste,3,3,2,114.0,650000.0,5701.75438596491,4839.65243893052,4646.24632076016
122450,APARTAMENTO COM 2 SUÍTES NO NOVA ALIANÇA,Nova Alianca,Zona Sul,2,3,2,81.0,650000.0,8024.69135802469,7235.27815404702,7019.92781217448
119381,Apartamento   Padrão,Centro,Centro,4,3,2,370.0,650000.0,1756.75675675676,3969.0889863009,4114.37759196461
119054,Apartamento   Padrão,Jardim Botanico,Zona Sul,3,2,2,75.0,650000.0,8666.66666666667,7403.36272123417,7019.92781217448
119051,Apartamento de 75m² com 03 quartos à venda   Jardim Botânico,Jardim Botanico,Zona Sul,3,2,2,75.0,650000.0,8666.66666666667,7403.36272123417,7019.92781217448
119048,Apartamento   Padrão,Jardim Botanico,Zona Sul,3,2,2,75.0,650000.0,8666.66666666667,7403.36272123417,7019.92781217448
119042,APARTAMENTO PRÓXIMO À AVENIDA CARLOS EDUARDO DE GASPERI CONSONI,Jardim Botanico,Zona Sul,3,2,2,75.0,650000.0,8666.66666666667,7403.36272123417,7019.92781217448
119039,Apartamento   Padrão,Jardim Botanico,Zona Sul,3,2,2,75.0,650000.0,8666.66666666667,7403.36272123417,7019.92781217448
119033,APARTAMENTO NO JARDIM BOTÂNICO,Jardim Botanico,Zona Sul,3,2,2,75.0,650000.0,8666.66666666667,7403.36272123417,7019.92781217448
108878,APARTAMENTO NO JARDIM SÃO LUIZ,Jardim Sao Luiz,Zona Sul,2,2,2,78.0,650000.0,8333.33333333333,5775.49648772587,7019.92781217448
104429,APARTAMENTO DIFERENCIADO NO BOTÂNICO,Jardim Iraja,Zona Sul,3,3,2,143.0,650000.0,4545.45454545455,5843.60369977321,7019.92781217448
93695,Apartamento de 216m² com 03 quartos sendo 01 suíte à venda   Centro,Centro,Centro,3,4,1,216.0,650000.0,3009.25925925926,3969.0889863009,4114.37759196461
90833,Apartamento de 112m² com 03 quartos à venda   Bosque das Juritis,Bosque das Juritis,Zona Sul,3,3,2,112.0,650000.0,5803.57142857143,8028.33244392152,7019.92781217448
86660,Apartamento de 111m² com 03 quartos para locação   Jardim Botânico,Jardim Botanico,Zona Sul,3,3,2,111.0,650000.0,5855.85585585586,7403.36272123417,7019.92781217448
85043,Apartamento de 106m² com 03 suítes à venda   Jardim Botânico,Jardim Botanico,Zona Sul,3,4,2,106.0,650000.0,6132.07547169811,7403.36272123417,7019.92781217448
81014,Apartamento de 146m² de 04 quartos à venda   Jardim São Luiz,Jardim Sao Luiz,Zona Sul,4,4,2,146.0,650000.0,4452.05479452055,5775.49648772587,7019.92781217448
48854,Apartamento de 151m² com 3 quartos   Santa Cruz do José Jacques,Santa Cruz do Jose Jacques,Zona Sul,3,3,2,151.0,650000.0,4304.6357615894,6190.18466407645,7019.92781217448
1919,Apartamento de 141m² com 03 quartos à venda   Centro,Centro,Centro,3,3,1,141.0,650000.0,4609.92907801419,3969.0889863009,4114.37759196461
237893,Apartamento de 101m² com 03 quartos e sacada gourmet à venda   Nova Aliança,Nova Alianca,Zona Sul,3,3,2,101.0,659900.0,6533.66336633663,7235.27815404702,7019.92781217448
216338,Apartamento de 73m² com 02 quartos à venda   Bosque das Juritis,Bosque das Juritis,Zona Sul,2,2,1,73.0,630000.0,8630.13698630137,8028.33244392152,7019.92781217448
189236,Apartamento de 90m² com 02 quartos para locação e venda   Bosque das Juritis,Bosque das Juritis,Zona Sul,2,2,2,90.0,650000.0,7222.22222222222,8028.33244392152,7019.92781217448
190754,APARTAMENTO NOVISSÍMO JARDIM BOTÂNICO ANDAR ALTO,Alamedas do Botanico,Zona Sul,2,2,2,63.0,663000.0,10523.8095238095,10304.3391731634,7019.92781217448
240299,Apartamento de 81m² com 02 suítes à venda   Nova Aliança,Nova Alianca,Zona Sul,2,3,2,81.0,629000.0,7765.43209876543,7235.27815404702,7019.92781217448
214310,Apartamento de 90m² com 02 quartos sendo 01 suíte à venda   Jardim Sumaré,Jardim Sumare,Zona Sul,2,2,2,90.0,670000.0,7444.44444444444,6366.17718327786,7019.92781217448
147773,APARTAMENTO PRÓXIMO À UNIP,Nova Alianca,Zona Sul,3,2,2,78.0,670000.0,8589.74358974359,7235.27815404702,7019.92781217448
134018,"Apartamento de 86m² com 03 quartos, sendo 01 suíte à venda   Quinta da Primavera",Quinta da Primavera,Zona Sul,3,3,2,86.0,670000.0,7790.69767441861,8334.13944069942,7019.92781217448
118313,Apartamento de 110m² com 03 quartos para venda   Jardim Paulista,Jardim Paulista,Zona Leste,3,3,2,110.0,670000.0,6090.90909090909,4839.65243893052,4646.24632076016
84719,Apartamento de 120m² com 02 quartos sendo 01 suíte para venda e locação   Bosque das Juritis,Bosque das Juritis,Zona Sul,2,4,2,120.0,670000.0,5583.33333333333,8028.33244392152,7019.92781217448
53240,APARTAMENTO NO SANTA CRUZ DO JOSÉ JACQUES,Santa Cruz do Jose Jacques,Zona Sul,3,3,2,110.0,670000.0,6090.90909090909,6190.18466407645,7019.92781217448
178262,Apartamento de 61m² com 02 suítes e 02 vagas de garagem à venda   Nova Aliança,Nova Alianca,Zona Sul,2,3,2,61.0,670038.58,10984.2390163934,7235.27815404702,7019.92781217448
243995,Apartamento de 90m² com 02 quartos sendo 01 suíte à venda   Jardim Sumaré,Jardim Sumare,Zona Sul,2,2,1,90.0,671000.0,7455.55555555556,6366.17718327786,7019.92781217448
214964,Apartamento de 69m² com 02 quartos à venda   Jardim Olhos D`Água II,Jardim Olhos DAgua,Zona Sul,2,2,2,69.0,673006.0,9753.71014492754,9706.16858313729,7019.92781217448
178226,Apartamento de 73m² com 03 quartos à venda   Nova Aliança,Nova Alianca,Zona Sul,3,3,1,73.0,673012.15,9219.34452054795,7235.27815404702,7019.92781217448
239603,Apartamento de 59m² com 01 quarto à venda   Jardim Irajá,Jardim Iraja,Zona Sul,1,1,1,59.0,679000.0,11508.4745762712,5843.60369977321,7019.92781217448
240869,Apartamento de 95m² com 03 quartos à venda   Campos Elíseos,Campos Eliseos,Zona Norte,3,2,2,95.0,595000.0,6263.15789473684,4308.89631323999,4316.94719953754
65873,Apartamento para locação de 104m² com 03 suítes   Jardim Botânico,Jardim Botanico,Zona Sul,3,4,2,104.0,630000.0,6057.69230769231,7403.36272123417,7019.92781217448
221996,Apartamento de 144m² com 03 suítes à venda   Condomínio Itamaraty,Condominio Itamaraty,Zona Oeste,3,5,2,144.0,650000.0,4513.88888888889,5336.72097624817,4568.83198282477
244229,Apartamento de 78m² com 02 dormitórios para venda e locação   Jardim São Luiz,Jardim Sao Luiz,Zona Sul,2,2,2,78.0,680000.0,8717.94871794872,5775.49648772587,7019.92781217448
240254,Apartamento de 39m² com 01 quarto à venda   Jardim Sumaré,Jardim Sumare,Zona Sul,1,1,1,39.0,680000.0,17435.8974358974,6366.17718327786,7019.92781217448
233810,Apartamento mobiliado de 90m² com 02 suítes para venda   Nova Aliança,Nova Alianca,Zona Sul,2,3,1,90.0,680000.0,7555.55555555556,7235.27815404702,7019.92781217448
228764,Apartamento de 81m² com 02 suítes à venda   Nova Aliança,Nova Alianca,Zona Sul,2,3,2,81.0,680000.0,8395.06172839506,7235.27815404702,7019.92781217448
204011,Apartamento de 150m² com 03 suítes para locação e venda   Centro,Centro,Centro,3,5,2,150.0,680000.0,4533.33333333333,3969.0889863009,4114.37759196461
200339,Apartamento de 64m² com 02 quartos sendo 01 suíte para locação e venda   Quinta da Primavera,Quinta da Primavera,Zona Sul,2,2,1,64.0,680000.0,10625.0,8334.13944069942,7019.92781217448
111536,Apartamento de 138m² com 03 quartos   Vila Seixas,Vila Seixas,Centro,3,2,1,138.0,680000.0,4927.53623188406,4862.36131633665,4114.37759196461
108971,Apartamento   Padrão,Vila Ana Maria,Zona Sul,2,3,2,81.0,680000.0,8395.06172839506,6534.36599324832,7019.92781217448
95540,Apartamento 03 Dormitórios a venda   Nova Aliança,Nova Alianca,Zona Sul,3,4,3,114.0,680000.0,5964.91228070176,7235.27815404702,7019.92781217448
91520,Apartamento   Padrão,Centro,Centro,2,2,1,95.0,680000.0,7157.89473684211,3969.0889863009,4114.37759196461
91166,Apartamento de 150m² com 03 suítes para locação   Centro,Centro,Centro,3,5,2,150.0,680000.0,4533.33333333333,3969.0889863009,4114.37759196461
222266,Apartamento de 109m² com 03 suítes à venda   Jardim Botânico,Jardim Botanico,Zona Sul,3,4,2,109.0,681000.0,6247.70642201835,7403.36272123417,7019.92781217448
214505,Apartamento de 161m² com 03 quartos à venda   Ribeirânia,Ribeirania,Zona Leste,3,2,2,161.0,683000.0,4242.23602484472,6622.45012983218,4646.24632076016
210974,Apartamento com 85m² com 2 suítes à venda   Vila do Golfe,Vila do Golf,Zona Sul,2,3,2,85.0,685000.0,8058.82352941177,9872.36315439169,7019.92781217448
216476,Apartamento de 66m² com 02 quartos à venda   Condomínio Itamaraty,Condominio Itamaraty,Zona Oeste,2,2,1,66.0,687000.0,10409.0909090909,5336.72097624817,4568.83198282477
240374,Apartamento de 112m² com 03 quartos à venda   Santa Cruz do José Jacques,Santa Cruz do Jose Jacques,Zona Sul,3,3,3,112.0,689000.0,6151.78571428572,6190.18466407645,7019.92781217448
148814,Apartamento com 142 m² e 3 quartos   Jardim Sumaré,Jardim Sumare,Zona Sul,3,3,4,142.0,689000.0,4852.11267605634,6366.17718327786,7019.92781217448
92465,Apartamento de 171m² com 04 quartos para venda e locação   Centro,Centro,Centro,4,2,2,171.0,689000.0,4029.23976608187,3969.0889863009,4114.37759196461
212909,Apartamento de 42m² com 02 quartos à venda   Jardim João Rossi,Nova Alianca,Zona Sul,2,1,1,42.0,69000.0,1642.85714285714,7235.27815404702,7019.92781217448
231641,Apartamento de 60m² com 02 suítes para locação e venda   Vila do Golf.,Residencial Taiwan,Zona Sul,2,3,1,60.0,560000.0,9333.33333333333,8758.91786179922,7019.92781217448
231638,Apartamento de 60m² com 02 suítes para locação e venda   Vila do Golf.,Residencial Taiwan,Zona Sul,2,3,1,60.0,560000.0,9333.33333333333,8758.91786179922,7019.92781217448
193358,Apartamento de 140m² com 03 quartos para venda e locação   Nova Aliança,Nova Alianca,Zona Sul,3,2,2,140.0,650000.0,4642.85714285714,7235.27815404702,7019.92781217448
170342,Apartamento de 95m² com 03 quartos para venda   Campos Elíseos,Campos Eliseos,Zona Norte,3,2,2,95.0,680000.0,7157.89473684211,4308.89631323999,4316.94719953754
240386,Apartamento de 89m² com 02 quartos à venda   Bosque das Juritis,Bosque das Juritis,Zona Sul,2,2,2,89.0,690000.0,7752.80898876405,8028.33244392152,7019.92781217448
198227,APARTAMENTO NO CENTRO,Centro,Centro,4,4,2,232.0,690000.0,2974.13793103448,3969.0889863009,4114.37759196461
185987,EXCELENTE APARTAMENTO NO CENTRO,Centro,Centro,4,4,1,200.0,690000.0,3450.0,3969.0889863009,4114.37759196461
172889,APARTAMENTO NO JARDIM BOTÂNICO,Jardim Botanico,Zona Sul,3,3,2,115.0,690000.0,6000.0,7403.36272123417,7019.92781217448
167774,Apartamento próximo ao Shopping Santa Úrsula,Centro,Centro,4,4,2,173.0,690000.0,3988.43930635838,3969.0889863009,4114.37759196461
167018,Apartamento de 101m² com 04 quartos à venda   Jd. Nova Aliança,Nova Alianca,Zona Sul,4,3,2,101.0,690000.0,6831.68316831683,7235.27815404702,7019.92781217448
165512,APARTAMENTO NO JARDIM IRAJÁ,Jardim Iraja,Zona Sul,3,3,2,127.0,690000.0,5433.07086614173,5843.60369977321,7019.92781217448
117428,Apartamento de 112m² com 03 quartos à venda   Nova Aliança,Nova Alianca,Zona Sul,3,3,2,112.0,690000.0,6160.71428571429,7235.27815404702,7019.92781217448
113174,APARTAMENTO NO JARDIM PAULISTA,Jardim Paulista,Zona Leste,2,3,2,89.0,690000.0,7752.80898876405,4839.65243893052,4646.24632076016
94547,Apartamento de 69m² com 02 quartos à venda   Vila Tibério,Vila Tiberio,Zona Oeste,2,2,1,69.0,690000.0,10000.0,5772.27801236641,4568.83198282477
49688,Apartamento de 221m² com 03 quartos à venda   Centro,Higienopolis,Centro,3,3,1,221.0,690000.0,3122.17194570136,3745.12101181726,4114.37759196461
169799,Apartamento de 03 quartos para locação   Centro,Centro,Centro,3,2,2,173.0,692000.0,4000.0,3969.0889863009,4114.37759196461
196001,Apartamento de 83m² com 03 quartos à venda   Jardim Botânico,Jardim Botanico,Zona Sul,3,3,1,83.0,692131.58,8338.93469879518,7403.36272123417,7019.92781217448
234392,Apartamento de 93m² com 03 quartos à venda   Ribeirânia,Ribeirania,Zona Leste,3,3,2,93.0,695000.0,7473.11827956989,6622.45012983218,4646.24632076016
87551,APARTAMENTO NO JARDIM BOTÂNICO,Jardim Botanico,Zona Sul,3,2,2,75.0,695000.0,9266.66666666667,7403.36272123417,7019.92781217448
109001,Apartamento   Padrão,Vila Ana Maria,Zona Sul,2,3,2,81.0,697000.0,8604.93827160494,6534.36599324832,7019.92781217448
235532,Apartamento de 134m² com 03 suítes para locação e venda   Jardim Olhos D`Água,Jardim Olhos DAgua,Zona Sul,3,5,2,134.0,1325000.0,9888.05970149254,9706.16858313729,7019.92781217448
120845,Apartamento de 160m² com 03 suítes para locação e venda   Bosque das Juritis,Bosque das Juritis,Zona Sul,3,5,3,160.0,1250000.0,7812.5,8028.33244392152,7019.92781217448
215360,Apartamento de 153m² com 03 suítes para locação e venda   Jardim Olhos D`Água,Jardim Olhos DAgua,Zona Sul,3,6,3,153.0,1440000.0,9411.76470588235,9706.16858313729,7019.92781217448
168203,Apartamento de 124m² com 03 suítes para locação e venda   Jardim Canadá,Bonfim Paulista,Zona Sul,3,4,3,124.0,1350000.0,10887.0967741936,8197.59279884853,7019.92781217448
239069,Apartamento de 186m² com 03 suítes para venda e locação   Jardim Nova Aliança,Nova Alianca,Zona Sul,3,5,3,186.0,1600000.0,8602.15053763441,7235.27815404702,7019.92781217448
207326,Apartamento de 132m² com 02 suítes à venda   Bosque das Juritis,Jardim Botanico,Zona Sul,2,3,2,132.0,1250000.0,9469.69696969697,7403.36272123417,7019.92781217448
215537,Apartamento de 153m² com 03 suítes para locação e venda  Jardim Olhos D`Água,Jardim Olhos DAgua,Zona Sul,3,5,3,153.0,1250000.0,8169.93464052288,9706.16858313729,7019.92781217448
232256,Apartamento de 153m² com 03 suítes à venda   Jardim Olhos D`Água,Jardim Olhos DAgua,Zona Sul,3,6,3,153.0,1390000.0,9084.96732026144,9706.16858313729,7019.92781217448
227426,Apartamento de 156m² com 03 suítes para locação e venda   Jardim Botânico,Jardim Botanico,Zona Sul,3,5,2,156.0,1450000.0,9294.8717948718,7403.36272123417,7019.92781217448
224861,Apartamento de 150m² com 03 suítes à venda   Jardim Olhos D`água,Jardim Olhos DAgua,Zona Sul,3,4,3,150.0,1490000.0,9933.33333333333,9706.16858313729,7019.92781217448
232769,"Apartamento com 153 m², 03 quartos, para venda e locação   Jardim Olhos D´Água.",Jardim Olhos DAgua,Zona Sul,3,6,3,153.0,1600000.0,10457.5163398693,9706.16858313729,7019.92781217448
232460,"Apartamento com 153 m², 03 quartos, para venda e locação   Jardim Olhos D´Água.",Jardim Olhos DAgua,Zona Sul,3,6,3,153.0,1600000.0,10457.5163398693,9706.16858313729,7019.92781217448
200327,Apartamento de 168 m² com 03 quartos para locação   Alto do Ipê,Residencial Alto do Ipe,Zona Sul,3,5,3,168.0,1600000.0,9523.80952380952,8694.05961893228,7019.92781217448
234401,Apartamento de 529m² com 04 suítes à venda   Jardim Botânico,Jardim Botanico,Zona Sul,4,7,6,529.0,7500000.0,14177.6937618147,7403.36272123417,7019.92781217448
235976,Apartamento mobiliado de 83m² com 02 quartos sendo 01 suíte para locação e venda   Alamedas do Botânico,Alamedas do Botanico,Zona Sul,2,2,2,83.0,880000.0,10602.4096385542,10304.3391731634,7019.92781217448
244946,Apartamento de 42m² com 02 quartos à venda   Jardim José Wilson Tony,Jardim Jose Wilson Toni,Zona Norte,2,1,1,42.0,70000.0,1666.66666666667,3558.22945254947,4316.94719953754
230558,Apartamento de 42m² com 02 quartos para locação e venda   Vila Abranches,Vila Abranches,Zona Norte,2,1,1,42.0,170000.0,4047.61904761905,3656.70906043577,4316.94719953754
157247,Apartamento de 48m² com 02 quartos   Jardim Wilson Toni,Jardim Jose Wilson Toni,Zona Norte,2,1,1,48.0,170000.0,3541.66666666667,3558.22945254947,4316.94719953754
239447,"Apartamento de 75,32m² com 02 Suítes para venda ? Nova Aliança",Nova Alianca,Zona Sul,2,3,1,32.0,636000.0,19875.0,7235.27815404702,7019.92781217448
202454,AMPLO APARTAMENTO NO CENTRO,Centro,Centro,3,4,2,206.0,650000.0,3155.33980582524,3969.0889863009,4114.37759196461
17576,EXCELENTE OPORTUNIDADE DE APARTAMENTO REFORMADO NO CENTRO,Centro,Centro,3,4,2,173.0,650000.0,3757.22543352601,3969.0889863009,4114.37759196461
203078,Apartamento de 128m² com 03 quartos para venda e locação   Vila Seixas,Vila Seixas,Centro,3,3,2,128.0,689000.0,5382.8125,4862.36131633665,4114.37759196461
148514,AMPLO AP MOBILIADO NO JARDIM IRAJÁ,Condominio Itamaraty,Zona Oeste,3,3,2,111.0,699000.0,6297.2972972973,5336.72097624817,4568.83198282477
239981,Apartamento de 171m² com 04 quartos para locação e venda   Centro,Centro,Centro,4,4,2,171.0,700000.0,4093.56725146199,3969.0889863009,4114.37759196461
238607,Apartamento de 196m² com 03 suítes à venda   City Ribeirão,City Ribeirao,Zona Sul,3,4,3,196.0,700000.0,3571.42857142857,5481.73996829135,7019.92781217448
231764,Apartamento de 156m² com 03 suítes à venda   Centro,Centro,Centro,3,5,2,156.0,700000.0,4487.17948717949,3969.0889863009,4114.37759196461
228545,Apartamento de 125m² com 03 quartos sendo 01 suíte à venda   Jardim São Luiz,Centro,Centro,3,3,2,125.0,700000.0,5600.0,3969.0889863009,4114.37759196461
222218,Apartamento de 144m² com 03 suítes sendo 01 suíte à venda   Condomínio Itamaraty,Condominio Itamaraty,Zona Oeste,3,5,2,144.0,700000.0,4861.11111111111,5336.72097624817,4568.83198282477
218903,Apartamento de 64m² com 02 quartos para locação e venda   Quinta da Primavera,Quinta da Primavera,Zona Sul,2,2,1,64.0,700000.0,10937.5,8334.13944069942,7019.92781217448
212015,Apartamento de 45m² com 01 quarto à venda   Vila do Golfe,Vila do Golf,Zona Sul,1,1,1,45.0,700000.0,15555.5555555556,9872.36315439169,7019.92781217448
211739,Apartamento de 90m² com 03 quartos para locação e venda   Jardim Sumaré,Jardim Sumare,Zona Sul,3,2,2,90.0,700000.0,7777.77777777778,6366.17718327786,7019.92781217448
207389,Apartamento de 110m² com 03 quartos para venda e locação   Bonfim Paulista,Bonfim Paulista,Zona Sul,3,3,2,110.0,700000.0,6363.63636363636,8197.59279884853,7019.92781217448
199676,Apartamento de 83m² com 03 quartos   Jardim Botânico,Jardim Botanico,Zona Sul,3,2,1,83.0,700000.0,8433.73493975904,7403.36272123417,7019.92781217448
198128,Apartamento de 61m² com 02 quartos à venda   Quinta da Primavera,Quinta da Primavera,Zona Sul,2,2,2,61.0,700000.0,11475.4098360656,8334.13944069942,7019.92781217448
197120,Apartamento de 110m² com 3 quartos à venda   Bonfim Paulista,Bonfim Paulista,Zona Sul,2,3,2,110.0,700000.0,6363.63636363636,8197.59279884853,7019.92781217448
187757,Apartamento de 261m² com 04 quartos à venda   Centro,Centro,Centro,4,5,2,261.0,700000.0,2681.99233716475,3969.0889863009,4114.37759196461
183527,Apartamento de 173m² com 03 quartos à venda   Centro,Centro,Centro,3,5,2,173.0,700000.0,4046.24277456647,3969.0889863009,4114.37759196461
142619,APARTAMENTO PRÓXIMO À AVENIDA TREZE DE MAIO,Jardim Paulistano,Zona Leste,3,3,2,106.0,700000.0,6603.77358490566,4354.41245373771,4646.24632076016
116684,Apartamento de 131m² com 03 suítes à venda   Jardim Botânico,Jardim Botanico,Zona Sul,3,4,2,131.0,700000.0,5343.51145038168,7403.36272123417,7019.92781217448
107618,Apartamento de 118m² com 03 suítes para venda   Jardim Botânico,Jardim Botanico,Zona Sul,3,4,2,118.0,700000.0,5932.20338983051,7403.36272123417,7019.92781217448
81779,Apartamento de 156m² com 05 quartos sendo 02 suítes para locação e venda   Centro,Centro,Centro,5,5,2,156.0,700000.0,4487.17948717949,3969.0889863009,4114.37759196461
67448,Apartamento de 107m² com 03 suítes suíte para locação   Jardim Paulista,Jardim Paulista,Zona Leste,3,4,2,107.0,700000.0,6542.05607476636,4839.65243893052,4646.24632076016
176729,Apartamento de 84m² com 03 quartos à venda   Nova Aliança,Nova Alianca,Zona Sul,3,3,2,84.0,701062.29,8345.97964285714,7235.27815404702,7019.92781217448
238331,Apartamento de 71m² com 03 quartos para venda   Ribeirânia,Ribeirania,Zona Leste,3,2,2,71.0,670000.0,9436.61971830986,6622.45012983218,4646.24632076016
178229,Apartamento de 73m² com 03 quartos à venda   Nova Aliança,Nova Alianca,Zona Sul,3,3,1,73.0,711691.01,9749.19191780822,7235.27815404702,7019.92781217448
109013,Apartamento de 81m² com 02 suítes   Vila Ana Maria,Vila Ana Maria,Zona Sul,2,3,2,81.0,712000.0,8790.12345679012,6534.36599324832,7019.92781217448
182159,Apartamento mobiliado de 90m² com 03 quartos à venda e locação  Nova Aliança,Nova Alianca,Zona Sul,3,3,2,90.0,715000.0,7944.44444444444,7235.27815404702,7019.92781217448
119714,Apartamento de 88m² com 02 suítes à venda   Quinta da Primavera,Quinta da Primavera,Zona Sul,2,3,2,88.0,715000.0,8125.0,8334.13944069942,7019.92781217448
170309,Apartamento de 81m² com 2 suítes   Vila Ana Maria,Vila Ana Maria,Zona Sul,2,2,2,81.0,715500.0,8833.33333333333,6534.36599324832,7019.92781217448
193607,Apartamento de 69m² com 02 suítes à venda   Jardim Botânico,Jardim Botanico,Zona Sul,2,3,1,69.0,716600.0,10385.5072463768,7403.36272123417,7019.92781217448
240167,Apartamento de 71m² com 02 quartos sendo 01 suíte à venda   Jardim Irajá,Jardim Iraja,Zona Sul,2,2,2,71.0,720000.0,10140.8450704225,5843.60369977321,7019.92781217448
237815,Apartamento de 118 m² com 03 suítes para locação e venda   Jardim Botânico.,Jardim Botanico,Zona Sul,3,5,2,118.0,720000.0,6101.69491525424,7403.36272123417,7019.92781217448
211094,Apartamento de 150m² com 03 suítes   Centro,Centro,Centro,3,5,2,150.0,720000.0,4800.0,3969.0889863009,4114.37759196461
196061,Apartamento de 101m² com 03 quartos para locação   Jardim Nova Aliança,Nova Alianca,Zona Sul,3,3,2,101.0,720000.0,7128.71287128713,7235.27815404702,7019.92781217448
172997,Apartamento de 87m² com 02 suítes à venda   Jardim Olhos D`Água,Jardim Olhos DAgua,Zona Sul,2,3,2,87.0,720145.0,8277.52873563218,9706.16858313729,7019.92781217448
193217,Apartamento de 85m² com 02 quartos à venda   Nova Aliança,Nova Alianca,Zona Sul,2,3,2,85.0,720604.0,8477.69411764706,7235.27815404702,7019.92781217448
193205,Apartamento de 85m² com 02 quartos à venda   Nova Aliança,Nova Alianca,Zona Sul,2,3,2,85.0,720604.0,8477.69411764706,7235.27815404702,7019.92781217448
119111,Apartamento de 74m² com 02 quartos à venda   Ribeirânia,Ribeirania,Zona Leste,2,2,2,74.0,721000.0,9743.24324324324,6622.45012983218,4646.24632076016
176807,Apartamento de 79m² com 03 quartos à venda   Nova Aliança,Nova Alianca,Zona Sul,3,3,2,79.0,722363.68,9143.84405063291,7235.27815404702,7019.92781217448
229364,Apartamento de 81m² com 02 suítes à venda   Vila Ana Maria,Vila Ana Maria,Zona Sul,2,3,2,81.0,722925.0,8925.0,6534.36599324832,7019.92781217448
108998,Apartamento   Padrão,Vila Ana Maria,Zona Sul,2,3,2,81.0,723500.0,8932.0987654321,6534.36599324832,7019.92781217448
142523,Apartamento de 81m² com 2 suítes   Vila Ana Maria,Vila Ana Maria,Zona Sul,2,3,2,81.0,684000.0,8444.44444444445,6534.36599324832,7019.92781217448
82955,Apartamento de 148m² com 04 quartos para locação   Santa Cruz do José Jacques,Santa Cruz do Jose Jacques,Zona Sul,4,4,3,148.0,725000.0,4898.64864864865,6190.18466407645,7019.92781217448
229367,Apartamento de 81m² com 02 suítes à venda   Vila Ana Maria,Vila Ana Maria,Zona Sul,2,3,2,81.0,727125.0,8976.85185185185,6534.36599324832,7019.92781217448
245243,Apartamento de 85m² com 02 suítes para venda   Nova Aliança,Nova Alianca,Zona Sul,2,3,2,85.0,728000.0,8564.70588235294,7235.27815404702,7019.92781217448
242294,Lançamento: Novèl   Apartamento de 92m² com 03 quartos sendo 01 suíte à venda   Nova Aliança,Nova Alianca,Zona Sul,3,3,2,92.0,729000.0,7923.91304347826,7235.27815404702,7019.92781217448
242417,Apartamento de 106m² com 03 quartos à venda   Nova Aliança,Nova Alianca,Zona Sul,3,3,1,106.0,730000.0,6886.79245283019,7235.27815404702,7019.92781217448
229376,Apartamento de 81m² com 02 suítes à venda   Vila Ana Maria,Vila Ana Maria,Zona Sul,2,3,2,81.0,731850.0,9035.18518518518,6534.36599324832,7019.92781217448
229379,Apartamento de 81m² com 02 suítes à venda   Vila Ana Maria,Vila Ana Maria,Zona Sul,2,3,2,81.0,732900.0,9048.14814814815,6534.36599324832,7019.92781217448
187511,Apartamento de 106m² com 03 quartos   Bosque da Juritis,Bosque das Juritis,Zona Sul,3,3,2,106.0,735000.0,6933.96226415094,8028.33244392152,7019.92781217448
211619,Apartamento de 90m² com 03 quartos à venda   Jardim Olhos D`Água II,Jardim Olhos DAgua,Zona Sul,3,2,2,90.0,737760.0,8197.33333333333,9706.16858313729,7019.92781217448
197708,Apartamento de 214m² com 03 quartos à venda   Centro,Centro,Centro,3,2,2,214.0,700000.0,3271.02803738318,3969.0889863009,4114.37759196461
238817,Apartamento   Padrão,Jardim Sumare,Zona Sul,2,2,1,90.0,740000.0,8222.22222222222,6366.17718327786,7019.92781217448
134021,Apartamento de 106m² com 03 quartos para locação e venda   Jardim Nova Aliança,Nova Alianca,Zona Sul,3,2,2,106.0,740000.0,6981.1320754717,7235.27815404702,7019.92781217448
136496,Apartamento de 127m² com 04 quartos para locação   Bairro Jardim Irajá,Jardim Iraja,Zona Sul,4,3,2,127.0,700000.0,5511.81102362205,5843.60369977321,7019.92781217448
242252,Apartamento de 86m² com 03 quartos à venda   Quinta da Primavera,Quinta da Primavera,Zona Sul,3,3,2,86.0,742000.0,8627.90697674419,8334.13944069942,7019.92781217448
223943,Apartamento com 404m² com 06 quartos sendo 03 suítes à venda   Centro,Centro,Centro,6,5,2,404.0,742000.0,1836.63366336634,3969.0889863009,4114.37759196461
176588,APARTAMENTO NO CENTRO,Centro,Centro,4,4,3,306.0,742000.0,2424.83660130719,3969.0889863009,4114.37759196461
175901,Apartamento de 155m² com 03 quartos   Centro,Centro,Centro,3,2,1,155.0,742000.0,4787.09677419355,3969.0889863009,4114.37759196461
164048,Apartamento de 146m² com 04 quartos para locação e venda   Jardim São Luiz,Jardim Sao Luiz,Zona Sul,4,4,3,146.0,742000.0,5082.19178082192,5775.49648772587,7019.92781217448
155198,EXCELENTE APARTAMENTO À VENDA EM BONFIM PAULISTA,Bonfim Paulista,Zona Sul,2,3,2,110.0,742000.0,6745.45454545455,8197.59279884853,7019.92781217448
155195,Apartamento de 110m² com 02 suítes   Bonfim Paulista,Bonfim Paulista,Zona Sul,2,3,2,110.0,742000.0,6745.45454545455,8197.59279884853,7019.92781217448
137456,APARTAMENTO NO JARDIM IRAJÁ,Jardim Iraja,Zona Sul,3,3,1,115.0,742000.0,6452.17391304348,5843.60369977321,7019.92781217448
155228,Pronto para Morar: Magnólia   Apartamento de 82m² com 03 quartos com suíte à venda   Jardim Botânico,Jardim Botanico,Zona Sul,2,2,1,82.0,743191.27,9063.30817073171,7403.36272123417,7019.92781217448
160217,APARTAMENTO 3 DORMITÓRIOS PR[OXIMO SHOPPING IGUATEMI,Jardim Nova Alianca Sul,Zona Sul,3,3,2,97.0,744000.0,7670.10309278351,6999.09526420546,7019.92781217448
178850,Apartamento de 88m² com 03 quartos à venda   Jardim Olhos D`Água II,Jardim Olhos DAgua,Zona Sul,3,2,2,88.0,745864.0,8475.72727272727,9706.16858313729,7019.92781217448
178256,Apartamento de 68m² com 02 suítes e 02 vagas de garagem à venda   Nova Aliança,Nova Alianca,Zona Sul,2,3,2,68.0,746644.59,10980.0675,7235.27815404702,7019.92781217448
110939,Apartamento de 76m² com 02 quartos para venda   Jardim Botânico,Jardim Iraja,Zona Sul,2,2,2,76.0,747000.0,9828.94736842105,5843.60369977321,7019.92781217448
242285,Lançamento: Novèl   Apartamento de 94m² com 03 quartos sendo 01 suíte à venda   Nova Aliança,Nova Alianca,Zona Sul,3,3,2,94.0,749000.0,7968.08510638298,7235.27815404702,7019.92781217448
215345,Apartamento mobiliado de 81m² com 02 suítes para locação e venda   Nova Aliança,Nova Alianca,Zona Sul,2,3,2,81.0,749000.0,9246.91358024691,7235.27815404702,7019.92781217448
231473,Apartamento de 43m² com 02 quartos para locação e venda   Valentina Figueiredo,Valentina Figueiredo,Zona Norte,2,1,1,43.0,120000.0,2790.6976744186,3736.9036213197,4316.94719953754
160826,Apartamento de 43m² com 02 quartos para locação e venda   Jardim Diva Tarla de Carvalho,Jardim Diva Tarla de Carvalho,Zona Norte,2,1,1,43.0,159000.0,3697.67441860465,3667.24240741883,4316.94719953754
184652,Apartamento de 47m² com 2 quartos   Parque dos Lagos,Parque dos Lagos,Zona Leste,2,1,1,47.0,150000.0,3191.48936170213,4175.19186695209,4646.24632076016
102506,Apartamento 97m² à venda   Jardim Palma Travassos,Jardim Palma Travassos,Zona Leste,3,2,1,97.0,520000.0,5360.82474226804,4725.02380139251,4646.24632076016
219893,Apartamento de 125m² com 03 quartos à venda   Centro,Centro,Centro,3,4,2,125.0,650000.0,5200.0,3969.0889863009,4114.37759196461
110849,Apartamento de 86m² com 3 quartos à venda   Quinta da Primavera,Quinta da Primavera,Zona Sul,3,3,2,86.0,690000.0,8023.25581395349,8334.13944069942,7019.92781217448
117173,Apartamento de 196m² com 04 quartos à venda   City Ribeirão,City Ribeirao,Zona Sul,4,3,3,196.0,695000.0,3545.91836734694,5481.73996829135,7019.92781217448
203396,Apartamento de 106m² com 03 quartos   Nova Aliança,Nova Alianca,Zona Sul,3,3,2,106.0,720000.0,6792.45283018868,7235.27815404702,7019.92781217448
179564,Apartamento duplex de 184m² com 03 quartos   Centro,Centro,Centro,3,3,1,184.0,720800.0,3917.39130434783,3969.0889863009,4114.37759196461
240521,Apartamento de 98m² com 03 quartos para locação   Quinta da Primavera,Quinta da Primavera,Zona Sul,3,3,2,98.0,750000.0,7653.0612244898,8334.13944069942,7019.92781217448
239696,Apartamento de 90m² com 02 suítes para venda e locação   Bosque das Juritis,Bosque das Juritis,Zona Sul,2,3,2,90.0,750000.0,8333.33333333333,8028.33244392152,7019.92781217448
237776,Apartamento de 88m² com 02 suítes para locação e venda   Quinta da Primavera,Quinta da Primavera,Zona Sul,2,3,2,88.0,750000.0,8522.72727272727,8334.13944069942,7019.92781217448
236741,Apartamento de 173m² com 03 quartos para venda   Santa Cruz dos Jacques,Jardim Sao Luiz,Zona Sul,3,4,2,173.0,750000.0,4335.26011560694,5775.49648772587,7019.92781217448
234389,"Apartamento de 72,5m² com 02 quartos à venda   Jardim Olhos D`Água II",Jardim Olhos DAgua,Zona Sul,2,2,2,5.0,750000.0,150000.0,9706.16858313729,7019.92781217448
226214,Apartamento de 90m² com 03 quartos à venda   Quinta da Primavera,Quinta da Primavera,Zona Sul,3,2,2,90.0,750000.0,8333.33333333333,8334.13944069942,7019.92781217448
224054,Apartamento de 88m² com 03 quartos sendo 01 suíte à venda   Vila Ana Maria,Vila Ana Maria,Zona Sul,3,2,2,88.0,750000.0,8522.72727272727,6534.36599324832,7019.92781217448
207392,Apartamento de 110m² com 02 suítes e varanda gourmet à venda   Bonfim Paulista,Bonfim Paulista,Zona Sul,2,3,2,110.0,750000.0,6818.18181818182,8197.59279884853,7019.92781217448
199466,Apartamento de 144m² com 03 suíte à venda   Jardim Irajá,Jardim Iraja,Zona Sul,3,5,2,144.0,750000.0,5208.33333333333,5843.60369977321,7019.92781217448
195797,Apartamento de 62m² com 02 quartos à venda   Jardim Botânico,Alamedas do Botanico,Zona Sul,2,2,1,62.0,750000.0,12096.7741935484,10304.3391731634,7019.92781217448
190508,Apartamento de 105m² com 02 suítes para venda   Nova Aliança,Nova Alianca,Zona Sul,2,4,2,105.0,750000.0,7142.85714285714,7235.27815404702,7019.92781217448
189518,Apartamento de 124m² com 03 quartos à venda   Centro,Centro,Centro,4,4,2,124.0,750000.0,6048.38709677419,3969.0889863009,4114.37759196461
174320,APARTAMENTO NO CENTRO,Centro,Centro,3,5,2,152.0,750000.0,4934.21052631579,3969.0889863009,4114.37759196461
167720,Apartamento de 138m² com 03 quartos   Vila Seixas,Vila Seixas,Centro,3,3,1,138.0,750000.0,5434.78260869565,4862.36131633665,4114.37759196461
162065,Apartamento de 101m² de 03 quartos para locação e venda   Bairro Nova Aliança,Nova Alianca,Zona Sul,3,3,2,101.0,750000.0,7425.74257425743,7235.27815404702,7019.92781217448
149297,APARTAMENTO NO CENTRO,Centro,Centro,3,2,2,174.0,750000.0,4310.34482758621,3969.0889863009,4114.37759196461
135860,Apartamento de 212m² com 03 quartos à venda   Centro,Centro,Centro,3,3,2,212.0,750000.0,3537.7358490566,3969.0889863009,4114.37759196461
121676,Apartamento de 173m² com 04 quartos à venda em condomínio   Jardim São Luiz,Jardim Sao Luiz,Zona Sul,4,5,2,173.0,750000.0,4335.26011560694,5775.49648772587,7019.92781217448
108152,APARTAMENTO PRÓXIMO AO PARQUE CARLOS RAYA,Jardim Botanico,Zona Sul,3,5,2,117.0,750000.0,6410.25641025641,7403.36272123417,7019.92781217448
107669,Apartamento de 170m² com 03 quartos à venda   Santa Cruz do José Jacques,Santa Cruz do Jose Jacques,Zona Sul,3,5,3,170.0,750000.0,4411.76470588235,6190.18466407645,7019.92781217448
100763,Apartamento de 125m² com 03 quartos á venda   Jardim Irajá,Jardim Iraja,Zona Sul,3,3,2,125.0,750000.0,6000.0,5843.60369977321,7019.92781217448
85352,LINDO APARTAMENTO NO BOTÂNICO,Jardim Botanico,Zona Sul,3,4,2,142.0,750000.0,5281.69014084507,7403.36272123417,7019.92781217448
34952,Apartamento de 170m² com 03 quartos à venda   Santa Cruz do José Jacques,Santa Cruz do Jose Jacques,Zona Sul,3,5,3,170.0,750000.0,4411.76470588235,6190.18466407645,7019.92781217448
245252,Apartamento de 85m² com 02 suítes para venda e locação   Nova Aliança,Nova Alianca,Zona Sul,2,3,2,85.0,750129.0,8825.04705882353,7235.27815404702,7019.92781217448
245366,Apartamento de 85m² com 02 suítes para venda   Nova Aliança,Nova Alianca,Zona Sul,2,3,2,85.0,750179.0,8825.63529411765,7235.27815404702,7019.92781217448
245342,Apartamento de 85m² com 02 suítes para venda   Nova Aliança,Nova Alianca,Zona Sul,2,3,2,85.0,750179.0,8825.63529411765,7235.27815404702,7019.92781217448
245339,Apartamento de 85m² com 02 suítes para venda   Nova Aliança,Nova Alianca,Zona Sul,2,3,2,85.0,750179.0,8825.63529411765,7235.27815404702,7019.92781217448
245333,Apartamento de 85m² com 02 suítes para venda   Nova Aliança,Nova Alianca,Zona Sul,2,3,2,85.0,750179.0,8825.63529411765,7235.27815404702,7019.92781217448
242507,Apartamento de 86m² com 02 suítes para locação e venda   Quinta da primavera,Quinta da Primavera,Zona Sul,2,3,2,86.0,751000.0,8732.55813953488,8334.13944069942,7019.92781217448
122816,Apartamento de 127m² com 03 quartos à venda   Jardim Irajá,Jardim Iraja,Zona Sul,3,3,2,127.0,751000.0,5913.38582677165,5843.60369977321,7019.92781217448
170273,Apartamento à venda com 2 quartos   Jardim Olhos D`Água,Bonfim Paulista,Zona Sul,2,2,2,74.0,751248.0,10152.0,8197.59279884853,7019.92781217448
225722,Apartamento de 90m² com 02 suítes para locação   Bosque das Juritis,Bosque das Juritis,Zona Sul,2,3,2,90.0,755000.0,8388.88888888889,8028.33244392152,7019.92781217448
178283,Apartamento de 75m² com 03 quartos à venda   Nova Aliança,Nova Alianca,Zona Sul,3,3,1,75.0,756840.15,10091.202,7235.27815404702,7019.92781217448
243647,Apartamento de 69m² com 02 quartos à venda   Jardim Sumaré,Jardim Sumare,Zona Sul,2,2,2,69.0,759000.0,11000.0,6366.17718327786,7019.92781217448
229373,Apartamento de 81m² com 02 suítes à venda   Vila Ana Maria,Vila Ana Maria,Zona Sul,2,3,2,81.0,759675.0,9378.7037037037,6534.36599324832,7019.92781217448
177899,Apartamento mobiliado de 58m² com 02 quartos à venda   Jardim Sumaré,Jardim Sumare,Zona Sul,2,2,2,58.0,700000.0,12068.9655172414,6366.17718327786,7019.92781217448
99581,Apartamento de 90m² com 03 quartos para locação e venda   Nova Aliança,Nova Alianca,Zona Sul,3,3,2,90.0,760000.0,8444.44444444445,7235.27815404702,7019.92781217448
16157,Apartamento   Padrão,Santa Cruz do Jose Jacques,Zona Sul,3,5,2,147.0,760000.0,5170.06802721089,6190.18466407645,7019.92781217448
108983,Apartamento de 81m² com 02 suítes à venda   Vila Ana Maria,Vila Ana Maria,Zona Sul,2,3,2,81.0,760725.0,9391.66666666667,6534.36599324832,7019.92781217448
214577,Apartamento de 90m² com 03 quartos à venda   Jardim Olhos D`Água II,Jardim Olhos DAgua,Zona Sul,3,2,2,90.0,763000.0,8477.77777777778,9706.16858313729,7019.92781217448
234071,Apartamento de 114m² com 03 quartos  Jardim Irajá,Jardim Iraja,Zona Sul,3,3,2,114.0,765000.0,6710.52631578947,5843.60369977321,7019.92781217448
239009,Apartamento de 90m² com 03 quartos à venda   Jardim Olhos d´agua,Jardim Olhos DAgua,Zona Sul,3,2,2,90.0,765651.19,8507.23544444445,9706.16858313729,7019.92781217448
239006,Apartamento de 90m² com 03 quartos à venda   Jardim Olhos d´agua,Jardim Olhos DAgua,Zona Sul,3,2,2,90.0,765651.19,8507.23544444445,9706.16858313729,7019.92781217448
239003,Apartamento de 90m² com 03 quartos à venda   Jardim Olhos d´agua,Jardim Olhos DAgua,Zona Sul,3,2,2,90.0,765651.19,8507.23544444445,9706.16858313729,7019.92781217448
239000,Apartamento de 90m² com 03 quartos à venda   Jardim Olhos d´agua,Jardim Olhos DAgua,Zona Sul,3,2,2,90.0,765651.19,8507.23544444445,9706.16858313729,7019.92781217448
236120,Apartamento de 204m² com 03 quartos para venda   Centro,Centro,Centro,3,3,2,204.0,690000.0,3382.35294117647,3969.0889863009,4114.37759196461
158216,Apartamento de 151m² com 03 quartos à venda   Santa Cruz do José Jacques,Santa Cruz do Jose Jacques,Zona Sul,3,4,2,151.0,690000.0,4569.53642384106,6190.18466407645,7019.92781217448
238658,Apartamento de 51m² com 01 quartos para a locação e venda   Alto da Boa Vista,Alto da Boa Vista,Zona Sul,1,1,1,51.0,770000.0,15098.0392156863,5935.13838933655,7019.92781217448
224222,Apartamento de 124m² com 03 quartos sendo 02 suítes à venda   Centro,Centro,Centro,4,4,2,124.0,770000.0,6209.67741935484,3969.0889863009,4114.37759196461
236108,Apartamento de 123m² com 03 quartos à venda   Jardim Paulista,Jardim Paulista,Zona Leste,3,3,2,123.0,775000.0,6300.81300813008,4839.65243893052,4646.24632076016
229316,Apartamento de 146m² com 03 suítes à venda   Santa Cruz do José Jacques,Santa Cruz do Jose Jacques,Zona Sul,3,5,3,146.0,775000.0,5308.21917808219,6190.18466407645,7019.92781217448
245405,Apartamento de 85m² com 02 suítes para venda   Nova Aliança,Nova Alianca,Zona Sul,2,3,2,85.0,776382.0,9133.90588235294,7235.27815404702,7019.92781217448
245402,Apartamento de 85m² com 02 suítes para venda   Nova Aliança,Nova Alianca,Zona Sul,2,3,2,85.0,776382.0,9133.90588235294,7235.27815404702,7019.92781217448
245357,Apartamento de 85m² com 02 suítes para venda   Nova Aliança,Nova Alianca,Zona Sul,2,3,2,85.0,776382.0,9133.90588235294,7235.27815404702,7019.92781217448
245258,Apartamento de 85m² com 02 suítes para venda   Nova Aliança,Nova Alianca,Zona Sul,2,3,2,85.0,776382.0,9133.90588235294,7235.27815404702,7019.92781217448
136400,Apartamento de 317m² com 04 suítes à venda   Centro,Centro,Centro,5,5,3,317.0,590000.0,1861.19873817035,3969.0889863009,4114.37759196461
188069,Apartamento de 86m² com 02 suítes à venda   Bosque das Juritis,Bosque das Juritis,Zona Sul,2,2,2,86.0,713000.0,8290.69767441861,8028.33244392152,7019.92781217448
227915,Apartamento de 111m² com 03 quartos à venda   Jardim Nova Aliança Sul,Jardim Nova Alianca Sul,Zona Sul,3,3,2,111.0,750000.0,6756.75675675676,6999.09526420546,7019.92781217448
240647,Apartamento à venda de 111m² com 04 quartos   Jardim Nova Aliança Sul,Jardim Nova Alianca Sul,Zona Sul,4,2,2,111.0,780000.0,7027.02702702703,6999.09526420546,7019.92781217448
235061,Apartamento de 90m² com 02 suítes para venda e locação   Quinta da Primavera,Quinta da Primavera,Zona Sul,2,3,2,90.0,780000.0,8666.66666666667,8334.13944069942,7019.92781217448
219836,Apartamento de 60m² com 02 quartos sendo 01 suíte para locação e venda   Jardim Sumaré,Jardim Sumare,Zona Sul,2,2,2,60.0,780000.0,13000.0,6366.17718327786,7019.92781217448
213821,Apartamento de 111m² com 02 suítes à venda   Nova Aliança,Nova Alianca,Zona Sul,2,3,2,111.0,780000.0,7027.02702702703,7235.27815404702,7019.92781217448
124403,Apartamento de 73m² com 02 suítes à venda   Bosque das Juritis,Bosque das Juritis,Zona Sul,2,3,1,73.0,780000.0,10684.9315068493,8028.33244392152,7019.92781217448
239015,Apartamento de 90m² com 03 quartos à venda   Jardim Olhos d´agua,Jardim Olhos DAgua,Zona Sul,3,2,2,90.0,788222.67,8758.02966666667,9706.16858313729,7019.92781217448
239012,Apartamento de 90m² com 03 quartos à venda   Jardim Olhos d´agua,Jardim Olhos DAgua,Zona Sul,3,2,2,90.0,788222.67,8758.02966666667,9706.16858313729,7019.92781217448
178280,Apartamento de 75m² com 03 quartos à venda   Nova Aliança,Nova Alianca,Zona Sul,3,3,1,75.0,788375.15,10511.6686666667,7235.27815404702,7019.92781217448
229157,Apartamento de 107m² com 03 quartos à venda   Jardim Paulista,Jardim Paulista,Zona Leste,3,2,2,107.0,790000.0,7383.17757009346,4839.65243893052,4646.24632076016
210059,Apartamento de 68m² com 02 quartos à venda   Vila do Golfe,Vila do Golf,Zona Sul,2,2,1,68.0,790000.0,11617.6470588235,9872.36315439169,7019.92781217448
159314,Apartamento de 98m² com 03 quartos sendo 01 suíte à venda   Quinta da Primavera,Quinta da Primavera,Zona Sul,3,3,2,98.0,790000.0,8061.22448979592,8334.13944069942,7019.92781217448
245360,Apartamento de 85m² com 02 suítes para venda   Nova Aliança,Nova Alianca,Zona Sul,2,3,2,85.0,791955.0,9317.11764705882,7235.27815404702,7019.92781217448
245348,Apartamento de 85m² com 02 suítes para venda   Nova Aliança,Nova Alianca,Zona Sul,2,3,2,85.0,791955.0,9317.11764705882,7235.27815404702,7019.92781217448
245336,Apartamento de 85m² com 02 suítes para venda   Nova Aliança,Nova Alianca,Zona Sul,2,3,2,85.0,791955.0,9317.11764705882,7235.27815404702,7019.92781217448
245264,Apartamento de 85m² com 02 suítes para venda   Nova Aliança,Nova Alianca,Zona Sul,2,3,2,85.0,791955.0,9317.11764705882,7235.27815404702,7019.92781217448
245261,Apartamento de 85m² com 02 suítes para venda   Nova Aliança,Nova Alianca,Zona Sul,2,3,2,85.0,791955.0,9317.11764705882,7235.27815404702,7019.92781217448
245255,Apartamento de 85m² com 02 suítes para venda   Nova Aliança,Nova Alianca,Zona Sul,2,3,2,85.0,791955.0,9317.11764705882,7235.27815404702,7019.92781217448
245297,Apartamento de 85m² com 02 suítes à venda   Nova Aliança,Nova Alianca,Zona Sul,2,3,2,85.0,792000.0,9317.64705882353,7235.27815404702,7019.92781217448
88916,Apartamento de 161m² com 04 quartos à venda   Ribeirânia,Ribeirania,Zona Leste,4,4,2,161.0,764000.0,4745.34161490683,6622.45012983218,4646.24632076016
236810,Apartamento mobiliado de 56m² com 01 suíte para locação e venda   Jardim Botânico,Jardim Botanico,Zona Sul,1,2,1,56.0,795000.0,14196.4285714286,7403.36272123417,7019.92781217448
230150,Apartamento de 111m² com 03 quartos à venda   Jardim Nova Aliança Sul,Jardim Nova Alianca Sul,Zona Sul,3,3,2,111.0,795000.0,7162.16216216216,6999.09526420546,7019.92781217448
175850,APARTAMENTO NO CENTRO,Vila Seixas,Centro,4,4,2,367.0,795000.0,2166.21253405995,4862.36131633665,4114.37759196461
151157,Apartamento de 151m² com 03 quartos   Santa Cruz do José Jacques,Santa Cruz do Jose Jacques,Zona Sul,3,3,2,151.0,795000.0,5264.90066225166,6190.18466407645,7019.92781217448
116159,Apartamento de 122m² com 03 suítes à venda   Jardim Botânico,Jardim Botanico,Zona Sul,3,5,2,122.0,795000.0,6516.39344262295,7403.36272123417,7019.92781217448
176867,Apartamento de 81m² com 02 suítes à venda   Nova Aliança,Nova Alianca,Zona Sul,2,3,2,81.0,797300.56,9843.21679012346,7235.27815404702,7019.92781217448
165212,Apartamento de 114m² com 03 quartos à venda   Jardim Botânico,Jardim Botanico,Zona Sul,3,4,2,114.0,798000.0,7000.0,7403.36272123417,7019.92781217448
227693,Apartamento de 153m² com 04 suítes à venda   Jardim Olhos D`Água,Jardim Olhos DAgua,Zona Sul,4,6,3,153.0,1218186.0,7962.0,9706.16858313729,7019.92781217448
236285,Apartamento de 160m² com 03 quartos para venda e locação   Jardim Botânico,Jardim Botanico,Zona Sul,3,5,3,160.0,1300000.0,8125.0,7403.36272123417,7019.92781217448
241745,Apartamento de 170m² com 03 suítes para locação e venda   Vila do Golf,Vila do Golf,Zona Sul,3,5,3,170.0,1350000.0,7941.17647058824,9872.36315439169,7019.92781217448
213446,Apartamento de 154m² com 03 suítes à venda   Jardim Olhos D`Água,Jardim Olhos DAgua,Zona Sul,3,5,3,154.0,1600000.0,10389.6103896104,9706.16858313729,7019.92781217448
215531,Apartamento de 153m² com 03 suítes para locação e venda   Jardim Olhos D`Água,Jardim Olhos DAgua,Zona Sul,3,5,3,153.0,1400000.0,9150.32679738562,9706.16858313729,7019.92781217448
231668,Apartamento de 170 m² com 03 suítes para locação e venda   Vila do Golfe.,Vila do Golf,Zona Sul,3,6,3,170.0,1299000.0,7641.17647058824,9872.36315439169,7019.92781217448
241283,Apartamento de 227m² com 04 suítes para locação e venda   Jardim Botânico,Jardim Botanico,Zona Sul,4,6,3,227.0,1590000.0,7004.40528634361,7403.36272123417,7019.92781217448
210236,Apartamento de 227m² com 03 suítes para venda e locação   Jardim Botânico,Jardim Botanico,Zona Sul,3,5,4,227.0,1683000.0,7414.09691629956,7403.36272123417,7019.92781217448
241181,Apartamento de 124m² com 03 suítes para a venda e locação   Jardim Olhos D`Água,Bonfim Paulista,Zona Sul,3,4,3,124.0,1780000.0,14354.8387096774,8197.59279884853,7019.92781217448
229214,Apartamento de 214m² com 03 suítes à venda   Bosque das Juritis,Bosque das Juritis,Zona Sul,3,5,3,214.0,1800000.0,8411.21495327103,8028.33244392152,7019.92781217448
198350,Apartamento de 42m² com 02 quartos á venda   Jardim José Wilson Toni,Jardim Jose Wilson Toni,Zona Norte,2,1,1,42.0,80000.0,1904.76190476191,3558.22945254947,4316.94719953754
180608,APARTAMENTO NO WILSON TONI,Jardim Jose Wilson Toni,Zona Norte,2,1,1,42.0,80000.0,1904.76190476191,3558.22945254947,4316.94719953754
147218,APARTAMENTO NO RESIDENCIAL WILSON TONI,Jardim Jose Wilson Toni,Zona Norte,2,1,1,42.0,80000.0,1904.76190476191,3558.22945254947,4316.94719953754
243845,Apartamento de 39m² com 02 quartos para locação e venda   Residencial das Américas,Residencial das Americas,Zona Norte,2,1,1,39.0,119000.0,3051.28205128205,3341.29895223855,4316.94719953754
224003,Apartamento de 42m² com 02 quartos para locação e venda   Jardim Heitor Rigon,Jardim Heitor Rigon,Zona Norte,2,1,1,42.0,115000.0,2738.09523809524,3530.62855692946,4316.94719953754
225161,Apartamento de 43m² com 02 quartos à venda   Jardim Florestan Fernandes,Jardim Diva Tarla de Carvalho,Zona Norte,2,1,1,43.0,155000.0,3604.6511627907,3667.24240741883,4316.94719953754
146696,APARTAMENTO PRÓXIMO À RUA JAVARI,Residencial das Americas,Zona Norte,2,1,1,46.0,160000.0,3478.26086956522,3341.29895223855,4316.94719953754
222593,Apartamento de 43m² com 02 quartos à venda   Reserva Macaúba,Reserva Macauba,Zona Norte,2,1,1,43.0,150000.0,3488.37209302326,4441.08952445151,4316.94719953754
189065,Apartamento de 48m² com 02 quartos para locação e venda   Quintino Facci II,Quintino Facci II,Zona Norte,2,1,1,48.0,175000.0,3645.83333333333,3658.03558245004,4316.94719953754
185177,Apartamento de 47m² com 02 quartos   Ipiranga,Ipiranga,Zona Oeste,2,1,1,47.0,190000.0,4042.55319148936,4227.19529650629,4568.83198282477
244706,Apartamento de 58m² com 02 quartos à venda   Ribeirânia,Ribeirania,Zona Leste,2,2,1,58.0,580000.0,10000.0,6622.45012983218,4646.24632076016
191078,Apartamento de 172m² com 03 suítes à venda   Centro,Centro,Centro,3,4,2,172.0,600000.0,3488.37209302326,3969.0889863009,4114.37759196461
241328,Apartamento de 101m² com 03 quartos à venda   Bairro Jardim Nova Aliança Sul,Jardim Nova Alianca Sul,Zona Sul,3,3,2,101.0,759000.0,7514.85148514852,6999.09526420546,7019.92781217448
41057,Apartamento de 173m² com 04 quartos à venda   Centro,Centro,Centro,4,5,2,173.0,775000.0,4479.76878612717,3969.0889863009,4114.37759196461
237779,Apartamento de 84m² com 02 suítes à venda   Quinta da Primavera,Quinta da Primavera,Zona Sul,2,3,2,84.0,800000.0,9523.80952380952,8334.13944069942,7019.92781217448
236150,Apartamento de 63m² com 02 quartos para locação   Alamedas do Botânico,Alamedas do Botanico,Zona Sul,2,2,2,63.0,800000.0,12698.4126984127,10304.3391731634,7019.92781217448
232193,Apartamento de 147 m² com 04 quartos para locação   Santa Cruz do José Jacques.,Santa Cruz do Jose Jacques,Zona Sul,4,5,2,147.0,800000.0,5442.1768707483,6190.18466407645,7019.92781217448
232145,Apartamento de 63m² com 01 suíte para venda e locação   Nova Aliança,Nova Alianca,Zona Sul,1,2,1,63.0,800000.0,12698.4126984127,7235.27815404702,7019.92781217448
230891,Apartamento de 111m² com 03 quartos para locação e venda   Nova Aliança,Nova Alianca,Zona Sul,3,3,2,111.0,800000.0,7207.20720720721,7235.27815404702,7019.92781217448
225536,Apartamento de 90m² com 02 suítes à venda   Quinta da Primavera,Quinta da Primavera,Zona Sul,2,3,2,90.0,800000.0,8888.88888888889,8334.13944069942,7019.92781217448
213371,Apartamento de 71m² com 03 quartos à venda   Ribeirânia,Ribeirania,Zona Leste,3,2,2,71.0,800000.0,11267.6056338028,6622.45012983218,4646.24632076016
194123,Apartamento de 04 quartos para locação e venda   Centro,Centro,Centro,4,2,2,150.0,800000.0,5333.33333333333,3969.0889863009,4114.37759196461
179615,Apartamento de 368m² com 04 quartos à venda   Centro,Centro,Centro,4,5,2,368.0,800000.0,2173.91304347826,3969.0889863009,4114.37759196461
153059,Apartamento de 87m² com 03 quartos à venda   Jardim América,Jardim America,Zona Sul,3,3,2,87.0,800000.0,9195.40229885058,5600.32705609696,7019.92781217448
137660,Apartamento de 105m² com 03 suítes à venda   Quinta da Primavera,Quinta da Primavera,Zona Sul,3,4,2,105.0,800000.0,7619.04761904762,8334.13944069942,7019.92781217448
240554,Apartamento de 114m² com 03 quartos à venda   Jardim Botânico,Jardim Botanico,Zona Sul,3,4,2,114.0,812000.0,7122.80701754386,7403.36272123417,7019.92781217448
148430,Apartamento de 86m² com 03 quartos sendo 01 suíte à venda   Quinta da Primavera,Quinta da Primavera,Zona Sul,3,3,2,86.0,740000.0,8604.6511627907,8334.13944069942,7019.92781217448
154019,Apartamento de 131m² com 03 quartos à venda   Jardim Irajá,Jardim Iraja,Zona Sul,3,4,2,131.0,780000.0,5954.19847328244,5843.60369977321,7019.92781217448
198242,Apartamento de 118m² com 03 suítes à venda   Jardim Olhos D`Água II,Jardim Olhos DAgua,Zona Sul,3,4,2,118.0,820000.0,6949.15254237288,9706.16858313729,7019.92781217448
179948,Apartamento de 111m² com 02 suítes   Jardim Nova Aliança,Nova Alianca,Zona Sul,2,3,2,111.0,820000.0,7387.38738738739,7235.27815404702,7019.92781217448
126623,Apartamento de 128m² com 03 suítes para locação e venda   Jardim Canadá,Jardim Canada,Zona Sul,3,5,2,128.0,820000.0,6406.25,7006.02337064892,7019.92781217448
120044,Apartamento de 127M² com 03 Quartos a venda   Jardim Iraja,Jardim Iraja,Zona Sul,3,4,2,127.0,820000.0,6456.69291338583,5843.60369977321,7019.92781217448
219779,Apartamento de 93m² com 03 quartos sendo 01 suíte à venda   Jardim Botânico,Jardim Botanico,Zona Sul,3,3,2,93.0,820000.0,8817.20430107527,7403.36272123417,7019.92781217448
197792,Apartamento de 137m² com 03 quartos à venda   Jardim Botânico,Jardim Botanico,Zona Sul,3,5,2,137.0,830000.0,6058.39416058394,7403.36272123417,7019.92781217448
155231,Pronto para Morar: Magnólia   Apartamento de 82m² com 03 quartos com suíte à venda   Jardim Botânico,Jardim Botanico,Zona Sul,3,2,2,82.0,832522.56,10152.7141463415,7403.36272123417,7019.92781217448
155222,Pronto para Morar: Magnólia   Apartamento de 82m² com 03 quartos com suíte à venda   Jardim Botânico,Jardim Botanico,Zona Sul,3,2,2,82.0,835442.19,10188.3193902439,7403.36272123417,7019.92781217448
225869,Apartamento de 42m² com 02 quartos para locação   Jardim Itaú,Jardim Itau,Zona Norte,2,1,1,42.0,145000.0,3452.38095238095,4105.97173905832,4316.94719953754
162713,Apartamento mobiliado de 119m² com 02 suítes para venda   Jardim Paulista,Jardim Paulista,Zona Leste,3,3,2,119.0,840000.0,7058.82352941177,4839.65243893052,4646.24632076016
134153,Apartamento de 114m² com 03 quartos à venda   Jardim Botânico,Jardim Botanico,Zona Sul,3,4,2,114.0,845250.0,7414.47368421053,7403.36272123417,7019.92781217448
189797,Apartamento de 173m² com 03 quartos para a locação   Centro,Centro,Centro,3,4,2,173.0,848000.0,4901.73410404624,3969.0889863009,4114.37759196461
112940,Apartamento de 96m² com 03 quartos para locação   Jardim Irajá,Jardim Iraja,Zona Sul,3,3,2,96.0,848000.0,8833.33333333333,5843.60369977321,7019.92781217448
152639,Apartamento de 42m² com 02 quartos à venda   Jardim Javari,Jardim Javari,Zona Oeste,2,1,1,42.0,85000.0,2023.80952380952,2828.57142857143,4568.83198282477
210926,Apartamento de 43m² com 02 quartos à venda   Jardim Diva Tarlá de Carvalho,Jardim Diva Tarla de Carvalho,Zona Norte,2,1,1,43.0,140000.0,3255.81395348837,3667.24240741883,4316.94719953754
153563,Apartamento de 46m² com 02 quartos para locação e venda   Ipiranga,Ipiranga,Zona Oeste,2,1,1,46.0,170000.0,3695.65217391304,4227.19529650629,4568.83198282477
150656,Apartamento de 41m² com 02 quartos para locação e venda   Reserva Real,Reserva Real,Zona Sul,2,1,1,41.0,190000.0,4634.14634146342,4252.08579993765,7019.92781217448
80789,APARTAMENTO NO JARDIM SÃO LUIZ,Jardim Sao Luiz,Zona Sul,1,1,1,46.0,220000.0,4782.60869565217,5775.49648772587,7019.92781217448
100196,Apartamento de 317m² com 04 quartos à venda   Centro,Centro,Centro,4,6,3,317.0,550000.0,1735.01577287066,3969.0889863009,4114.37759196461
86036,Apartamento de 117m² à venda   Jardim Botânico,Jardim Botanico,Zona Sul,3,4,2,117.0,780000.0,6666.66666666667,7403.36272123417,7019.92781217448
182090,Apartamento com 110m² com 02 suítes para locação e venda   Bonfim Paulista,Bonfim Paulista,Zona Sul,2,3,2,110.0,800000.0,7272.72727272727,8197.59279884853,7019.92781217448
212912,Apartamento de 153m² com 03 suítes à venda   Centro,Centro,Centro,3,4,2,153.0,830000.0,5424.83660130719,3969.0889863009,4114.37759196461
240722,Apartamento de 128m² com 03 suítes à venda   Jardim Canadá,Jardim Canada,Zona Sul,3,5,2,128.0,850000.0,6640.625,7006.02337064892,7019.92781217448
238829,Apartamento de 79m² com 02 quartos à venda   Jardim Sumaré,Jardim Sumare,Zona Sul,2,2,2,79.0,850000.0,10759.4936708861,6366.17718327786,7019.92781217448
235553,Apartamento de 109m² com 03 suítes á venda   Jardim Olhos D´Água,Plazas de Espana,Zona Sul,3,4,2,109.0,850000.0,7798.16513761468,10740.3669724771,7019.92781217448
230345,Apartamento de 86m² com 02 suítes para venda e locação   Bosque das Juritis,Bosque das Juritis,Zona Sul,2,3,2,86.0,850000.0,9883.72093023256,8028.33244392152,7019.92781217448
229301,Apartamento de 114m² com 04 quartos à venda   Jardim Irajá,Jardim Iraja,Zona Sul,4,2,1,114.0,850000.0,7456.14035087719,5843.60369977321,7019.92781217448
224945,Apartamento mobiliado de 63m² com 01 suíte   Nova aliança,Nova Alianca,Zona Sul,1,2,1,63.0,850000.0,13492.0634920635,7235.27815404702,7019.92781217448
220247,Apartamento de 81m² com 02 suítes à venda   Vila Ana Maria,Vila Ana Maria,Zona Sul,2,3,2,81.0,850000.0,10493.8271604938,6534.36599324832,7019.92781217448
218699,Apartamento de 110m² com 02 suítes à venda   Bonfim Paulista,Bonfim Paulista,Zona Sul,2,3,2,110.0,850000.0,7727.27272727273,8197.59279884853,7019.92781217448
218210,Apartamento de 87m² com 03 quartos para locação   Jardim Olhos D`Água,Jardim Olhos DAgua,Zona Sul,3,3,1,87.0,850000.0,9770.11494252874,9706.16858313729,7019.92781217448
208430,Apartamento de 118m² com 03 quartos à venda   Jardim Botânico,Jardim Botanico,Zona Sul,3,2,2,118.0,850000.0,7203.38983050848,7403.36272123417,7019.92781217448
198245,Apartamento duplex de 118m² com 03 suítes à venda   Jardim Olhos D`Água II,Jardim Olhos DAgua,Zona Sul,3,4,2,118.0,850000.0,7203.38983050848,9706.16858313729,7019.92781217448
193022,Apartamento de 118m² com 02 quartos à venda   Jardim Botânico,Jardim Botanico,Zona Sul,2,3,2,118.0,850000.0,7203.38983050848,7403.36272123417,7019.92781217448
176096,APARTAMENTO COM VISTA LIVRE NO JARDIM BOTÂNICO,Jardim Botanico,Zona Sul,3,4,2,114.0,850000.0,7456.14035087719,7403.36272123417,7019.92781217448
147785,Apartamento de 90m² semi mobiliado com 02 suítes para locação   Bosque das Juritis,Bosque das Juritis,Zona Sul,2,3,2,90.0,850000.0,9444.44444444445,8028.33244392152,7019.92781217448
143288,Apartamento de 159m² com 03 quartos à venda   Centro,Centro,Centro,3,3,2,159.0,850000.0,5345.91194968554,3969.0889863009,4114.37759196461
142256,Apartamento de 146m² com 04 quartos à venda   Jardim São Luiz,Jardim Sao Luiz,Zona Sul,4,4,2,146.0,850000.0,5821.91780821918,5775.49648772587,7019.92781217448
132263,Apartamento de 232m² com 04 quartos à venda   Centro,Centro,Centro,4,5,2,232.0,850000.0,3663.79310344828,3969.0889863009,4114.37759196461
119045,Apartamento de 75m² com 03 quartos à venda   Jardim Botânico,Jardim Botanico,Zona Sul,3,2,2,75.0,850000.0,11333.3333333333,7403.36272123417,7019.92781217448
109112,Apartamento de 03 quartos para locação   Bosque das Juritis,Bosque das Juritis,Zona Sul,3,2,2,80.0,850000.0,10625.0,8028.33244392152,7019.92781217448
100919,Apartamento de 90m² com 02 suítes à venda   Bosque das Juritis,Bosque das Juritis,Zona Sul,2,3,2,90.0,850000.0,9444.44444444445,8028.33244392152,7019.92781217448
80996,Apartamento de 147m² com 03 quartos á venda   Jardim São Luiz,Jardim Sao Luiz,Zona Sul,3,4,2,147.0,850000.0,5782.31292517007,5775.49648772587,7019.92781217448
201503,Apartamento de 97m² com 02 suítes à venda   Jardim Irajá,Jardim Iraja,Zona Sul,2,3,2,97.0,816510.82,8417.63731958763,5843.60369977321,7019.92781217448
225842,Apartamento de 135m² com 03 suítes à venda   Bosque das Juritis,Bosque das Juritis,Zona Sul,4,5,2,135.0,860000.0,6370.37037037037,8028.33244392152,7019.92781217448
218537,Apartamento de 432m² com 06 quartos para locação e venda  Centro,Centro,Centro,6,5,4,432.0,860000.0,1990.74074074074,3969.0889863009,4114.37759196461
203426,Apartamento de 131m² com 03 quartos para locação e venda   Jardim Irajá,Jardim Iraja,Zona Sul,3,4,2,131.0,860000.0,6564.88549618321,5843.60369977321,7019.92781217448
210983,Apartamento de 108m² com 03 suítes à venda   Vila do Golfe,Vila do Golf,Zona Sul,3,4,2,108.0,862405.0,7985.23148148148,9872.36315439169,7019.92781217448
214952,Apartamento de 87m² com 02 suítes à venda   Jardim Olhos D`Água II,Jardim Olhos DAgua,Zona Sul,2,3,2,87.0,864974.0,9942.22988505747,9706.16858313729,7019.92781217448
163190,Apartamento de 114m² com 03 quartos à venda   Jardim Botânico,Jardim Botanico,Zona Sul,3,4,2,114.0,868350.0,7617.1052631579,7403.36272123417,7019.92781217448
186617,APARTAMENTO NO RESIDENCIAL DAS AMÉRICAS,Residencial das Americas,Zona Norte,2,1,1,65.0,87000.0,1338.46153846154,3341.29895223855,4316.94719953754
224444,Apartamento de 133m² com 03 quartos sendo 01 suíte à venda   Jardim Nova Aliança Sul,Jardim Nova Alianca Sul,Zona Sul,3,4,3,133.0,870000.0,6541.35338345865,6999.09526420546,7019.92781217448
210287,Apartamento de 80m² com 02 suítes à venda   Jardim Olhos D`água,Bonfim Paulista,Zona Sul,2,3,2,80.0,870000.0,10875.0,8197.59279884853,7019.92781217448
210284,Apartamento de 80m² com 02 suítes à venda   Jardim Olhos D`água,Bonfim Paulista,Zona Sul,2,3,2,80.0,870000.0,10875.0,8197.59279884853,7019.92781217448
188750,APARTAMENTO NO JARDIM OLHOS D´ÁGUA II,Jardim Olhos DAgua,Zona Sul,3,3,2,88.0,870000.0,9886.36363636364,9706.16858313729,7019.92781217448
165437,Apartamento de 133m² com 03 quartos à venda   Jardim Nova Aliança Sul,Jardim Nova Alianca Sul,Zona Sul,3,2,2,133.0,870000.0,6541.35338345865,6999.09526420546,7019.92781217448
239342,Apartamento de 95m² com 03 quartos para venda   Bosque das Juritis,Bosque das Juritis,Zona Sul,3,3,2,95.0,874500.0,9205.26315789474,8028.33244392152,7019.92781217448
116249,Apartamento de 86m² com 02 suítes para venda   Bosque das Juritis,Bosque das Juritis,Zona Sul,2,3,2,86.0,790000.0,9186.04651162791,8028.33244392152,7019.92781217448
197921,APARTAMENTO NO BAIRRO JARDIM BOTÂNICO,Jardim Botanico,Zona Sul,3,4,2,120.0,875000.0,7291.66666666667,7403.36272123417,7019.92781217448
225710,Apartamento de 133m² com 03 quartos para venda   Jardim Nova Aliança Sul,Jardim Nova Alianca Sul,Zona Sul,3,4,2,133.0,879000.0,6609.02255639098,6999.09526420546,7019.92781217448
202469,Apartamento de 97m² com 03 dormitórios   Jardim Irajá,Jardim Iraja,Zona Sul,3,3,2,97.0,879802.29,9070.12670103093,5843.60369977321,7019.92781217448
233513,Apartamento de 80m² com 02 suítes à venda   Jardim Olhos D`água,Bonfim Paulista,Zona Sul,2,3,2,80.0,800000.0,10000.0,8197.59279884853,7019.92781217448
244412,Apartamento de 108m² com 03 quartos para venda e locação   Jardim Botânico,Jardim Botanico,Zona Sul,3,4,2,108.0,880000.0,8148.14814814815,7403.36272123417,7019.92781217448
239399,Apartamento de 75m² com 02 suítes à venda   Nova Aliança,Nova Alianca,Zona Sul,2,3,2,75.0,880000.0,11733.3333333333,7235.27815404702,7019.92781217448
235181,Apartamento de 140² com 03 suítes a venda   Nova Aliança,Nova Alianca,Zona Sul,3,5,2,140.0,880000.0,6285.71428571429,7235.27815404702,7019.92781217448
195998,Apartamento de 83m² com 03 quartos à venda   Jardim Botânico,Jardim Botanico,Zona Sul,3,3,1,83.0,881961.63,10626.0437349398,7403.36272123417,7019.92781217448
172853,Apartamento de 114m² com 03 suítes à venda   Vila Ana Maria,Vila Ana Maria,Zona Sul,3,4,2,114.0,889667.43,7804.1002631579,6534.36599324832,7019.92781217448
243752,Apartamento de 93m² com 02 suítes à venda   Jardim Botânico,Jardim Botanico,Zona Sul,2,3,2,93.0,890000.0,9569.89247311828,7403.36272123417,7019.92781217448
240608,Apartamento de 432m² com 03 suítes à venda   Centro,Centro,Centro,3,5,4,432.0,890000.0,2060.18518518519,3969.0889863009,4114.37759196461
207230,Apartamento de 442m² com 04 quartos à venda   Centro,Centro,Centro,4,5,4,442.0,890000.0,2013.57466063348,3969.0889863009,4114.37759196461
206444,Apartamento de 183m² com 03 quartos à venda   Santa Cruz do José Jacques,Santa Cruz do Jose Jacques,Zona Sul,3,3,2,183.0,890000.0,4863.38797814208,6190.18466407645,7019.92781217448
218570,Apartamento de 218m² com 03 suítes e varanda gourmet para locação e venda   Bosque das Juritis,Bosque das Juritis,Zona Sul,3,5,3,218.0,1800000.0,8256.88073394495,8028.33244392152,7019.92781217448
168002,APARTAMENTO NO PLANALTO VERDE,Jardim Doutor Paulo Gomes Romeo,Zona Oeste,2,1,1,42.0,90000.0,2142.85714285714,2142.85714285714,4568.83198282477
184742,Apartamento de 41m² com 02 quartos para venda e locação   Sílvio Passalacqua,Conjunto Habitacional Silvio Passalacqua,Zona Oeste,2,1,1,41.0,138000.0,3365.85365853659,3620.71440927175,4568.83198282477
238469,Apartamento de 42m² com 02 quartos à venda   Jardim João Rossi,Jardim Joao Rossi,Zona Sul,2,1,1,42.0,120000.0,2857.14285714286,2950.48145403395,7019.92781217448
229652,Apartamento de 43m² com 02 quartos para locação e venda   Jardim Heitor Rigon,Jardim Heitor Rigon,Zona Norte,2,1,1,43.0,133000.0,3093.02325581395,3530.62855692946,4316.94719953754
208799,Apartamento de 45m² com 02 quartos à venda   Vila Abranches,Vila Abranches,Zona Norte,2,1,1,45.0,120000.0,2666.66666666667,3656.70906043577,4316.94719953754
231347,Apartamento de 43m² com 02 quartos para locação e venda   Jardim Heitor Rigon,Jardim Heitor Rigon,Zona Norte,2,1,1,43.0,140000.0,3255.81395348837,3530.62855692946,4316.94719953754
226559,Apartamento de 42m² com 02 quartos para locação e venda   Valentina Figueiredo,Valentina Figueiredo,Zona Norte,2,1,1,42.0,130000.0,3095.2380952381,3736.9036213197,4316.94719953754
216671,Apartamento de 40m² com 02 quartos para locação e venda   Jardim Ouro Branco,Jardim Ouro Branco,Zona Leste,2,1,1,40.0,150000.0,3750.0,4456.14834639336,4646.24632076016
214121,Apartamento de 43m² com 02 quartos à venda   Reserva Macaúba,Reserva Macauba,Zona Norte,2,1,1,43.0,160000.0,3720.93023255814,4441.08952445151,4316.94719953754
213248,Apartamento de 41m² com 02 quartos à venda   Reserva Real,Reserva Real,Zona Sul,2,1,1,41.0,165000.0,4024.39024390244,4252.08579993765,7019.92781217448
225014,Apartamento de 42m² com 02 quartos à venda   Jardim João Rossi,Jardim Joao Rossi,Zona Sul,2,1,1,42.0,120000.0,2857.14285714286,2950.48145403395,7019.92781217448
181610,Apartamento de 55m² 2 quartos para locação   Vila Virginia,Vila Virginia,Zona Oeste,2,1,1,55.0,180000.0,3272.72727272727,4199.44386633332,4568.83198282477
37400,Apartamento de 34m² com 01 suíte para locação   Jardim Palma Travassos,Jardim Palma Travassos,Zona Leste,1,1,1,34.0,180000.0,5294.11764705882,4725.02380139251,4646.24632076016
155255,Apartamento de 80m² com 03 quartos à venda   Bosque das Juritis,Bosque das Juritis,Zona Sul,3,2,2,80.0,649000.0,8112.5,8028.33244392152,7019.92781217448
122186,Apartamento de 173m² com 04 quartos à venda   Centro,Centro,Centro,4,4,2,173.0,750000.0,4335.26011560694,3969.0889863009,4114.37759196461
86573,Apartamento de 144m² com 03 suítes à venda   Jardim Irajá,Jardim Iraja,Zona Sul,3,4,2,144.0,750000.0,5208.33333333333,5843.60369977321,7019.92781217448
218789,Apartamento de 180m² com 04 quartos à venda   Jardim São Luiz,Jardim Sao Luiz,Zona Sul,4,5,3,180.0,850000.0,4722.22222222222,5775.49648772587,7019.92781217448
134846,APARTAMENTO NO HIGIENÓPOLIS,Higienopolis,Centro,4,6,4,318.0,870000.0,2735.84905660377,3745.12101181726,4114.37759196461
243371,Apartamento de 108m² com 3 quartos sendo 1 suíte à venda   Bosque das Juritis,Bosque das Juritis,Zona Sul,3,3,2,108.0,900000.0,8333.33333333333,8028.33244392152,7019.92781217448
243344,Apartamento de 108m² com 03 suítes à venda   Bosque das Juritis,Bosque das Juritis,Zona Sul,3,4,3,108.0,900000.0,8333.33333333333,8028.33244392152,7019.92781217448
232313,Apartamento de 131m² com 03 suítes à venda   Nova Aliança,Nova Alianca,Zona Sul,3,5,2,131.0,900000.0,6870.22900763359,7235.27815404702,7019.92781217448
222260,Apartamento 99m² com 03 suítes para locação   Jardim Botânico,Jardim Botanico,Zona Sul,3,5,2,99.0,900000.0,9090.90909090909,7403.36272123417,7019.92781217448
203414,EXCELENTE APARTAMENTO NO BAIRRO JARDIM IRAJÁ,Jardim Iraja,Zona Sul,3,4,2,131.0,900000.0,6870.22900763359,5843.60369977321,7019.92781217448
198911,Apartamento de 90 m² com 02 quartos para locação   Quinta da Primavera,Quinta da Primavera,Zona Sul,2,3,2,90.0,900000.0,10000.0,8334.13944069942,7019.92781217448
193055,Apartamento de 156m² com 04 quartos para locação e venda   Centro,Centro,Centro,4,4,2,156.0,900000.0,5769.23076923077,3969.0889863009,4114.37759196461
174080,Apartamento de 180m² com 04 quartos à venda   Jardim São Luiz,Jardim Sao Luiz,Zona Sul,4,5,3,180.0,900000.0,5000.0,5775.49648772587,7019.92781217448
151652,Apartamento de 108m² com 03 quartos para locação e venda   Jardim Olhos D`Água,Jardim Olhos DAgua,Zona Sul,3,3,2,108.0,900000.0,8333.33333333333,9706.16858313729,7019.92781217448
147698,Apartamento com 128m² com 03 quartos   Vila do Golf.,Vila do Golf,Zona Sul,3,4,2,128.0,900000.0,7031.25,9872.36315439169,7019.92781217448
101741,Apartamento com 135m² de 03 suítes à venda   Jardim Botânico,Jardim Botanico,Zona Sul,3,5,2,135.0,900000.0,6666.66666666667,7403.36272123417,7019.92781217448
72767,Apartamento de 131m² com 04 quartos para locação   Jardim Irajá,Jardim Iraja,Zona Sul,4,4,2,131.0,900000.0,6870.22900763359,5843.60369977321,7019.92781217448
72509,Apartamento de 79m² com 03 quartos para venda   Jardim Nova Aliança Sul,Jardim Nova Alianca Sul,Zona Sul,3,2,2,79.0,900000.0,11392.4050632911,6999.09526420546,7019.92781217448
233183,Apartamento de 56m² mobiliado com 01 suíte para locação e venda   Jardim Botânico,Jardim Botanico,Zona Sul,1,2,1,56.0,901000.0,16089.2857142857,7403.36272123417,7019.92781217448
233003,Apartamento de 56m² mobiliado com 01 suíte para locação e venda   Jardim Botânico,Jardim Botanico,Zona Sul,1,2,1,56.0,901000.0,16089.2857142857,7403.36272123417,7019.92781217448
231671,Apartamento de 56m² mobiliado com 01 suíte para locação   Jardim Botânico,Jardim Botanico,Zona Sul,1,2,1,56.0,901000.0,16089.2857142857,7403.36272123417,7019.92781217448
188036,Apartamento de 92m² com 02 quartos à venda   Jardim Ilhas do Sul,Jardim Ilhas do Sul,Zona Sul,2,3,2,92.0,898799.28,9769.55739130435,8797.52735990227,7019.92781217448
92033,Apartamento de 212m² com 3 quartos à venda   Centro,Centro,Centro,3,4,2,212.0,910000.0,4292.45283018868,3969.0889863009,4114.37759196461
182780,Apartamento de 87m² com 02 suítes à venda   Jardim Olhos D`água,Jardim Olhos DAgua,Zona Sul,2,3,2,87.0,866600.0,9960.91954022989,9706.16858313729,7019.92781217448
178853,Apartamento de 88m² com 02 suítes à venda   Jardim Olhos D`Água II,Jardim Olhos DAgua,Zona Sul,2,3,2,88.0,912189.0,10365.7840909091,9706.16858313729,7019.92781217448
99848,Apartamento de 133m² com 04 quartos à venda   Jardim Nova Aliança Sul,Jardim Nova Alianca Sul,Zona Sul,4,4,2,133.0,899000.0,6759.3984962406,6999.09526420546,7019.92781217448
213962,Apartamento de 121m² com 03 suítes para locação e venda   Nova Aliança,Nova Alianca,Zona Sul,3,4,2,121.0,915000.0,7561.98347107438,7235.27815404702,7019.92781217448
191678,Apartamento mobiliado de 93m² com 02 suítes para venda   Jardim Botânico,Jardim Botanico,Zona Sul,2,3,2,93.0,915000.0,9838.70967741935,7403.36272123417,7019.92781217448
173000,Apartamento de 113m² com 03 suítes à venda   Jardim Olhos d´agua,Jardim Olhos DAgua,Zona Sul,3,4,2,113.0,918799.0,8130.96460176991,9706.16858313729,7019.92781217448
180194,Apartamento de 221m² com 03 quartos para locação e venda   Centro,Centro,Centro,3,4,2,221.0,800000.0,3619.90950226244,3969.0889863009,4114.37759196461
204710,Apartamento 130m² com 02 quartos para locação   Campos Elíseos,Campos Eliseos,Zona Norte,2,2,1,130.0,923000.0,7100.0,4308.89631323999,4316.94719953754
163280,Apartamento de 111m² com 03 suítes à venda   Jardim Olhos D`Água,Jardim Olhos DAgua,Zona Sul,3,4,2,111.0,924620.0,8329.90990990991,9706.16858313729,7019.92781217448
116243,Apartamento de 86m² com 02 suítes à venda   Bosque das Juritis,Bosque das Juritis,Zona Sul,2,3,2,86.0,820000.0,9534.88372093023,8028.33244392152,7019.92781217448
223658,Apartamento de 113m² com 03 suítes à venda   Jardim Olhos D`Água,Jardim Olhos DAgua,Zona Sul,3,4,2,113.0,938629.0,8306.45132743363,9706.16858313729,7019.92781217448
243950,Apartamento de 132m² com 03 suítes à venda   Jardim Botânico,Jardim Botanico,Zona Sul,3,5,2,132.0,949000.0,7189.39393939394,7403.36272123417,7019.92781217448
191348,Apartamento de 100m² com 03 quartos à venda   Jardim Irajá,Jardim Iraja,Zona Sul,3,3,2,100.0,899000.0,8990.0,5843.60369977321,7019.92781217448
130190,Apartamento   Padrão,Jardim Joao Rossi,Zona Sul,2,1,1,42.0,95500.0,2273.80952380952,2950.48145403395,7019.92781217448
203540,Apartamento de 46m² com 02 quartos para locação e venda   Parque São Sebastião,Parque Sao Sebastiao,Zona Leste,2,1,1,46.0,180000.0,3913.04347826087,4018.24997986766,4646.24632076016
157217,Apartamento de 42m² com 02 quartos à venda   Jardim João Rossi,Jardim Joao Rossi,Zona Sul,2,1,1,42.0,110000.0,2619.04761904762,2950.48145403395,7019.92781217448
146312,APARTAMENTO PRÓXIMO À AVENIDA DOUTOR FRANCISCO JUNQUEIRA,Jardim Palma Travassos,Zona Leste,2,1,1,52.0,143000.0,2750.0,4725.02380139251,4646.24632076016
227864,Apartamento de 40m² com 02 quartos para locação e venda   Jardim Ouro Branco,Jardim Ouro Branco,Zona Leste,2,1,1,40.0,150000.0,3750.0,4456.14834639336,4646.24632076016
226583,Apartamento de 41m² com 02 quartos para venda e locação   Jardim Silvio Passalacqua,Conjunto Habitacional Silvio Passalacqua,Zona Oeste,2,1,1,41.0,165000.0,4024.39024390244,3620.71440927175,4568.83198282477
210218,Apartamento de 42m² com 02 quartos para venda e locação   Quintino Facci II,Quintino Facci II,Zona Norte,2,1,1,42.0,175000.0,4166.66666666667,3658.03558245004,4316.94719953754
236978,Apartamento de 173m² mobiliado com 04 quartos à venda   Jardim São Luiz,Jardim Sao Luiz,Zona Sul,4,5,3,173.0,900000.0,5202.31213872832,5775.49648772587,7019.92781217448
234419,Apartamento de 124m² com 03 suítes para venda   Jardim Olhos D`água,Bonfim Paulista,Zona Sul,3,4,2,124.0,950000.0,7661.29032258065,8197.59279884853,7019.92781217448
231395,Apartamento de 137m² com 03 suítes à venda   Jardim São Luiz,Jardim Sao Luiz,Zona Sul,3,4,2,137.0,950000.0,6934.30656934307,5775.49648772587,7019.92781217448
222170,Apartamento com 109m² com 03 suítes para locação e venda   Plazas de España,Plazas de Espana,Zona Sul,3,4,2,109.0,950000.0,8715.59633027523,10740.3669724771,7019.92781217448
215912,Apartamento de 100m² com 02 suítes à venda   Jardim Botânico,Jardim Botanico,Zona Sul,2,3,2,100.0,950000.0,9500.0,7403.36272123417,7019.92781217448
207749,Apartamento de 106m² com 03 suítes à venda   Jardim Botânico,Jardim Botanico,Zona Sul,3,4,2,106.0,950000.0,8962.2641509434,7403.36272123417,7019.92781217448
187151,Apartamento de 131m² com 03 suítes à venda   Nova Aliança,Nova Alianca,Zona Sul,3,3,2,131.0,950000.0,7251.90839694657,7235.27815404702,7019.92781217448
127421,Apartamento de 107m² com 03 quartos para locação e venda   Santa Cruz do José Jacques,Santa Cruz do Jose Jacques,Zona Sul,3,3,3,107.0,950000.0,8878.5046728972,6190.18466407645,7019.92781217448
117782,Apartamento de 264m² com 03 suítes para locação   Centro,Centro,Centro,3,5,3,264.0,950000.0,3598.48484848485,3969.0889863009,4114.37759196461
109256,Apartamento de 137m² com 03 suítes para locação   Jardim Botânico,Jardim Botanico,Zona Sul,3,3,2,137.0,950000.0,6934.30656934307,7403.36272123417,7019.92781217448
107387,Apartamento de 108m² com 03 quartos para locação e venda   Jardim Olhos D`Água,Jardim Olhos DAgua,Zona Sul,3,2,2,108.0,950000.0,8796.2962962963,9706.16858313729,7019.92781217448
88007,Apartamento de 187m² com 05 quartos à venda   Vila Seixas,Vila Seixas,Centro,5,5,3,187.0,950000.0,5080.21390374332,4862.36131633665,4114.37759196461
80879,Apartamento   Padrão,Vila Seixas,Centro,4,5,3,200.0,950000.0,4750.0,4862.36131633665,4114.37759196461
187847,Apartamento de 114m² com 03 quartos para venda   Jardim Irajá,Jardim Iraja,Zona Sul,4,2,2,114.0,954000.0,8368.42105263158,5843.60369977321,7019.92781217448
96437,Ótimo apartamento próximo à Avenida João Fiúsa,Jardim Iraja,Zona Sul,4,4,3,202.0,954000.0,4722.77227722772,5843.60369977321,7019.92781217448
204365,Apartamento de 127m² com 03 suítes à venda   Nova Aliança,Nova Alianca,Zona Sul,3,4,2,127.0,910000.0,7165.35433070866,7235.27815404702,7019.92781217448
236357,Apartamento de 133m² com 03 suítes à venda   Nova Aliança,Nova Alianca,Zona Sul,3,5,1,133.0,955000.0,7180.45112781955,7235.27815404702,7019.92781217448
186317,Apartamento de 59m² com 02 quartos á venda   Ribeirânia,Ribeirania,Zona Leste,2,2,1,59.0,955000.0,16186.4406779661,6622.45012983218,4646.24632076016
224471,Apartamento de 126m² com 03 suítes à venda   Jardim Olhos D`Água,Jardim Olhos DAgua,Zona Sul,3,4,2,126.0,956437.0,7590.76984126984,9706.16858313729,7019.92781217448
223661,Apartamento de 113m² com 03 suítes à venda   Jardim Olhos D`Água,Jardim Olhos DAgua,Zona Sul,3,4,2,113.0,958460.0,8481.94690265487,9706.16858313729,7019.92781217448
236996,Apartamento de 42m² com 02 quartos à venda   Ipiranga,Ipiranga,Zona Oeste,2,1,1,42.0,96000.0,2285.71428571429,4227.19529650629,4568.83198282477
166925,APARTAMENTONO RESIDENCIAL DAS AMÉRICAS,Residencial das Americas,Zona Norte,2,1,1,42.0,96000.0,2285.71428571429,3341.29895223855,4316.94719953754
177218,Apartamento de 314m² com 04 quartos   Centro,Centro,Centro,4,4,3,314.0,630000.0,2006.36942675159,3969.0889863009,4114.37759196461
218189,Apartamento mobiliado de 143m² com 03 quartos para venda e locação   Jardim Irajá,Jardim Iraja,Zona Sul,3,4,2,143.0,899000.0,6286.71328671329,5843.60369977321,7019.92781217448
223928,Apartamento de 131m² com 03 suítes à venda   Nova Aliança,Nova Alianca,Zona Sul,3,5,2,131.0,960000.0,7328.24427480916,7235.27815404702,7019.92781217448
212876,Apartamento de 109m² com 03 quartos à venda   Jardim Olhos D`Água,Plazas de Espana,Zona Sul,3,4,2,109.0,960000.0,8807.33944954129,10740.3669724771,7019.92781217448
208853,Apartamento mobiliado de 90m² com 03 quartos à venda   Nova Aliança,Nova Alianca,Zona Sul,3,3,2,90.0,960000.0,10666.6666666667,7235.27815404702,7019.92781217448
98015,Apartamento de 106m² com 03 quartos para venda e locação   Jardim Botânico,Jardim Botanico,Zona Sul,3,4,3,106.0,960000.0,9056.60377358491,7403.36272123417,7019.92781217448
172862,Apartamento de 126m² com 03 suítes à venda   Vila Ana Maria,Nova Alianca,Zona Sul,3,4,2,126.0,962242.62,7636.84619047619,7235.27815404702,7019.92781217448
224486,Apartamento de 126m² com 03 suítes à venda   Jardim Olhos D`Água,Jardim Olhos DAgua,Zona Sul,3,4,4,126.0,968542.0,7686.84126984127,9706.16858313729,7019.92781217448
240269,Apartamento de 45m² com 02 quartos para venda   João Rossi,Jardim Joao Rossi,Zona Sul,2,1,1,45.0,97000.0,2155.55555555556,2950.48145403395,7019.92781217448
207908,Apartamento de 144m² com 03 suítes à venda   Jardim Botânico,Jardim Botanico,Zona Sul,3,4,2,144.0,970000.0,6736.11111111111,7403.36272123417,7019.92781217448
114152,Apartamento de 131m² com 03 suítes para locação e venda   Nova Aliança,Nova Alianca,Zona Sul,3,5,2,131.0,970000.0,7404.58015267176,7235.27815404702,7019.92781217448
120743,Apartamento   Padrão,Jardim Iraja,Zona Sul,3,4,2,124.0,926000.0,7467.74193548387,5843.60369977321,7019.92781217448
170474,Apartamento de 134m² com 03 quartos à venda   Jardim Olhos D`Água II,Jardim Olhos DAgua,Zona Sul,3,4,2,134.0,974700.0,7273.88059701493,9706.16858313729,7019.92781217448
172844,Apartamento de 114m² com 03 suítes à venda   Vila Ana Maria,Nova Alianca,Zona Sul,3,4,2,114.0,975106.24,8553.56350877193,7235.27815404702,7019.92781217448
188039,Apartamento de 92m² com 02 quartos à venda   Jardim Ilhas do Sul,Jardim Ilhas do Sul,Zona Sul,2,3,2,92.0,978000.0,10630.4347826087,8797.52735990227,7019.92781217448
206672,Apartamento de 132m² com 03 suítes à venda   Residencial Alto do Ipê,Residencial Alto do Ipe,Zona Sul,3,4,2,132.0,950000.0,7196.9696969697,8694.05961893228,7019.92781217448
133790,Apartamento   Padrão,Jardim Jose Wilson Toni,Zona Norte,2,1,1,42.0,98000.0,2333.33333333333,3558.22945254947,4316.94719953754
54779,Apartamento de 34m² com 01 quarto para locação   Vila Monte Alegre,Vila Monte Alegre,Zona Oeste,1,1,1,34.0,245000.0,7205.88235294118,5171.67916226382,4568.83198282477
100814,Apartamento de 86m² com 02 suítes para locação e venda   Jardim Botânico,Bosque das Juritis,Zona Sul,2,3,2,86.0,890000.0,10348.8372093023,8028.33244392152,7019.92781217448
240314,Apartamento de 97m² com 02 suítes à venda   Jardim Olhos D`Água,Jardim Olhos DAgua,Zona Sul,2,3,2,97.0,980000.0,10103.0927835052,9706.16858313729,7019.92781217448
228407,Apartamento de 100m² com 02 quartos sendo 01 suíte à venda   Jardim Irajá,Jardim Iraja,Zona Sul,2,2,2,100.0,980000.0,9800.0,5843.60369977321,7019.92781217448
212879,Apartamento de 100m² com 02 suítes para locação e venda  Jardim Botânico,Jardim Botanico,Zona Sul,2,3,2,100.0,980000.0,9800.0,7403.36272123417,7019.92781217448
163511,Apartamento de 126m² com 03 quartos à venda   Jardim Olhos D`Água II,Jardim Olhos DAgua,Zona Sul,3,4,2,126.0,980000.0,7777.77777777778,9706.16858313729,7019.92781217448
115685,Apartamento com 54m² com 2 quartos à venda   Jardim Anhanguera,Jardim Anhanguera,Zona Leste,2,1,1,54.0,183000.0,3388.88888888889,4372.03682882804,4646.24632076016
107879,Apartamento de 100m² com 03 quartos à venda   Condomínio Domaine Botanique,Jardim Iraja,Zona Sul,3,3,2,100.0,950000.0,9500.0,5843.60369977321,7019.92781217448
233639,Apartamento de 144 m² com 03 suítes à venda   Jardim Botânico.,Jardim Botanico,Zona Sul,3,5,2,144.0,990000.0,6875.0,7403.36272123417,7019.92781217448
216818,Apartamento de 84m² com 02 suítes para venda e locação   Jardim Irajá,Jardim Iraja,Zona Sul,2,3,1,84.0,990000.0,11785.7142857143,5843.60369977321,7019.92781217448
210917,Apartamento de 100m² com 03 quartos à venda   Jardim Botânico,Jardim Botanico,Zona Sul,3,3,2,100.0,990000.0,9900.0,7403.36272123417,7019.92781217448
204839,Apartamento de 95m² com 03 quartos à venda   Bosque das Juritis,Bosque das Juritis,Zona Sul,3,3,2,95.0,990000.0,10421.052631579,8028.33244392152,7019.92781217448
204074,Apartamento de 107m² com 03 quartos à venda   Jardim Botânico,Jardim Botanico,Zona Sul,3,3,2,107.0,990000.0,9252.33644859813,7403.36272123417,7019.92781217448
145538,Apartamento de 127m² com 03 suítes à venda   Nova Aliança,Nova Alianca,Zona Sul,3,4,2,127.0,990000.0,7795.27559055118,7235.27815404702,7019.92781217448
196367,Apartamento de 97m² com 02 suítes à venda   Jardim Olhos D`Água,Jardim Olhos DAgua,Zona Sul,2,3,2,97.0,995000.0,10257.7319587629,9706.16858313729,7019.92781217448
224468,Apartamento de 126m² com 03 suítes à venda   Jardim Olhos D`Água,Jardim Olhos DAgua,Zona Sul,3,4,2,126.0,996475.0,7908.53174603175,9706.16858313729,7019.92781217448
236822,Apartamento de 132m² com 02 suítes á venda   Jardim Botânico,Jardim Botanico,Zona Sul,2,4,2,132.0,998000.0,7560.60606060606,7403.36272123417,7019.92781217448
